General Ledger,,,,,,,,,
"Johnson Family Dentistry, PLLC",,,,,,,,,
"January 1-December 31, 2023",,,,,,,,,
,,,,,,,,,
,Distribution account,Transaction date,Transaction type,Num,Name,Memo/Description,Split account,Amount,Balance
216 Accumulated Depreciation,,,,,,,,,
,Beginning Balance,,,,,,,,"-960,870.00"
,216 Accumulated Depreciation,01/01/2023,Journal Entry,CPA 09,,,,"-1,657.75","-962,527.75"
,216 Accumulated Depreciation,02/01/2023,Journal Entry,CPA 10,,,,"-1,657.75","-964,185.50"
,216 Accumulated Depreciation,03/01/2023,Journal Entry,CPA 11,,,,"-1,657.75","-965,843.25"
,216 Accumulated Depreciation,04/01/2023,Journal Entry,CPA 7,,,,"-1,657.75","-967,501.00"
,216 Accumulated Depreciation,05/01/2023,Journal Entry,CPA 9,,,,"-1,657.75","-969,158.75"
,216 Accumulated Depreciation,06/01/2023,Journal Entry,BK2,,,,"-1,657.75","-970,816.50"
,216 Accumulated Depreciation,07/01/2023,Journal Entry,CPA 03,,,,"-1,657.75","-972,474.25"
,216 Accumulated Depreciation,08/01/2023,Journal Entry,BK 3,,,,"-1,657.75","-974,132.00"
,216 Accumulated Depreciation,09/01/2023,Journal Entry,BK 4,,,,"-1,657.75","-975,789.75"
,216 Accumulated Depreciation,10/01/2023,Journal Entry,CPA 03r,,,,"-1,657.75","-977,447.50"
,216 Accumulated Depreciation,11/01/2023,Journal Entry,BK 2,,,,"-1,657.75","-979,105.25"
,216 Accumulated Depreciation,12/01/2023,Journal Entry,BK 3,,,,"-1,657.75","-980,763.00"
Total for 216 Accumulated Depreciation,,,,,,,,"-$19,893.00",
103 Cash in BOA 0693,,,,,,,,,
,Beginning Balance,,,,,,,,"90,724.83"
,103 Cash in BOA 0693,01/01/2023,Check,2412,Ono Kesslering,,Refunds,-14.40,"90,710.43"
,103 Cash in BOA 0693,01/01/2023,Check,2369,Colleen Davis,,Refunds,-36.00,"90,674.43"
,103 Cash in BOA 0693,01/01/2023,Check,2401,Blake Wood,,Refunds,-36.00,"90,638.43"
,103 Cash in BOA 0693,01/01/2023,Check,2356,Carlos Coker,,Refunds,-196.00,"90,442.43"
,103 Cash in BOA 0693,01/01/2023,Check,2397,Yvonne Goodnight,,Refunds,-110.16,"90,332.27"
,103 Cash in BOA 0693,01/01/2023,Check,2411,Mike Vlachos,,Refunds,-36.00,"90,296.27"
,103 Cash in BOA 0693,01/01/2023,Check,2376,Brittany Faust,,Refunds,-38.20,"90,258.07"
,103 Cash in BOA 0693,01/01/2023,Check,2367,Anthony Johnson,,Refunds,-77.48,"90,180.59"
,103 Cash in BOA 0693,01/01/2023,Check,2410,Humberto Espinoza,,Refunds,-25.00,"90,155.59"
,103 Cash in BOA 0693,01/01/2023,Check,2392,Vernon Wessel,,Refunds,-9.50,"90,146.09"
,103 Cash in BOA 0693,01/03/2023,Deposit,,MetLife,,Fees,176.00,"90,322.09"
,103 Cash in BOA 0693,01/03/2023,Deposit,,MetLife,,Fees,214.00,"90,536.09"
,103 Cash in BOA 0693,01/03/2023,Expense,,Transfer Fee,,Office Supplies,-1.00,"90,535.09"
,103 Cash in BOA 0693,01/03/2023,Expense,,Bank Of America,,Credit Card Payable,"-19,136.22","71,398.87"
,103 Cash in BOA 0693,01/04/2023,Deposit,,Delta,,Fees,186.00,"71,584.87"
,103 Cash in BOA 0693,01/04/2023,Deposit,,Oregon Dental SV,,Fees,"2,020.20","73,605.07"
,103 Cash in BOA 0693,01/04/2023,Deposit,,Delta Dental,,Fees,552.00,"74,157.07"
,103 Cash in BOA 0693,01/05/2023,Deposit,,Delta Dental,,Fees,"1,293.00","75,450.07"
,103 Cash in BOA 0693,01/05/2023,Deposit,,Delta,,Fees,150.00,"75,600.07"
,103 Cash in BOA 0693,01/05/2023,Expense,,Dr. Johnson's Withdrawal,,Johnson Transfer Withdrawals,"-6,000.00","69,600.07"
,103 Cash in BOA 0693,01/06/2023,Deposit,,Delta Dental,,Fees,"2,674.20","72,274.27"
,103 Cash in BOA 0693,01/06/2023,Expense,,Transfer Fee,,Office Supplies,-1.00,"72,273.27"
,103 Cash in BOA 0693,01/06/2023,Deposit,,Wa St Hca,,Fees,"8,983.42","81,256.69"
,103 Cash in BOA 0693,01/06/2023,Expense,,Fluence,,Legal & Professional Fees,"-4,000.00","77,256.69"
,103 Cash in BOA 0693,01/06/2023,Expense,,ADP,,Payroll Service,-112.34,"77,144.35"
,103 Cash in BOA 0693,01/09/2023,Deposit,,Delta,,Fees,193.00,"77,337.35"
,103 Cash in BOA 0693,01/10/2023,Deposit,,Oregon Dental SV,,Fees,"1,062.00","78,399.35"
,103 Cash in BOA 0693,01/10/2023,Expense,,Kaiser Permanente,,,"-3,409.65","74,989.70"
,103 Cash in BOA 0693,01/11/2023,Deposit,,Delta Dental,,Fees,186.00,"75,175.70"
,103 Cash in BOA 0693,01/12/2023,Deposit,,Delta Dental,,Fees,368.00,"75,543.70"
,103 Cash in BOA 0693,01/12/2023,Expense,,ADP,,Payroll Clearing,"-5,247.85","70,295.85"
,103 Cash in BOA 0693,01/12/2023,Expense,,ADP,,Payroll Clearing,"-16,632.30","53,663.55"
,103 Cash in BOA 0693,01/12/2023,Check,2421,Christeen Smith,,Refunds,-35.00,"53,628.55"
,103 Cash in BOA 0693,01/12/2023,Check,2419,Cedrick White,,Refunds,-73.84,"53,554.71"
,103 Cash in BOA 0693,01/12/2023,Check,2416,Sacsha Forsstrom,,Refunds,-25.00,"53,529.71"
,103 Cash in BOA 0693,01/12/2023,Check,2423,LSCMC Medical Staff,,Dues & Subscriptions,-200.00,"53,329.71"
,103 Cash in BOA 0693,01/12/2023,Check,2417,Eli Webb,,Refunds,-10.60,"53,319.11"
,103 Cash in BOA 0693,01/12/2023,Check,2420,Pavl Tanca,,Refunds,-32.83,"53,286.28"
,103 Cash in BOA 0693,01/12/2023,Check,2415,Oscar Godson,,Refunds,-59.40,"53,226.88"
,103 Cash in BOA 0693,01/13/2023,Deposit,,Wa St Hca,,Fees,"16,591.19","69,818.07"
,103 Cash in BOA 0693,01/13/2023,Deposit,,Delta Dental,,Fees,"1,303.95","71,122.02"
,103 Cash in BOA 0693,01/13/2023,Expense,,Pacific Crest Plaza Condo Assoc,,Rent,"-1,895.63","69,226.39"
,103 Cash in BOA 0693,01/13/2023,Expense,,adcoa,,Dental Supplies,-81.00,"69,145.39"
,103 Cash in BOA 0693,01/13/2023,Expense,,Allstate,,Auto Expense,-417.51,"68,727.88"
,103 Cash in BOA 0693,01/13/2023,Expense,,Dr. Johnson's Withdrawal,,Johnson Transfer Withdrawals,"-4,000.00","64,727.88"
,103 Cash in BOA 0693,01/17/2023,Deposit,,Oregon Dental SV,,Fees,502.00,"65,229.88"
,103 Cash in BOA 0693,01/17/2023,Deposit,,Delta Dental,,Fees,329.00,"65,558.88"
,103 Cash in BOA 0693,01/17/2023,Deposit,,Delta Dental,,Fees,157.00,"65,715.88"
,103 Cash in BOA 0693,01/17/2023,Expense,,IRS,,Tax Estimates,"-87,500.00","-21,784.12"
,103 Cash in BOA 0693,01/17/2023,Expense,,Transfer Fee,,Office Supplies,-1.00,"-21,785.12"
,103 Cash in BOA 0693,01/17/2023,Expense,,Transfer,,BOA Secondary Checking 0246,"30,000.00","8,214.88"
,103 Cash in BOA 0693,01/18/2023,Deposit,,Oregon Dental SV,,Fees,"1,017.00","9,231.88"
,103 Cash in BOA 0693,01/18/2023,Deposit,,UMR,,Fees,250.00,"9,481.88"
,103 Cash in BOA 0693,01/18/2023,Expense,,AFLAC,,Employee Benefits,-647.34,"8,834.54"
,103 Cash in BOA 0693,01/20/2023,Deposit,,Wa St Hca,,Fees,"22,309.77","31,144.31"
,103 Cash in BOA 0693,01/20/2023,Deposit,,Delta Dental,,Fees,"2,544.00","33,688.31"
,103 Cash in BOA 0693,01/20/2023,Expense,,ADP,,Payroll Service,-131.29,"33,557.02"
,103 Cash in BOA 0693,01/20/2023,Expense,,Dr. Johnson's Withdrawal,,Johnson Transfer Withdrawals,"-6,000.00","27,557.02"
,103 Cash in BOA 0693,01/23/2023,Deposit,,MetLife,,Fees,136.00,"27,693.02"
,103 Cash in BOA 0693,01/23/2023,Expense,,Reliable mechanical,,Repairs & Maintenance,-161.56,"27,531.46"
,103 Cash in BOA 0693,01/23/2023,Expense,,Allen Dental,,Dental Supplies,-199.42,"27,332.04"
,103 Cash in BOA 0693,01/23/2023,Expense,,Patterson,,Dental Supplies,-162.63,"27,169.41"
,103 Cash in BOA 0693,01/23/2023,Expense,,Transfer Fee,,Office Supplies,-1.00,"27,168.41"
,103 Cash in BOA 0693,01/23/2023,Expense,,Zimworks,,Practice Consultants,"-1,735.00","25,433.41"
,103 Cash in BOA 0693,01/24/2023,Deposit,,Delta,,Fees,793.20,"26,226.61"
,103 Cash in BOA 0693,01/24/2023,Deposit,,Oregon Dental SV,,Fees,430.80,"26,657.41"
,103 Cash in BOA 0693,01/25/2023,Expense,,The Hartford,,Malpractice Insurance,-648.60,"26,008.81"
,103 Cash in BOA 0693,01/26/2023,Deposit,,Delta Dental,,Fees,602.00,"26,610.81"
,103 Cash in BOA 0693,01/27/2023,Deposit,,Wa St Hca,,Fees,"27,656.23","54,267.04"
,103 Cash in BOA 0693,01/27/2023,Deposit,,Delta Dental,,Fees,"2,475.80","56,742.84"
,103 Cash in BOA 0693,01/27/2023,Deposit,,MetLife,,Fees,562.00,"57,304.84"
,103 Cash in BOA 0693,01/27/2023,Deposit,,Delta,,Fees,276.80,"57,581.64"
,103 Cash in BOA 0693,01/27/2023,Deposit,,MetLife,,Fees,272.00,"57,853.64"
,103 Cash in BOA 0693,01/27/2023,Expense,,ADP,,Payroll Service,-149.78,"57,703.86"
,103 Cash in BOA 0693,01/27/2023,Expense,,Fluence,,Legal & Professional Fees,"-3,000.00","54,703.86"
,103 Cash in BOA 0693,01/27/2023,Deposit,,Transfer,,BOA Secondary Checking 0246,"-5,000.00","49,703.86"
,103 Cash in BOA 0693,01/27/2023,Check,2425,Michelle Swinehart,,Refunds,-70.00,"49,633.86"
,103 Cash in BOA 0693,01/27/2023,Check,2424,Willie Yuan,,Refunds,-111.00,"49,522.86"
,103 Cash in BOA 0693,01/27/2023,Check,2426,Rashauna Doublin,,Refunds,-13.32,"49,509.54"
,103 Cash in BOA 0693,01/30/2023,Deposit,,Delta,,Fees,565.00,"50,074.54"
,103 Cash in BOA 0693,01/30/2023,Expense,,ADP,,Payroll Clearing,"-5,221.78","44,852.76"
,103 Cash in BOA 0693,01/30/2023,Expense,,ADP,,Payroll Clearing,"-16,267.03","28,585.73"
,103 Cash in BOA 0693,01/31/2023,Deposit,,Oregon Dental SV,,Fees,"1,065.00","29,650.73"
,103 Cash in BOA 0693,01/31/2023,Expense,,Dr. Johnson's Withdrawal,,Johnson Transfer Withdrawals,"-4,000.00","25,650.73"
,103 Cash in BOA 0693,02/01/2023,Expense,,Debra Jensen,,Janitorial Services & Supplies,-700.00,"24,950.73"
,103 Cash in BOA 0693,02/01/2023,Expense,,ADP,,Payroll Service,-218.40,"24,732.33"
,103 Cash in BOA 0693,02/01/2023,Expense,,Transfer Fee,,Office Supplies,-1.00,"24,731.33"
,103 Cash in BOA 0693,02/02/2023,Deposit,,Delta Dental,,Fees,"2,875.60","27,606.93"
,103 Cash in BOA 0693,02/02/2023,Credit Card Payment,,Bank Of America,,Credit Card Payable,"-21,472.60","6,134.33"
,103 Cash in BOA 0693,02/03/2023,Deposit,,Wa St Hca,,Fees,"40,660.16","46,794.49"
,103 Cash in BOA 0693,02/03/2023,Deposit,,Delta Dental,,Fees,"3,630.57","50,425.06"
,103 Cash in BOA 0693,02/03/2023,Deposit,,MetLife,,Fees,243.00,"50,668.06"
,103 Cash in BOA 0693,02/03/2023,Deposit,,Delta Dental,,Fees,206.40,"50,874.46"
,103 Cash in BOA 0693,02/03/2023,Deposit,,MetLife,,Fees,151.00,"51,025.46"
,103 Cash in BOA 0693,02/03/2023,Deposit,,MetLife,,Fees,136.00,"51,161.46"
,103 Cash in BOA 0693,02/03/2023,Expense,,Dr. Johnson's Withdrawal,,Johnson Transfer Withdrawals,"-6,000.00","45,161.46"
,103 Cash in BOA 0693,02/03/2023,Expense,,Harris Biomedical,,Staff Seminars & Continuing Ed,-840.39,"44,321.07"
,103 Cash in BOA 0693,02/03/2023,Expense,,adcoa,,Dental Supplies,-58.40,"44,262.67"
,103 Cash in BOA 0693,02/03/2023,Expense,,ADP,,Payroll Service,-112.34,"44,150.33"
,103 Cash in BOA 0693,02/06/2023,Deposit,,Delta,,Fees,485.00,"44,635.33"
,103 Cash in BOA 0693,02/06/2023,Expense,,Transfer Fee,,Office Supplies,-1.00,"44,634.33"
,103 Cash in BOA 0693,02/07/2023,Deposit,,Oregon Dental SV,,Fees,"2,881.00","47,515.33"
,103 Cash in BOA 0693,02/07/2023,Expense,,Kaiser Permanente,,,"-3,409.65","44,105.68"
,103 Cash in BOA 0693,02/08/2023,Deposit,,Delta Dental,,Fees,"1,313.60","45,419.28"
,103 Cash in BOA 0693,02/08/2023,Deposit,,Delta,,Fees,386.00,"45,805.28"
,103 Cash in BOA 0693,02/08/2023,Deposit,,Delta,,Fees,157.00,"45,962.28"
,103 Cash in BOA 0693,02/09/2023,Deposit,,Delta Dental,,Fees,193.00,"46,155.28"
,103 Cash in BOA 0693,02/09/2023,Deposit,,MetLife,,Fees,136.00,"46,291.28"
,103 Cash in BOA 0693,02/09/2023,Check,2432,Jeffrey Domingo,,Refunds,-10.80,"46,280.48"
,103 Cash in BOA 0693,02/09/2023,Check,2430,Joshua Lewis,,Refunds,-44.00,"46,236.48"
,103 Cash in BOA 0693,02/09/2023,Check,2427,Michael Owen,,Refunds,-92.00,"46,144.48"
,103 Cash in BOA 0693,02/09/2023,Check,2428,Penny Vital,,Refunds,-558.40,"45,586.08"
,103 Cash in BOA 0693,02/09/2023,Check,2431,Jason Burger,,Refunds,-180.00,"45,406.08"
,103 Cash in BOA 0693,02/10/2023,Deposit,,Wa St Hca,,Fees,"32,888.89","78,294.97"
,103 Cash in BOA 0693,02/10/2023,Deposit,,Delta Dental,,Fees,"3,513.95","81,808.92"
,103 Cash in BOA 0693,02/10/2023,Deposit,,MetLife,,Fees,552.00,"82,360.92"
,103 Cash in BOA 0693,02/10/2023,Deposit,,MetLife,,Fees,359.00,"82,719.92"
,103 Cash in BOA 0693,02/10/2023,Deposit,,Syncrony Bank,,Fees,296.42,"83,016.34"
,103 Cash in BOA 0693,02/10/2023,Deposit,,MetLife,,Fees,166.00,"83,182.34"
,103 Cash in BOA 0693,02/14/2023,Deposit,,Oregon Dental SV,,Fees,"3,885.10","87,067.44"
,103 Cash in BOA 0693,02/14/2023,Deposit,,Delta,,Fees,350.00,"87,417.44"
,103 Cash in BOA 0693,02/14/2023,Expense,,ADP,,Payroll Clearing,"-6,274.64","81,142.80"
,103 Cash in BOA 0693,02/14/2023,Expense,,ADP,,Payroll Clearing,"-18,987.13","62,155.67"
,103 Cash in BOA 0693,02/14/2023,Expense,,Allstate,,Auto Expense,-417.51,"61,738.16"
,103 Cash in BOA 0693,02/14/2023,Expense,,AFLAC,,Employee Benefits,-431.56,"61,306.60"
,103 Cash in BOA 0693,02/15/2023,Deposit,,Delta Dental,,Fees,193.00,"61,499.60"
,103 Cash in BOA 0693,02/15/2023,Deposit,,Oregon Dental SV,,Fees,128.00,"61,627.60"
,103 Cash in BOA 0693,02/15/2023,Expense,,Dr. Johnson's Withdrawal,,Johnson Transfer Withdrawals,"-4,000.00","57,627.60"
,103 Cash in BOA 0693,02/16/2023,Deposit,,Delta Dental,,Fees,"1,549.60","59,177.20"
,103 Cash in BOA 0693,02/16/2023,Deposit,,Delta,,Fees,193.00,"59,370.20"
,103 Cash in BOA 0693,02/16/2023,Expense,,Tess Oral Health,,Dental Supplies,"-1,327.47","58,042.73"
,103 Cash in BOA 0693,02/16/2023,Expense,,Transfer Fee,,Office Supplies,-1.00,"58,041.73"
,103 Cash in BOA 0693,02/17/2023,Deposit,,Wa St Hca,,Fees,"39,007.45","97,049.18"
,103 Cash in BOA 0693,02/17/2023,Deposit,,Delta Dental,,Fees,"3,553.60","100,602.78"
,103 Cash in BOA 0693,02/17/2023,Deposit,,MetLife,,Fees,135.00,"100,737.78"
,103 Cash in BOA 0693,02/17/2023,Expense,,Dr. Johnson's Withdrawal,,Johnson Transfer Withdrawals,"-6,000.00","94,737.78"
,103 Cash in BOA 0693,02/17/2023,Expense,,Fluence,,Legal & Professional Fees,"-3,000.00","91,737.78"
,103 Cash in BOA 0693,02/17/2023,Expense,,ADP,,Payroll Service,-18.95,"91,718.83"
,103 Cash in BOA 0693,02/21/2023,Deposit,,Delta,,Fees,686.00,"92,404.83"
,103 Cash in BOA 0693,02/21/2023,Expense,,Transfer Fee,,Office Supplies,-1.00,"92,403.83"
,103 Cash in BOA 0693,02/22/2023,Deposit,,Oregon Dental SV,,Fees,"1,517.40","93,921.23"
,103 Cash in BOA 0693,02/22/2023,Deposit,,Delta Dental,,Fees,193.00,"94,114.23"
,103 Cash in BOA 0693,02/23/2023,Deposit,,Delta Dental,,Fees,"1,526.40","95,640.63"
,103 Cash in BOA 0693,02/24/2023,Deposit,,Wa St Hca,,Fees,"13,459.02","109,099.65"
,103 Cash in BOA 0693,02/24/2023,Deposit,,Delta Dental,,Fees,"1,243.60","110,343.25"
,103 Cash in BOA 0693,02/24/2023,Deposit,,Delta Dental,,Fees,703.80,"111,047.05"
,103 Cash in BOA 0693,02/24/2023,Deposit,,MetLife,,Fees,153.00,"111,200.05"
,103 Cash in BOA 0693,02/24/2023,Deposit,,MetLife,,Fees,88.00,"111,288.05"
,103 Cash in BOA 0693,02/24/2023,Expense,,ADP,,Payroll Service,-149.78,"111,138.27"
,103 Cash in BOA 0693,02/24/2023,Expense,,ADP,,Payroll Service,-112.34,"111,025.93"
,103 Cash in BOA 0693,02/27/2023,Expense,,The Hartford,,Malpractice Insurance,-648.60,"110,377.33"
,103 Cash in BOA 0693,02/27/2023,Expense,,Zimworks,,Practice Consultants,"-1,735.00","108,642.33"
,103 Cash in BOA 0693,02/28/2023,Deposit,,Oregon Dental SV,,Fees,"2,508.40","111,150.73"
,103 Cash in BOA 0693,02/28/2023,Expense,,ADP,,Payroll Clearing,"-11,918.43","99,232.30"
,103 Cash in BOA 0693,03/01/2023,Deposit,,MetLife,,Fees,624.00,"99,856.30"
,103 Cash in BOA 0693,03/01/2023,Deposit,,MetLife,,Fees,532.00,"100,388.30"
,103 Cash in BOA 0693,03/01/2023,Deposit,,Delta,,Fees,269.00,"100,657.30"
,103 Cash in BOA 0693,03/01/2023,Deposit,,Dentegra,,Fees,177.00,"100,834.30"
,103 Cash in BOA 0693,03/01/2023,Expense,,ADP,,Payroll Clearing,"-3,380.54","97,453.76"
,103 Cash in BOA 0693,03/01/2023,Expense,,Debra Jensen,,Janitorial Services & Supplies,-700.00,"96,753.76"
,103 Cash in BOA 0693,03/01/2023,Check,2433,Debra Jensen,,Janitorial Services & Supplies,-700.00,"96,053.76"
,103 Cash in BOA 0693,03/02/2023,Deposit,,Delta Dental,,Fees,566.00,"96,619.76"
,103 Cash in BOA 0693,03/02/2023,Deposit,,Delta Dental,,Fees,246.00,"96,865.76"
,103 Cash in BOA 0693,03/02/2023,Expense,,Dr. Johnson's Withdrawal,,Johnson Transfer Withdrawals,"-4,000.00","92,865.76"
,103 Cash in BOA 0693,03/02/2023,Check,2439,Scott Bauman,,Refunds,-79.52,"92,786.24"
,103 Cash in BOA 0693,03/02/2023,Check,2440,Kimberly Fahey,,Refunds,-12.10,"92,774.14"
,103 Cash in BOA 0693,03/02/2023,Check,2438,Nicole Dio,,Refunds,-36.00,"92,738.14"
,103 Cash in BOA 0693,03/02/2023,Check,2436,Zuelen Roblero,,Refunds,-72.00,"92,666.14"
,103 Cash in BOA 0693,03/02/2023,Check,2435,Davin Hervi,,Refunds,-274.80,"92,391.34"
,103 Cash in BOA 0693,03/03/2023,Deposit,,Wa St Hca,,Fees,"9,058.01","101,449.35"
,103 Cash in BOA 0693,03/03/2023,Deposit,,Delta Dental,,Fees,660.97,"102,110.32"
,103 Cash in BOA 0693,03/03/2023,Deposit,,MetLife,,Fees,302.00,"102,412.32"
,103 Cash in BOA 0693,03/03/2023,Deposit,,Syncrony Bank,,Fees,192.31,"102,604.63"
,103 Cash in BOA 0693,03/03/2023,Deposit,,Delta Dental,,Fees,14.40,"102,619.03"
,103 Cash in BOA 0693,03/03/2023,Expense,,Transfer Fee,,Office Supplies,-1.00,"102,618.03"
,103 Cash in BOA 0693,03/06/2023,Deposit,,MetLife,,Fees,88.00,"102,706.03"
,103 Cash in BOA 0693,03/06/2023,Expense,,Dr. Johnson's Withdrawal,,Johnson Transfer Withdrawals,"-6,000.00","96,706.03"
,103 Cash in BOA 0693,03/06/2023,Credit Card Payment,,Bank Of America,,Credit Card Payable,"-27,336.47","69,369.56"
,103 Cash in BOA 0693,03/06/2023,Expense,,Regence Blue Cross,,Employee Benefits,"-3,249.23","66,120.33"
,103 Cash in BOA 0693,03/06/2023,Expense,,Henry Schein,,Repairs & Maintenance,-109.42,"66,010.91"
,103 Cash in BOA 0693,03/06/2023,Check,2443,Nicholas Tarter,,Refunds,-189.70,"65,821.21"
,103 Cash in BOA 0693,03/06/2023,Check,2444,LEMC Medical Staff,,Dues & Subscriptions,-225.00,"65,596.21"
,103 Cash in BOA 0693,03/06/2023,Check,2442,Lyndsey Russell,,Refunds,-36.00,"65,560.21"
,103 Cash in BOA 0693,03/07/2023,Deposit,,Oregon Dental SV,,Fees,632.00,"66,192.21"
,103 Cash in BOA 0693,03/07/2023,Expense,,Transfer Fee,,Office Supplies,-1.00,"66,191.21"
,103 Cash in BOA 0693,03/10/2023,Deposit,,Wa St Hca,,Fees,"11,751.40","77,942.61"
,103 Cash in BOA 0693,03/10/2023,Deposit,,Delta Dental,,Fees,"2,151.75","80,094.36"
,103 Cash in BOA 0693,03/10/2023,Deposit,,MetLife,,Fees,570.20,"80,664.56"
,103 Cash in BOA 0693,03/10/2023,Deposit,,Delta Dental,,Fees,268.20,"80,932.76"
,103 Cash in BOA 0693,03/10/2023,Deposit,,MetLife,,Fees,206.00,"81,138.76"
,103 Cash in BOA 0693,03/10/2023,Expense,,Reliable mechanical,,Repairs & Maintenance,-161.56,"80,977.20"
,103 Cash in BOA 0693,03/10/2023,Expense,,adcoa,,Dental Supplies,-648.85,"80,328.35"
,103 Cash in BOA 0693,03/10/2023,Expense,,Allen Dental,,Dental Supplies,-430.64,"79,897.71"
,103 Cash in BOA 0693,03/10/2023,Expense,,ADP,,Payroll Service,-107.31,"79,790.40"
,103 Cash in BOA 0693,03/14/2023,Expense,,ADP,,Payroll Clearing,"-4,636.38","75,154.02"
,103 Cash in BOA 0693,03/14/2023,Deposit,,Delta,,Fees,157.00,"75,311.02"
,103 Cash in BOA 0693,03/14/2023,Expense,,ADP,,Payroll Clearing,"-15,001.58","60,309.44"
,103 Cash in BOA 0693,03/14/2023,Expense,,Allstate,,Auto Expense,-417.51,"59,891.93"
,103 Cash in BOA 0693,03/15/2023,Deposit,,Delta Dental,,Fees,726.00,"60,617.93"
,103 Cash in BOA 0693,03/15/2023,Deposit,,Delta,,Fees,509.60,"61,127.53"
,103 Cash in BOA 0693,03/16/2023,Deposit,,Delta Dental,,Fees,240.00,"61,367.53"
,103 Cash in BOA 0693,03/17/2023,Deposit,,Delta Dental,,Fees,"2,397.40","63,764.93"
,103 Cash in BOA 0693,03/17/2023,Deposit,,Wa St Hca,,Fees,"32,737.35","96,502.28"
,103 Cash in BOA 0693,03/17/2023,Deposit,,Syncrony Bank,,Fees,202.31,"96,704.59"
,103 Cash in BOA 0693,03/17/2023,Deposit,,MetLife,,Fees,30.00,"96,734.59"
,103 Cash in BOA 0693,03/17/2023,Expense,,Dr. Johnson's Withdrawal,,Johnson Transfer Withdrawals,"-4,000.00","92,734.59"
,103 Cash in BOA 0693,03/17/2023,Expense,,Reliable mechanical,,Repairs & Maintenance,-161.56,"92,573.03"
,103 Cash in BOA 0693,03/17/2023,Expense,,Pacific Crest Plaza Condo Assoc,,Rent,"-1,949.99","90,623.04"
,103 Cash in BOA 0693,03/17/2023,Expense,,adcoa,,Dental Supplies,-35.81,"90,587.23"
,103 Cash in BOA 0693,03/20/2023,Deposit,,MetLife,,Fees,42.40,"90,629.63"
,103 Cash in BOA 0693,03/20/2023,Expense,,Transfer Fee,,Office Supplies,-1.00,"90,628.63"
,103 Cash in BOA 0693,03/20/2023,Expense,,Zimworks,,Practice Consultants,"-1,735.00","88,893.63"
,103 Cash in BOA 0693,03/21/2023,Deposit,,Oregon Dental SV,,Fees,"5,283.60","94,177.23"
,103 Cash in BOA 0693,03/21/2023,Expense,,Dr. Johnson's Withdrawal,,Johnson Transfer Withdrawals,"-6,000.00","88,177.23"
,103 Cash in BOA 0693,03/21/2023,Expense,,AFLAC,,Employee Benefits,-256.08,"87,921.15"
,103 Cash in BOA 0693,03/21/2023,Check,2445,Mariana Lopez,,Payroll Clearing,"-1,000.00","86,921.15"
,103 Cash in BOA 0693,03/22/2023,Expense,,Transfer Fee,,Office Supplies,-1.00,"86,920.15"
,103 Cash in BOA 0693,03/23/2023,Deposit,,Delta Dental,,Fees,319.00,"87,239.15"
,103 Cash in BOA 0693,03/23/2023,Check,2448,Leonel Rivera,,Refunds,-16.40,"87,222.75"
,103 Cash in BOA 0693,03/23/2023,Check,2447,David Edwards,,Refunds,-132.00,"87,090.75"
,103 Cash in BOA 0693,03/23/2023,Check,2446,Megan Mclay,,Refunds,-82.50,"87,008.25"
,103 Cash in BOA 0693,03/24/2023,Deposit,,Delta Dental,,Fees,"4,516.80","91,525.05"
,103 Cash in BOA 0693,03/24/2023,Deposit,,Wa St Hca,,Fees,"31,605.86","123,130.91"
,103 Cash in BOA 0693,03/24/2023,Deposit,,MetLife,,Fees,166.00,"123,296.91"
,103 Cash in BOA 0693,03/24/2023,Deposit,,MetLife,,Fees,136.00,"123,432.91"
,103 Cash in BOA 0693,03/24/2023,Expense,,HF Acquisition,,Dental Supplies,-408.15,"123,024.76"
,103 Cash in BOA 0693,03/24/2023,Expense,,Fluence,,Legal & Professional Fees,"-1,500.00","121,524.76"
,103 Cash in BOA 0693,03/24/2023,Expense,,ADP,,Payroll Service,-128.77,"121,395.99"
,103 Cash in BOA 0693,03/27/2023,Deposit,,Delta Dental,,Fees,193.00,"121,588.99"
,103 Cash in BOA 0693,03/27/2023,Expense,,The Hartford,,Malpractice Insurance,-648.60,"120,940.39"
,103 Cash in BOA 0693,03/28/2023,Deposit,,Delta Dental,,Fees,157.00,"121,097.39"
,103 Cash in BOA 0693,03/28/2023,Expense,,Regence Blue Cross,,Employee Benefits,"-3,249.23","117,848.16"
,103 Cash in BOA 0693,03/29/2023,Deposit,,Delta Dental,,Fees,692.00,"118,540.16"
,103 Cash in BOA 0693,03/29/2023,Deposit,,Delta,,Fees,684.60,"119,224.76"
,103 Cash in BOA 0693,03/29/2023,Deposit,,Oregon Dental SV,,Fees,582.00,"119,806.76"
,103 Cash in BOA 0693,03/29/2023,Deposit,,Delta,,Fees,218.40,"120,025.16"
,103 Cash in BOA 0693,03/29/2023,Deposit,,Delta,,Fees,193.00,"120,218.16"
,103 Cash in BOA 0693,03/30/2023,Deposit,,MetLife,,Fees,166.00,"120,384.16"
,103 Cash in BOA 0693,03/30/2023,Deposit,,Delta Dental,,Fees,157.00,"120,541.16"
,103 Cash in BOA 0693,03/30/2023,Expense,,ADP,,Payroll Clearing,"-5,582.56","114,958.60"
,103 Cash in BOA 0693,03/30/2023,Expense,,ADP,,Payroll Clearing,"-17,160.59","97,798.01"
,103 Cash in BOA 0693,03/31/2023,Deposit,,Wa St Hca,,Fees,"21,429.06","119,227.07"
,103 Cash in BOA 0693,03/31/2023,Deposit,,Delta Dental,,Fees,"3,679.17","122,906.24"
,103 Cash in BOA 0693,03/31/2023,Deposit,,MetLife,,Fees,230.00,"123,136.24"
,103 Cash in BOA 0693,03/31/2023,Deposit,,Delta Dental,,Fees,147.60,"123,283.84"
,103 Cash in BOA 0693,03/31/2023,Expense,,Debra Jensen,,Janitorial Services & Supplies,-700.00,"122,583.84"
,103 Cash in BOA 0693,03/31/2023,Expense,,Dr. Johnson's Withdrawal,,Johnson Transfer Withdrawals,"-4,000.00","118,583.84"
,103 Cash in BOA 0693,03/31/2023,Expense,,ADP,,Payroll Service,-147.18,"118,436.66"
,103 Cash in BOA 0693,04/01/2023,Check,2437,Sarah Henderson,,Refunds,-10.00,"118,426.66"
,103 Cash in BOA 0693,04/03/2023,Deposit,,Delta Dental,,Fees,372.00,"118,798.66"
,103 Cash in BOA 0693,04/03/2023,Deposit,,Delta Dental,,Fees,193.00,"118,991.66"
,103 Cash in BOA 0693,04/03/2023,Credit Card Payment,,Bank Of America,,Credit Card Payable,"-13,594.81","105,396.85"
,103 Cash in BOA 0693,04/03/2023,Expense,,Pacific Crest Plaza Condo Assoc,,Rent,"-1,954.13","103,442.72"
,103 Cash in BOA 0693,04/03/2023,Expense,,adcoa,,Dental Supplies,-51.00,"103,391.72"
,103 Cash in BOA 0693,04/03/2023,Expense,,Transfer Fee,,Office Supplies,-1.00,"103,390.72"
,103 Cash in BOA 0693,04/03/2023,Deposit,,Transfer,,Cash in BOA 0716,"-50,000.00","53,390.72"
,103 Cash in BOA 0693,04/04/2023,Deposit,,Oregon Dental SV,,Fees,"3,437.30","56,828.02"
,103 Cash in BOA 0693,04/04/2023,Deposit,,Delta,,Fees,314.20,"57,142.22"
,103 Cash in BOA 0693,04/04/2023,Deposit,,ADP,,Payroll Clearing,135.65,"57,277.87"
,103 Cash in BOA 0693,04/05/2023,Expense,,Dr. Johnson's Withdrawal,,Johnson Transfer Withdrawals,"-6,000.00","51,277.87"
,103 Cash in BOA 0693,04/06/2023,Deposit,,MetLife,,Fees,272.00,"51,549.87"
,103 Cash in BOA 0693,04/06/2023,Deposit,,MetLife,,Fees,166.00,"51,715.87"
,103 Cash in BOA 0693,04/06/2023,Expense,,Transfer Fee,,Office Supplies,-1.00,"51,714.87"
,103 Cash in BOA 0693,04/07/2023,Deposit,,Delta Dental,,Fees,"2,121.50","53,836.37"
,103 Cash in BOA 0693,04/07/2023,Deposit,,Wa St Hca,,Fees,"25,848.81","79,685.18"
,103 Cash in BOA 0693,04/07/2023,Expense,,ADP,,Payroll Service,-112.34,"79,572.84"
,103 Cash in BOA 0693,04/10/2023,Deposit,,Syncrony Bank,,Fees,706.31,"80,279.15"
,103 Cash in BOA 0693,04/11/2023,Deposit,,Oregon Dental SV,,Fees,"2,471.70","82,750.85"
,103 Cash in BOA 0693,04/11/2023,Deposit,,Delta Dental,,Fees,193.00,"82,943.85"
,103 Cash in BOA 0693,04/11/2023,Deposit,,Delta,,Fees,157.00,"83,100.85"
,103 Cash in BOA 0693,04/12/2023,Deposit,,Syncrony Bank,,Fees,470.50,"83,571.35"
,103 Cash in BOA 0693,04/12/2023,Deposit,,Delta,,Fees,179.00,"83,750.35"
,103 Cash in BOA 0693,04/12/2023,Deposit,,Delta,,Fees,112.00,"83,862.35"
,103 Cash in BOA 0693,04/12/2023,Check,2452,Kelly Sullivan,,Refunds,-56.00,"83,806.35"
,103 Cash in BOA 0693,04/12/2023,Check,2453,Jennifer Harlan,,Refunds,-15.28,"83,791.07"
,103 Cash in BOA 0693,04/12/2023,Check,2456,Khankeo Phoutthavong,,Refunds,-267.95,"83,523.12"
,103 Cash in BOA 0693,04/12/2023,Check,2455,Cody Lindley,,Refunds,-96.70,"83,426.42"
,103 Cash in BOA 0693,04/12/2023,Check,2454,Gabriel Dyas,,Refunds,-23.00,"83,403.42"
,103 Cash in BOA 0693,04/12/2023,Check,2458,Angela Williams,,Refunds,-36.00,"83,367.42"
,103 Cash in BOA 0693,04/13/2023,Deposit,,Delta Dental,,Fees,529.00,"83,896.42"
,103 Cash in BOA 0693,04/13/2023,Deposit,,Delta Dental,,Fees,476.00,"84,372.42"
,103 Cash in BOA 0693,04/13/2023,Deposit,,UMR,,Fees,406.00,"84,778.42"
,103 Cash in BOA 0693,04/13/2023,Expense,,ADP,,Payroll Clearing,"-16,496.82","68,281.60"
,103 Cash in BOA 0693,04/13/2023,Expense,,Allstate,,Auto Expense,-417.51,"67,864.09"
,103 Cash in BOA 0693,04/14/2023,Deposit,,Delta Dental,,Fees,193.00,"68,057.09"
,103 Cash in BOA 0693,04/14/2023,Deposit,,Delta Dental,,Fees,"3,019.05","71,076.14"
,103 Cash in BOA 0693,04/14/2023,Expense,,ADP,,Payroll Clearing,"-5,040.00","66,036.14"
,103 Cash in BOA 0693,04/14/2023,Deposit,,Wa St Hca,,Fees,"24,550.57","90,586.71"
,103 Cash in BOA 0693,04/14/2023,Deposit,,MetLife,,Fees,"1,144.40","91,731.11"
,103 Cash in BOA 0693,04/14/2023,Deposit,,Oregon Dental SV,,Fees,730.00,"92,461.11"
,103 Cash in BOA 0693,04/14/2023,Deposit,,MetLife,,Fees,724.80,"93,185.91"
,103 Cash in BOA 0693,04/14/2023,Deposit,,,,Fees,496.00,"93,681.91"
,103 Cash in BOA 0693,04/14/2023,Expense,,Dr. Johnson's Withdrawal,,Johnson Transfer Withdrawals,"-4,000.00","89,681.91"
,103 Cash in BOA 0693,04/14/2023,Expense,,Zimworks,,Practice Consultants,"-1,735.00","87,946.91"
,103 Cash in BOA 0693,04/17/2023,Expense,,AFLAC,,Employee Benefits,-241.68,"87,705.23"
,103 Cash in BOA 0693,04/17/2023,Expense,,Transfer Fee,,Office Supplies,-1.00,"87,704.23"
,103 Cash in BOA 0693,04/17/2023,Check,2459,Kiera Fuller,,Refunds,-135.65,"87,568.58"
,103 Cash in BOA 0693,04/18/2023,Deposit,,Oregon Dental SV,,Fees,"1,469.00","89,037.58"
,103 Cash in BOA 0693,04/19/2023,Deposit,,Delta,,Fees,386.00,"89,423.58"
,103 Cash in BOA 0693,04/19/2023,Deposit,,Delta,,Fees,386.00,"89,809.58"
,103 Cash in BOA 0693,04/19/2023,Expense,,IRS,,Tax Estimates,"-37,100.00","52,709.58"
,103 Cash in BOA 0693,04/20/2023,Deposit,,Delta Dental,,Fees,478.00,"53,187.58"
,103 Cash in BOA 0693,04/20/2023,Expense,,Dr. Johnson's Withdrawal,,Johnson Transfer Withdrawals,"-6,000.00","47,187.58"
,103 Cash in BOA 0693,04/20/2023,Check,2460,Courtnee Taylor,Final Check,Payroll Clearing,-961.91,"46,225.67"
,103 Cash in BOA 0693,04/21/2023,Deposit,,Delta Dental,,Fees,"4,729.80","50,955.47"
,103 Cash in BOA 0693,04/21/2023,Deposit,,Wa St Hca,,Fees,"22,262.72","73,218.19"
,103 Cash in BOA 0693,04/21/2023,Deposit,,MetLife,,Fees,513.60,"73,731.79"
,103 Cash in BOA 0693,04/21/2023,Expense,,Transfer Fee,,Office Supplies,-1.00,"73,730.79"
,103 Cash in BOA 0693,04/21/2023,Expense,,ADP,,Payroll Service,-128.77,"73,602.02"
,103 Cash in BOA 0693,04/24/2023,Deposit,,Delta,,Fees,386.00,"73,988.02"
,103 Cash in BOA 0693,04/25/2023,Deposit,,Oregon Dental SV,,Fees,"1,365.60","75,353.62"
,103 Cash in BOA 0693,04/25/2023,Deposit,,Delta Dental,,Fees,910.00,"76,263.62"
,103 Cash in BOA 0693,04/25/2023,Expense,,The Hartford,,Malpractice Insurance,-648.60,"75,615.02"
,103 Cash in BOA 0693,04/26/2023,Deposit,,Delta Dental,,Fees,397.00,"76,012.02"
,103 Cash in BOA 0693,04/26/2023,Deposit,,Delta,,Fees,376.80,"76,388.82"
,103 Cash in BOA 0693,04/26/2023,Check,2469,Katie Phillips,,Refunds,-49.20,"76,339.62"
,103 Cash in BOA 0693,04/26/2023,Check,2462,Alexandria Robinson,,Refunds,-88.08,"76,251.54"
,103 Cash in BOA 0693,04/26/2023,Check,2468,Jason Edwards,,Refunds,-26.00,"76,225.54"
,103 Cash in BOA 0693,04/26/2023,Check,2464,Tam Vo,,Refunds,-36.00,"76,189.54"
,103 Cash in BOA 0693,04/26/2023,Check,2466,Dmitriy Pitsul,,Refunds,-36.00,"76,153.54"
,103 Cash in BOA 0693,04/26/2023,Check,2463,Anthony Sullivan,,Refunds,-378.50,"75,775.04"
,103 Cash in BOA 0693,04/26/2023,Check,2461,Crystal D'Amico,,Refunds,-64.00,"75,711.04"
,103 Cash in BOA 0693,04/26/2023,Check,2467,Amin Arellano,,Refunds,-56.50,"75,654.54"
,103 Cash in BOA 0693,04/26/2023,Check,2470,PHSOR Annual Dues,,Dues & Subscriptions,-250.00,"75,404.54"
,103 Cash in BOA 0693,04/27/2023,Deposit,,Delta Dental,,Fees,"3,799.40","79,203.94"
,103 Cash in BOA 0693,04/27/2023,Deposit,,Delta Dental,,Fees,"1,231.00","80,434.94"
,103 Cash in BOA 0693,04/27/2023,Expense,,ADP,,Payroll Clearing,"-13,426.00","67,008.94"
,103 Cash in BOA 0693,04/27/2023,Expense,,Reliable mechanical,,Repairs & Maintenance,-161.56,"66,847.38"
,103 Cash in BOA 0693,04/27/2023,Expense,,ADP,,Payroll Clearing,-150.46,"66,696.92"
,103 Cash in BOA 0693,04/27/2023,Expense,,ADP,,Payroll Clearing,-373.42,"66,323.50"
,103 Cash in BOA 0693,04/27/2023,Expense,,Pacific Crest Plaza Condo Assoc,,Rent,"-1,895.63","64,427.87"
,103 Cash in BOA 0693,04/27/2023,Expense,,Patterson,,Dental Supplies,-161.81,"64,266.06"
,103 Cash in BOA 0693,04/27/2023,Expense,,adcoa,,Dental Supplies,-86.81,"64,179.25"
,103 Cash in BOA 0693,04/27/2023,Expense,,American Orthodontics,,Dental Supplies,-62.94,"64,116.31"
,103 Cash in BOA 0693,04/28/2023,Deposit,,Wa St Hca,,Fees,"29,116.56","93,232.87"
,103 Cash in BOA 0693,04/28/2023,Deposit,,,,Fees,506.00,"93,738.87"
,103 Cash in BOA 0693,04/28/2023,Deposit,,MetLife,,Fees,237.80,"93,976.67"
,103 Cash in BOA 0693,04/28/2023,Deposit,,MetLife,,Fees,166.00,"94,142.67"
,103 Cash in BOA 0693,04/28/2023,Expense,,ADP,,Payroll Clearing,"-4,663.39","89,479.28"
,103 Cash in BOA 0693,04/28/2023,Expense,,ADP,,Payroll Service,-149.86,"89,329.42"
,103 Cash in BOA 0693,05/01/2023,Deposit,,Oregon Dental SV,,Fees,64.00,"89,393.42"
,103 Cash in BOA 0693,05/01/2023,Expense,,Dr. Johnson's Withdrawal,,Johnson Transfer Withdrawals,"-4,000.00","85,393.42"
,103 Cash in BOA 0693,05/01/2023,Expense,,Debra Jensen,,Janitorial Services & Supplies,-700.00,"84,693.42"
,103 Cash in BOA 0693,05/02/2023,Expense,,Medical Protect - Office Liability Insurance,,Malpractice Insurance,-230.00,"84,463.42"
,103 Cash in BOA 0693,05/02/2023,Deposit,,Oregon Dental SV,,Fees,440.00,"84,903.42"
,103 Cash in BOA 0693,05/02/2023,Expense,,Transfer Fee,,Office Supplies,-1.00,"84,902.42"
,103 Cash in BOA 0693,05/02/2023,Expense,,Washington State Department of Revenue,,Real Property Tax,"-9,331.46","75,570.96"
,103 Cash in BOA 0693,05/02/2023,Expense,,Medical Protect - Office Liability Insurance,,Malpractice Insurance,-574.00,"74,996.96"
,103 Cash in BOA 0693,05/03/2023,Deposit,,Delta,,Fees,131.20,"75,128.16"
,103 Cash in BOA 0693,05/04/2023,Deposit,,UMR,,Fees,162.00,"75,290.16"
,103 Cash in BOA 0693,05/04/2023,Expense,,Bank Of America,,Credit Card Payable,"-23,037.90","52,252.26"
,103 Cash in BOA 0693,05/05/2023,Deposit,,Wa St Hca,,Fees,"20,333.86","72,586.12"
,103 Cash in BOA 0693,05/05/2023,Deposit,,Delta Dental,,Fees,"3,849.17","76,435.29"
,103 Cash in BOA 0693,05/05/2023,Deposit,,MetLife,,Fees,"1,093.40","77,528.69"
,103 Cash in BOA 0693,05/05/2023,Deposit,,MetLife,,Fees,513.00,"78,041.69"
,103 Cash in BOA 0693,05/05/2023,Deposit,,MetLife,,Fees,352.00,"78,393.69"
,103 Cash in BOA 0693,05/05/2023,Deposit,,MetLife,,Fees,199.00,"78,592.69"
,103 Cash in BOA 0693,05/05/2023,Expense,,Dr. Johnson's Withdrawal,,Johnson Transfer Withdrawals,"-6,000.00","72,592.69"
,103 Cash in BOA 0693,05/05/2023,Expense,,ADP,,Payroll Service,-104.79,"72,487.90"
,103 Cash in BOA 0693,05/08/2023,Deposit,,Syncrony Bank,,Fees,"2,139.87","74,627.77"
,103 Cash in BOA 0693,05/08/2023,Deposit,,Delta Dental,,Fees,164.00,"74,791.77"
,103 Cash in BOA 0693,05/08/2023,Deposit,,Delta,,Fees,158.40,"74,950.17"
,103 Cash in BOA 0693,05/08/2023,Expense,,ADP,,Payroll Clearing,-22.78,"74,927.39"
,103 Cash in BOA 0693,05/08/2023,Expense,,Transfer Fee,,Office Supplies,-1.00,"74,926.39"
,103 Cash in BOA 0693,05/08/2023,Expense,,Regence Blue Cross,,,"-3,249.23","71,677.16"
,103 Cash in BOA 0693,05/09/2023,Deposit,,Oregon Dental SV,,Fees,"1,990.90","73,668.06"
,103 Cash in BOA 0693,05/10/2023,Deposit,,Delta,,Fees,789.60,"74,457.66"
,103 Cash in BOA 0693,05/11/2023,Deposit,,Delta Dental,,Fees,275.00,"74,732.66"
,103 Cash in BOA 0693,05/12/2023,Deposit,,Delta Dental,,Fees,"2,346.95","77,079.61"
,103 Cash in BOA 0693,05/12/2023,Deposit,,MetLife,,Fees,152.00,"77,231.61"
,103 Cash in BOA 0693,05/12/2023,Deposit,,MetLife,,Fees,136.00,"77,367.61"
,103 Cash in BOA 0693,05/12/2023,Deposit,,Wa St Hca,,Fees,"20,322.76","97,690.37"
,103 Cash in BOA 0693,05/12/2023,Expense,,ADP,,Payroll Clearing,"-4,729.14","92,961.23"
,103 Cash in BOA 0693,05/12/2023,Expense,,ADP,,Payroll Clearing,"-14,507.61","78,453.62"
,103 Cash in BOA 0693,05/12/2023,Expense,,Zimworks,,Practice Consultants,"-1,735.00","76,718.62"
,103 Cash in BOA 0693,05/12/2023,Expense,,ADP,,Payroll Clearing,-419.36,"76,299.26"
,103 Cash in BOA 0693,05/15/2023,Expense,,Allstate,,Auto Expense,-246.63,"76,052.63"
,103 Cash in BOA 0693,05/16/2023,Deposit,,Oregon Dental SV,,Fees,"1,601.80","77,654.43"
,103 Cash in BOA 0693,05/16/2023,Deposit,,Delta,,Fees,821.00,"78,475.43"
,103 Cash in BOA 0693,05/16/2023,Expense,,Dr. Johnson's Withdrawal,,Johnson Transfer Withdrawals,"-4,000.00","74,475.43"
,103 Cash in BOA 0693,05/16/2023,Deposit,,Oregon Dental SV,,Fees,393.00,"74,868.43"
,103 Cash in BOA 0693,05/17/2023,Deposit,,Delta Dental,,Fees,128.00,"74,996.43"
,103 Cash in BOA 0693,05/17/2023,Deposit,,Delta,,Fees,16.00,"75,012.43"
,103 Cash in BOA 0693,05/17/2023,Expense,,Transfer Fee,,Office Supplies,-1.00,"75,011.43"
,103 Cash in BOA 0693,05/18/2023,Deposit,,Delta Dental,,Fees,301.00,"75,312.43"
,103 Cash in BOA 0693,05/18/2023,Expense,,adcoa,,Dental Supplies,-157.47,"75,154.96"
,103 Cash in BOA 0693,05/18/2023,Expense,,Fluence,,Legal & Professional Fees,"-2,500.00","72,654.96"
,103 Cash in BOA 0693,05/18/2023,Check,2471,Thomas Gifford,,Refunds,-244.00,"72,410.96"
,103 Cash in BOA 0693,05/18/2023,Check,2481,Ismael Romero,,Refunds,-36.00,"72,374.96"
,103 Cash in BOA 0693,05/18/2023,Check,2480,Brian Hupy,,Refunds,-291.60,"72,083.36"
,103 Cash in BOA 0693,05/18/2023,Check,2475,Health Care Authority,,Refunds,-102.38,"71,980.98"
,103 Cash in BOA 0693,05/18/2023,Check,2478,Joy Wong,,Refunds,-175.00,"71,805.98"
,103 Cash in BOA 0693,05/18/2023,Check,2474,Hailey Haines,,Refunds,-101.00,"71,704.98"
,103 Cash in BOA 0693,05/18/2023,Check,2477,Khankeo Phoutthavong,,Refunds,-265.85,"71,439.13"
,103 Cash in BOA 0693,05/18/2023,Check,2473,Charles Beckel,,Refunds,-68.00,"71,371.13"
,103 Cash in BOA 0693,05/19/2023,Deposit,,Delta Dental,,Fees,"1,778.00","73,149.13"
,103 Cash in BOA 0693,05/19/2023,Deposit,,Wa St Hca,,Fees,"23,174.80","96,323.93"
,103 Cash in BOA 0693,05/19/2023,Deposit,,MetLife,,Fees,250.00,"96,573.93"
,103 Cash in BOA 0693,05/19/2023,Deposit,,MetLife,,Fees,136.00,"96,709.93"
,103 Cash in BOA 0693,05/19/2023,Expense,,Dr. Johnson's Withdrawal,,Johnson Transfer Withdrawals,"-6,000.00","90,709.93"
,103 Cash in BOA 0693,05/19/2023,Expense,,ADP,,Payroll Service,-126.26,"90,583.67"
,103 Cash in BOA 0693,05/22/2023,Deposit,,Delta Dental,,Fees,164.00,"90,747.67"
,103 Cash in BOA 0693,05/22/2023,Expense,,Fluence,,Withdrawals,-935.00,"89,812.67"
,103 Cash in BOA 0693,05/22/2023,Expense,,Transfer Fee,,Office Supplies,-1.00,"89,811.67"
,103 Cash in BOA 0693,05/23/2023,Deposit,,Oregon Dental SV,,Fees,761.00,"90,572.67"
,103 Cash in BOA 0693,05/23/2023,Deposit,,Delta,,Fees,471.20,"91,043.87"
,103 Cash in BOA 0693,05/23/2023,Deposit,,MetLife,,Fees,153.00,"91,196.87"
,103 Cash in BOA 0693,05/23/2023,Expense,,AFLAC,,Employee Benefits,-139.92,"91,056.95"
,103 Cash in BOA 0693,05/24/2023,Deposit,,Delta,,Fees,665.60,"91,722.55"
,103 Cash in BOA 0693,05/24/2023,Deposit,,Delta,,Fees,460.20,"92,182.75"
,103 Cash in BOA 0693,05/24/2023,Deposit,,Delta,,Fees,423.00,"92,605.75"
,103 Cash in BOA 0693,05/24/2023,Deposit,,Delta Dental,,Fees,343.00,"92,948.75"
,103 Cash in BOA 0693,05/25/2023,Deposit,,UMR,,Fees,128.00,"93,076.75"
,103 Cash in BOA 0693,05/25/2023,Deposit,,,,Fees,96.00,"93,172.75"
,103 Cash in BOA 0693,05/25/2023,Expense,,adcoa,,Dental Supplies,-51.00,"93,121.75"
,103 Cash in BOA 0693,05/25/2023,Expense,,Pacific Crest Plaza Condo Assoc,,Rent,"-1,895.63","91,226.12"
,103 Cash in BOA 0693,05/25/2023,Expense,,The Hartford,,Malpractice Insurance,-648.60,"90,577.52"
,103 Cash in BOA 0693,05/25/2023,Expense,,Reliable mechanical,,Repairs & Maintenance,-161.56,"90,415.96"
,103 Cash in BOA 0693,05/25/2023,Expense,,Tess Oral Health,,Dental Supplies,-692.94,"89,723.02"
,103 Cash in BOA 0693,05/26/2023,Deposit,,Wa St Hca,,Fees,"9,995.06","99,718.08"
,103 Cash in BOA 0693,05/26/2023,Deposit,,Delta Dental,,Fees,"3,608.40","103,326.48"
,103 Cash in BOA 0693,05/26/2023,Deposit,,MetLife,,Fees,546.00,"103,872.48"
,103 Cash in BOA 0693,05/26/2023,Deposit,,Delta Dental,,Fees,279.90,"104,152.38"
,103 Cash in BOA 0693,05/26/2023,Deposit,,Delta Dental,,Fees,230.00,"104,382.38"
,103 Cash in BOA 0693,05/26/2023,Deposit,,MetLife,,Fees,88.00,"104,470.38"
,103 Cash in BOA 0693,05/26/2023,Expense,,ADP,,Payroll Service,-144.66,"104,325.72"
,103 Cash in BOA 0693,05/30/2023,Deposit,,MetLife,,Fees,118.00,"104,443.72"
,103 Cash in BOA 0693,05/30/2023,Expense,,ADP,,Payroll Clearing,"-4,027.91","100,415.81"
,103 Cash in BOA 0693,05/30/2023,Expense,,Wa Department Of,,Sales & Use Tax,"-3,162.06","97,253.75"
,103 Cash in BOA 0693,05/30/2023,Expense,,ADP,,Payroll Clearing,"-12,241.24","85,012.51"
,103 Cash in BOA 0693,05/30/2023,Expense,,ADP,,Payroll Clearing,-419.36,"84,593.15"
,103 Cash in BOA 0693,05/31/2023,Deposit,,,,Fees,"2,860.88","87,454.03"
,103 Cash in BOA 0693,05/31/2023,Deposit,,Delta,,Fees,268.80,"87,722.83"
,103 Cash in BOA 0693,05/31/2023,Deposit,,Delta Dental,,Fees,221.00,"87,943.83"
,103 Cash in BOA 0693,05/31/2023,Deposit,,Oregon Dental SV,,Fees,824.00,"88,767.83"
,103 Cash in BOA 0693,05/31/2023,Expense,,Medical Protect - Office Liability Insurance,,Malpractice Insurance,"-1,056.00","87,711.83"
,103 Cash in BOA 0693,05/31/2023,Expense,,Dr. Johnson's Withdrawal,,Johnson Transfer Withdrawals,"-4,000.00","83,711.83"
,103 Cash in BOA 0693,05/31/2023,Expense,,JP Morgan Chase,,Auto Expense,"-1,013.64","82,698.19"
,103 Cash in BOA 0693,06/01/2023,Credit Card Payment,,Bank Of America,,Credit Card Payable,"-21,839.51","60,858.68"
,103 Cash in BOA 0693,06/01/2023,Expense,,Transfer Fee,,Office Supplies,-1.00,"60,857.68"
,103 Cash in BOA 0693,06/01/2023,Deposit,,Debra Jensen,,Janitorial Services & Supplies,700.00,"61,557.68"
,103 Cash in BOA 0693,06/01/2023,Expense,,Debra Jensen,,Janitorial Services & Supplies,-700.00,"60,857.68"
,103 Cash in BOA 0693,06/01/2023,Expense,,Apple,,710.1 Office Supplies - PPT,-921.77,"59,935.91"
,103 Cash in BOA 0693,06/02/2023,Deposit,,,,Fees,290.00,"60,225.91"
,103 Cash in BOA 0693,06/02/2023,Deposit,,Wa St Hca,,Fees,"9,048.07","69,273.98"
,103 Cash in BOA 0693,06/02/2023,Deposit,,Delta Dental,,Fees,193.00,"69,466.98"
,103 Cash in BOA 0693,06/02/2023,Deposit,,Delta Dental,,Fees,"1,495.07","70,962.05"
,103 Cash in BOA 0693,06/02/2023,Deposit,,Delta Dental,,Fees,193.00,"71,155.05"
,103 Cash in BOA 0693,06/02/2023,Expense,,ADP,,Payroll Service,-107.31,"71,047.74"
,103 Cash in BOA 0693,06/02/2023,Expense,,Dr. Johnson's Withdrawal,,Johnson Transfer Withdrawals,"-6,000.00","65,047.74"
,103 Cash in BOA 0693,06/05/2023,Deposit,,,,Fees,386.00,"65,433.74"
,103 Cash in BOA 0693,06/05/2023,Expense,,Transfer Fee,,Office Supplies,-1.00,"65,432.74"
,103 Cash in BOA 0693,06/06/2023,Deposit,,Oregon Dental SV,,Fees,890.00,"66,322.74"
,103 Cash in BOA 0693,06/06/2023,Deposit,,Delta,,Fees,475.20,"66,797.94"
,103 Cash in BOA 0693,06/06/2023,Deposit,,Delta Dental,,Fees,538.00,"67,335.94"
,103 Cash in BOA 0693,06/07/2023,Deposit,,Delta Dental,,Fees,179.00,"67,514.94"
,103 Cash in BOA 0693,06/07/2023,Deposit,,Delta,,Fees,455.20,"67,970.14"
,103 Cash in BOA 0693,06/07/2023,Expense,,AFLAC,,Employee Benefits,-125.52,"67,844.62"
,103 Cash in BOA 0693,06/08/2023,Deposit,,Delta Dental,,Fees,514.00,"68,358.62"
,103 Cash in BOA 0693,06/08/2023,Deposit,,,,Fees,162.00,"68,520.62"
,103 Cash in BOA 0693,06/09/2023,Deposit,,Delta Dental,,Fees,"2,716.00","71,236.62"
,103 Cash in BOA 0693,06/09/2023,Deposit,,MetLife,,Fees,136.00,"71,372.62"
,103 Cash in BOA 0693,06/09/2023,Deposit,,MetLife,,Fees,166.00,"71,538.62"
,103 Cash in BOA 0693,06/09/2023,Deposit,,Wa St Hca,,Fees,"17,346.19","88,884.81"
,103 Cash in BOA 0693,06/09/2023,Deposit,,Delta Dental,,Fees,118.40,"89,003.21"
,103 Cash in BOA 0693,06/09/2023,Deposit,,Delta Dental,,Fees,"1,890.00","90,893.21"
,103 Cash in BOA 0693,06/09/2023,Expense,,adcoa,,Dental Supplies,-35.81,"90,857.40"
,103 Cash in BOA 0693,06/09/2023,Expense,,Regence Blue Cross,,,"-1,922.43","88,934.97"
,103 Cash in BOA 0693,06/13/2023,Deposit,,Oregon Dental SV,,Fees,601.00,"89,535.97"
,103 Cash in BOA 0693,06/13/2023,Deposit,,Delta,,Fees,386.00,"89,921.97"
,103 Cash in BOA 0693,06/14/2023,Deposit,,Oregon Dental SV,,Fees,85.00,"90,006.97"
,103 Cash in BOA 0693,06/14/2023,Deposit,,Delta,,Fees,538.00,"90,544.97"
,103 Cash in BOA 0693,06/14/2023,Deposit,,Delta Dental,,Fees,164.00,"90,708.97"
,103 Cash in BOA 0693,06/14/2023,Expense,,ADP,,Payroll Clearing,"-13,776.73","76,932.24"
,103 Cash in BOA 0693,06/14/2023,Expense,,Allstate,,Auto Expense,-354.88,"76,577.36"
,103 Cash in BOA 0693,06/14/2023,Expense,,ADP,,Payroll Clearing,"-4,504.50","72,072.86"
,103 Cash in BOA 0693,06/14/2023,Expense,,ADP,,Payroll Clearing,-419.36,"71,653.50"
,103 Cash in BOA 0693,06/15/2023,Expense,,Dr. Johnson's Withdrawal,,Johnson Transfer Withdrawals,"-4,000.00","67,653.50"
,103 Cash in BOA 0693,06/15/2023,Deposit,,Delta,,Fees,357.00,"68,010.50"
,103 Cash in BOA 0693,06/15/2023,Deposit,,UMR,,Fees,128.00,"68,138.50"
,103 Cash in BOA 0693,06/16/2023,Deposit,,MetLife,,Fees,304.00,"68,442.50"
,103 Cash in BOA 0693,06/16/2023,Deposit,,Wa St Hca,,Fees,"15,274.94","83,717.44"
,103 Cash in BOA 0693,06/16/2023,Deposit,,MetLife,,Fees,901.00,"84,618.44"
,103 Cash in BOA 0693,06/16/2023,Expense,,Dr. Johnson's Withdrawal,,Johnson Transfer Withdrawals,"-6,000.00","78,618.44"
,103 Cash in BOA 0693,06/16/2023,Expense,,Transfer Fee,,Office Supplies,-1.00,"78,617.44"
,103 Cash in BOA 0693,06/16/2023,Deposit,,Delta Dental,,Fees,"3,066.15","81,683.59"
,103 Cash in BOA 0693,06/20/2023,Deposit,,Delta Dental,,Fees,359.00,"82,042.59"
,103 Cash in BOA 0693,06/20/2023,Expense,,Transfer Fee,,Office Supplies,-1.00,"82,041.59"
,103 Cash in BOA 0693,06/21/2023,Deposit,,Oregon Dental SV,,Fees,564.00,"82,605.59"
,103 Cash in BOA 0693,06/21/2023,Deposit,,MetLife,,Fees,253.00,"82,858.59"
,103 Cash in BOA 0693,06/22/2023,Deposit,,Delta Dental,,Fees,582.00,"83,440.59"
,103 Cash in BOA 0693,06/22/2023,Deposit,,Delta,,Fees,36.00,"83,476.59"
,103 Cash in BOA 0693,06/22/2023,Deposit,,Delta Dental,,Fees,386.80,"83,863.39"
,103 Cash in BOA 0693,06/22/2023,Deposit,,Delta Dental,,Fees,193.00,"84,056.39"
,103 Cash in BOA 0693,06/22/2023,Deposit,,,,Fees,77.00,"84,133.39"
,103 Cash in BOA 0693,06/22/2023,Check,2485,Matthew Stalheim,,Refunds,-21.20,"84,112.19"
,103 Cash in BOA 0693,06/22/2023,Check,2486,Jeremy Lovelace,,Refunds,-44.50,"84,067.69"
,103 Cash in BOA 0693,06/22/2023,Check,2483,Kevin Krossber,,Refunds,-112.00,"83,955.69"
,103 Cash in BOA 0693,06/22/2023,Check,2488,Anthony Brady,,Refunds,-258.00,"83,697.69"
,103 Cash in BOA 0693,06/23/2023,Deposit,,Delta Dental,,Fees,"1,680.20","85,377.89"
,103 Cash in BOA 0693,06/23/2023,Deposit,,Wa St Hca,,Fees,"18,133.67","103,511.56"
,103 Cash in BOA 0693,06/23/2023,Expense,,ADP,,Payroll Service,-123.74,"103,387.82"
,103 Cash in BOA 0693,06/23/2023,Deposit,,Transfer,,Cash in BOA 0716,"-25,000.00","78,387.82"
,103 Cash in BOA 0693,06/26/2023,Deposit,,MetLife,,Fees,578.80,"78,966.62"
,103 Cash in BOA 0693,06/26/2023,Expense,,The Hartford,,Malpractice Insurance,-648.60,"78,318.02"
,103 Cash in BOA 0693,06/27/2023,Deposit,,Oregon Dental SV,,Fees,"1,033.50","79,351.52"
,103 Cash in BOA 0693,06/28/2023,Deposit,,Delta Dental,,Fees,"1,110.00","80,461.52"
,103 Cash in BOA 0693,06/28/2023,Deposit,,Delta,,Fees,193.00,"80,654.52"
,103 Cash in BOA 0693,06/28/2023,Expense,,Wa Department Of,,Sales & Use Tax,"-2,604.82","78,049.70"
,103 Cash in BOA 0693,06/29/2023,Deposit,,Delta Dental,,Fees,164.00,"78,213.70"
,103 Cash in BOA 0693,06/29/2023,Deposit,,Wa St Hca,,Fees,"19,965.60","98,179.30"
,103 Cash in BOA 0693,06/29/2023,Expense,,ADP,,Payroll Clearing,"-4,585.00","93,594.30"
,103 Cash in BOA 0693,06/29/2023,Deposit,,Delta Dental,,Fees,263.40,"93,857.70"
,103 Cash in BOA 0693,06/29/2023,Deposit,,,,Fees,640.00,"94,497.70"
,103 Cash in BOA 0693,06/29/2023,Expense,,ADP,,Payroll Clearing,"-14,842.94","79,654.76"
,103 Cash in BOA 0693,06/29/2023,Expense,,ADP,,Payroll Clearing,-45.94,"79,608.82"
,103 Cash in BOA 0693,06/29/2023,Check,2489,Athena Castellon,reissued check,Employee Benefits,-328.29,"79,280.53"
,103 Cash in BOA 0693,06/30/2023,Deposit,,Delta Dental,,Fees,"2,895.47","82,176.00"
,103 Cash in BOA 0693,06/30/2023,Expense,,ADP,,Payroll Service,-149.86,"82,026.14"
,103 Cash in BOA 0693,06/30/2023,Expense,,Dr. Johnson's Withdrawal,,Johnson Transfer Withdrawals,"-4,000.00","78,026.14"
,103 Cash in BOA 0693,06/30/2023,Expense,,Regence Blue Cross,,,"-2,585.83","75,440.31"
,103 Cash in BOA 0693,06/30/2023,Expense,,Debra Jensen,,Janitorial Services & Supplies,-700.00,"74,740.31"
,103 Cash in BOA 0693,06/30/2023,Expense,,JP Morgan Chase,,Auto Expense,-986.60,"73,753.71"
,103 Cash in BOA 0693,06/30/2023,Expense,,Cedr,,Practice Consultants,-149.00,"73,604.71"
,103 Cash in BOA 0693,07/03/2023,Expense,,Dr. Johnson's Withdrawal,,Johnson Transfer Withdrawals,"-6,000.00","67,604.71"
,103 Cash in BOA 0693,07/03/2023,Expense,,Medical Protect - Office Liability Insurance,,Malpractice Insurance,-574.00,"67,030.71"
,103 Cash in BOA 0693,07/03/2023,Expense,,Transfer Fee,,Office Supplies,-1.00,"67,029.71"
,103 Cash in BOA 0693,07/03/2023,Expense,,Mt Adams Zen,,Contributions,-200.00,"66,829.71"
,103 Cash in BOA 0693,07/03/2023,Expense,,DropBox,,Office Supplies,-13.03,"66,816.68"
,103 Cash in BOA 0693,07/05/2023,Deposit,,Delta,,Fees,321.00,"67,137.68"
,103 Cash in BOA 0693,07/05/2023,Expense,,Transfer Fee,,Office Supplies,-1.00,"67,136.68"
,103 Cash in BOA 0693,07/05/2023,Deposit,,Delta,,Fees,452.60,"67,589.28"
,103 Cash in BOA 0693,07/05/2023,Deposit,,Delta Dental,,Fees,300.20,"67,889.48"
,103 Cash in BOA 0693,07/05/2023,Deposit,,Delta,,Fees,157.00,"68,046.48"
,103 Cash in BOA 0693,07/05/2023,Deposit,,Delta Dental,,Fees,916.00,"68,962.48"
,103 Cash in BOA 0693,07/05/2023,Credit Card Payment,,Bank Of America,,Credit Card Payable,"-24,543.62","44,418.86"
,103 Cash in BOA 0693,07/05/2023,Deposit,,Delta,,Fees,241.00,"44,659.86"
,103 Cash in BOA 0693,07/05/2023,Deposit,,Oregon Dental SV,,Fees,"1,164.20","45,824.06"
,103 Cash in BOA 0693,07/05/2023,Expense,,AFLAC,,Employee Benefits,-188.28,"45,635.78"
,103 Cash in BOA 0693,07/06/2023,Deposit,,Delta,,Fees,350.00,"45,985.78"
,103 Cash in BOA 0693,07/06/2023,Deposit,,Delta Dental,,Fees,707.00,"46,692.78"
,103 Cash in BOA 0693,07/06/2023,Deposit,,,,Fees,208.00,"46,900.78"
,103 Cash in BOA 0693,07/06/2023,Deposit,,Delta,,Fees,269.00,"47,169.78"
,103 Cash in BOA 0693,07/06/2023,Check,2490,Maleia Calvert,,Payroll Clearing,-444.49,"46,725.29"
,103 Cash in BOA 0693,07/06/2023,Check,2497,Kasey Gelband,,Refunds,-119.30,"46,605.99"
,103 Cash in BOA 0693,07/06/2023,Check,2491,Kellie Budnick,,Refunds,-63.08,"46,542.91"
,103 Cash in BOA 0693,07/06/2023,Check,2494,Christian Myhre,,Refunds,"-1,024.40","45,518.51"
,103 Cash in BOA 0693,07/06/2023,Check,2493,Matthew Ratanasanophol,,Refunds,-202.00,"45,316.51"
,103 Cash in BOA 0693,07/06/2023,Check,2499,Lyebor Vetsler,,Refunds,-44.65,"45,271.86"
,103 Cash in BOA 0693,07/06/2023,Check,2495,Aaron Ferreira,,Refunds,-272.74,"44,999.12"
,103 Cash in BOA 0693,07/07/2023,Expense,,ADP,,Payroll Service,-107.31,"44,891.81"
,103 Cash in BOA 0693,07/07/2023,Deposit,,Delta Dental,,Fees,"4,557.00","49,448.81"
,103 Cash in BOA 0693,07/07/2023,Deposit,,Wa St Hca,,Fees,"35,991.15","85,439.96"
,103 Cash in BOA 0693,07/07/2023,Deposit,,Transfer,,BOA Secondary Checking 0246,"-20,000.00","65,439.96"
,103 Cash in BOA 0693,07/07/2023,Expense,,YouTube,,Office Supplies,-24.99,"65,414.97"
,103 Cash in BOA 0693,07/07/2023,Expense,,Apple.com,,Office Supplies,-9.99,"65,404.98"
,103 Cash in BOA 0693,07/10/2023,Deposit,,MetLife,,Fees,819.40,"66,224.38"
,103 Cash in BOA 0693,07/10/2023,Deposit,,MetLife,,Fees,438.00,"66,662.38"
,103 Cash in BOA 0693,07/11/2023,Deposit,,Oregon Dental SV,,Fees,"2,622.50","69,284.88"
,103 Cash in BOA 0693,07/12/2023,Deposit,,Delta,,Fees,344.00,"69,628.88"
,103 Cash in BOA 0693,07/12/2023,Deposit,,Delta Dental,,Fees,193.00,"69,821.88"
,103 Cash in BOA 0693,07/12/2023,Deposit,,Delta,,Fees,80.00,"69,901.88"
,103 Cash in BOA 0693,07/12/2023,Expense,,July Business Services,,Trust Fees,-714.45,"69,187.43"
,103 Cash in BOA 0693,07/12/2023,Deposit,,Dentegra,,Dental Supplies,337.00,"69,524.43"
,103 Cash in BOA 0693,07/13/2023,Expense,,ADP,,Payroll Clearing,"-4,810.21","64,714.22"
,103 Cash in BOA 0693,07/13/2023,Expense,,ADP,,Payroll Clearing,"-14,972.57","49,741.65"
,103 Cash in BOA 0693,07/13/2023,Expense,,Allstate,,Auto Expense,-354.88,"49,386.77"
,103 Cash in BOA 0693,07/14/2023,Deposit,,Delta Dental,,Fees,"3,591.55","52,978.32"
,103 Cash in BOA 0693,07/14/2023,Deposit,,,,Fees,162.00,"53,140.32"
,103 Cash in BOA 0693,07/14/2023,Expense,,Dr. Johnson's Withdrawal,,Johnson Transfer Withdrawals,"-4,000.00","49,140.32"
,103 Cash in BOA 0693,07/14/2023,Deposit,,Wa St Hca,,Fees,"8,510.93","57,651.25"
,103 Cash in BOA 0693,07/14/2023,Deposit,,MetLife,,Fees,680.80,"58,332.05"
,103 Cash in BOA 0693,07/14/2023,Expense,,Apple.com,,Office Supplies,-7.60,"58,324.45"
,103 Cash in BOA 0693,07/17/2023,Deposit,,Delta Dental,,Fees,157.00,"58,481.45"
,103 Cash in BOA 0693,07/17/2023,Expense,,Transfer Fee,,Office Supplies,-1.00,"58,480.45"
,103 Cash in BOA 0693,07/17/2023,Expense,,Netflix,,Office Supplies,-21.73,"58,458.72"
,103 Cash in BOA 0693,07/18/2023,Deposit,,Oregon Dental SV,,Fees,"1,638.20","60,096.92"
,103 Cash in BOA 0693,07/18/2023,Deposit,,Delta,,Fees,157.00,"60,253.92"
,103 Cash in BOA 0693,07/18/2023,Deposit,,MetLife,,Fees,84.00,"60,337.92"
,103 Cash in BOA 0693,07/19/2023,Expense,,Dr. Johnson's Withdrawal,,Johnson Transfer Withdrawals,"-6,000.00","54,337.92"
,103 Cash in BOA 0693,07/20/2023,Deposit,,Delta,,Fees,"2,270.60","56,608.52"
,103 Cash in BOA 0693,07/20/2023,Deposit,,Delta Dental,,Fees,437.80,"57,046.32"
,103 Cash in BOA 0693,07/20/2023,Expense,,Transfer Fee,,Office Supplies,-1.00,"57,045.32"
,103 Cash in BOA 0693,07/20/2023,Expense,,IRS,,Tax Estimates,"-37,100.00","19,945.32"
,103 Cash in BOA 0693,07/21/2023,Deposit,,MetLife,,Fees,118.00,"20,063.32"
,103 Cash in BOA 0693,07/21/2023,Deposit,,Delta Dental,,Fees,"3,784.10","23,847.42"
,103 Cash in BOA 0693,07/21/2023,Deposit,,MetLife,,Fees,118.00,"23,965.42"
,103 Cash in BOA 0693,07/21/2023,Expense,,ADP,,Payroll Service,-128.77,"23,836.65"
,103 Cash in BOA 0693,07/21/2023,Deposit,,,,Fees,128.00,"23,964.65"
,103 Cash in BOA 0693,07/21/2023,Deposit,,Wa St Hca,,Fees,84.58,"24,049.23"
,103 Cash in BOA 0693,07/21/2023,Expense,,Adobe,,Dues & Subscriptions,-10.86,"24,038.37"
,103 Cash in BOA 0693,07/24/2023,Deposit,,Delta Dental,,Fees,194.40,"24,232.77"
,103 Cash in BOA 0693,07/24/2023,Deposit,,Delta Dental,,Fees,164.00,"24,396.77"
,103 Cash in BOA 0693,07/25/2023,Expense,,The Hartford,,Malpractice Insurance,-648.60,"23,748.17"
,103 Cash in BOA 0693,07/25/2023,Deposit,,Oregon Dental SV,,Fees,"1,216.00","24,964.17"
,103 Cash in BOA 0693,07/25/2023,Deposit,,Delta,,Fees,99.00,"25,063.17"
,103 Cash in BOA 0693,07/25/2023,Expense,,Google,,Dues & Subscriptions,-2.16,"25,061.01"
,103 Cash in BOA 0693,07/26/2023,Deposit,,Delta Dental,,Fees,"1,836.00","26,897.01"
,103 Cash in BOA 0693,07/26/2023,Deposit,,Delta,,Fees,32.00,"26,929.01"
,103 Cash in BOA 0693,07/26/2023,Deposit,,Dentegra,,Dental Supplies,32.00,"26,961.01"
,103 Cash in BOA 0693,07/26/2023,Expense,,Wa Department Of,,Sales & Use Tax,"-2,503.68","24,457.33"
,103 Cash in BOA 0693,07/27/2023,Deposit,,Delta Dental,,Fees,157.00,"24,614.33"
,103 Cash in BOA 0693,07/27/2023,Deposit,,,,Fees,248.00,"24,862.33"
,103 Cash in BOA 0693,07/27/2023,Expense,,Mt Adams Zen,,Contributions,-200.00,"24,662.33"
,103 Cash in BOA 0693,07/27/2023,Expense,,Regal Cinemas,,Entertainment,-49.20,"24,613.13"
,103 Cash in BOA 0693,07/27/2023,Expense,,Wa Department Of,,Sales & Use Tax,"-2,068.00","22,545.13"
,103 Cash in BOA 0693,07/27/2023,Check,2500,Joshua Alexander,,Refunds,-50.00,"22,495.13"
,103 Cash in BOA 0693,07/27/2023,Check,2506,Patricia Williams,,Refunds,-30.00,"22,465.13"
,103 Cash in BOA 0693,07/27/2023,Check,2502,Brandon Snider,,Refunds,-64.00,"22,401.13"
,103 Cash in BOA 0693,07/27/2023,Check,2503,Jason Borger,,Refunds,-33.68,"22,367.45"
,103 Cash in BOA 0693,07/27/2023,Check,2509,Tam Vo,,Refunds,-93.00,"22,274.45"
,103 Cash in BOA 0693,07/27/2023,Check,2507,Jason Edwards,,Refunds,-27.26,"22,247.19"
,103 Cash in BOA 0693,07/27/2023,Check,2505,Valeriy Savich,,Refunds,-20.00,"22,227.19"
,103 Cash in BOA 0693,07/27/2023,Check,2501,Michael Ryan,,Refunds,-29.20,"22,197.99"
,103 Cash in BOA 0693,07/28/2023,Expense,,ADP,,Payroll Service,-149.86,"22,048.13"
,103 Cash in BOA 0693,07/28/2023,Expense,,Dr. Johnson's Withdrawal,,Johnson Transfer Withdrawals,"-4,000.00","18,048.13"
,103 Cash in BOA 0693,07/28/2023,Deposit,,Delta Dental,,Fees,"1,781.40","19,829.53"
,103 Cash in BOA 0693,07/28/2023,Deposit,,MetLife,,Fees,332.00,"20,161.53"
,103 Cash in BOA 0693,07/28/2023,Deposit,,Delta Dental,,Fees,220.00,"20,381.53"
,103 Cash in BOA 0693,07/28/2023,Deposit,,Delta,,Fees,459.00,"20,840.53"
,103 Cash in BOA 0693,07/28/2023,Expense,,ADP,,Payroll Clearing,"-5,948.87","14,891.66"
,103 Cash in BOA 0693,07/28/2023,Expense,,ADP,,Payroll Clearing,"-18,146.74","-3,255.08"
,103 Cash in BOA 0693,07/28/2023,Deposit,,MetLife,,Fees,332.00,"-2,923.08"
,103 Cash in BOA 0693,07/28/2023,Deposit,,,,Fees,290.00,"-2,633.08"
,103 Cash in BOA 0693,07/28/2023,Deposit,,,,Fees,416.00,"-2,217.08"
,103 Cash in BOA 0693,07/28/2023,Deposit,,Wa St Hca,,Fees,"56,030.71","53,813.63"
,103 Cash in BOA 0693,07/31/2023,Expense,,ADP,,Payroll Clearing,-134.29,"53,679.34"
,103 Cash in BOA 0693,07/31/2023,Expense,,Transfer Fee,,Office Supplies,-1.00,"53,678.34"
,103 Cash in BOA 0693,07/31/2023,Deposit,,,,Fees,658.00,"54,336.34"
,103 Cash in BOA 0693,07/31/2023,Deposit,,Oregon Dental SV,,Fees,386.00,"54,722.34"
,103 Cash in BOA 0693,07/31/2023,Deposit,,,,Fees,30.40,"54,752.74"
,103 Cash in BOA 0693,07/31/2023,Expense,,Spotify,,Office Supplies,-17.38,"54,735.36"
,103 Cash in BOA 0693,08/01/2023,Deposit,,Delta Dental,,Fees,112.00,"54,847.36"
,103 Cash in BOA 0693,08/01/2023,Deposit,,Delta Dental,,Fees,"1,043.00","55,890.36"
,103 Cash in BOA 0693,08/01/2023,Deposit,,Oregon Dental SV,,Fees,692.50,"56,582.86"
,103 Cash in BOA 0693,08/01/2023,Deposit,,Delta,,Fees,157.00,"56,739.86"
,103 Cash in BOA 0693,08/01/2023,Expense,,Medical Protect - Office Liability Insurance,,Malpractice Insurance,-173.00,"56,566.86"
,103 Cash in BOA 0693,08/01/2023,Expense,,JP Morgan Chase,,Auto Expense,-986.60,"55,580.26"
,103 Cash in BOA 0693,08/01/2023,Expense,,Debra Jensen,,Janitorial Services & Supplies,-700.00,"54,880.26"
,103 Cash in BOA 0693,08/01/2023,Expense,,Cedr,,Practice Consultants,-149.00,"54,731.26"
,103 Cash in BOA 0693,08/02/2023,Deposit,,Delta Dental,,Fees,193.00,"54,924.26"
,103 Cash in BOA 0693,08/02/2023,Deposit,,Delta,,Fees,193.00,"55,117.26"
,103 Cash in BOA 0693,08/02/2023,Deposit,,Dentegra,,Dental Supplies,150.00,"55,267.26"
,103 Cash in BOA 0693,08/02/2023,Expense,,DropBox,,Dues & Subscriptions,-13.03,"55,254.23"
,103 Cash in BOA 0693,08/02/2023,Check,2510,Department of Labor & Industries,,Office Supplies,-25.00,"55,229.23"
,103 Cash in BOA 0693,08/03/2023,Expense,,Dr. Johnson's Withdrawal,,Johnson Transfer Withdrawals,"-6,000.00","49,229.23"
,103 Cash in BOA 0693,08/03/2023,Deposit,,Delta Dental,,Fees,341.00,"49,570.23"
,103 Cash in BOA 0693,08/03/2023,Credit Card Payment,,Bank Of America,,Credit Card Payable,"-21,647.71","27,922.52"
,103 Cash in BOA 0693,08/04/2023,Expense,,Transfer Fee,,Office Supplies,-1.00,"27,921.52"
,103 Cash in BOA 0693,08/04/2023,Deposit,,Delta Dental,,Fees,"2,133.57","30,055.09"
,103 Cash in BOA 0693,08/04/2023,Expense,,ADP,,Payroll Service,-107.31,"29,947.78"
,103 Cash in BOA 0693,08/04/2023,Deposit,,Wa St Hca,,Fees,"18,573.59","48,521.37"
,103 Cash in BOA 0693,08/04/2023,Deposit,,MetLife,,Fees,240.00,"48,761.37"
,103 Cash in BOA 0693,08/04/2023,Deposit,,,,Fees,112.00,"48,873.37"
,103 Cash in BOA 0693,08/07/2023,Deposit,,Delta Dental,,Fees,63.00,"48,936.37"
,103 Cash in BOA 0693,08/07/2023,Expense,,Google,,Dues & Subscriptions,-24.99,"48,911.38"
,103 Cash in BOA 0693,08/07/2023,Expense,,Spotify,,Office Supplies,-9.99,"48,901.39"
,103 Cash in BOA 0693,08/08/2023,Deposit,,Delta,,Fees,296.00,"49,197.39"
,103 Cash in BOA 0693,08/08/2023,Deposit,,Transfer,,BOA Secondary Checking 0246,"-10,000.00","39,197.39"
,103 Cash in BOA 0693,08/09/2023,Deposit,,Oregon Dental SV,,Fees,"1,542.20","40,739.59"
,103 Cash in BOA 0693,08/10/2023,Deposit,,MetLife,,Fees,400.00,"41,139.59"
,103 Cash in BOA 0693,08/10/2023,Deposit,,,,Fees,144.00,"41,283.59"
,103 Cash in BOA 0693,08/10/2023,Deposit,,,,Fees,"1,025.00","42,308.59"
,103 Cash in BOA 0693,08/10/2023,Deposit,,Delta,,Fees,164.00,"42,472.59"
,103 Cash in BOA 0693,08/10/2023,Deposit,,MetLife,,Fees,151.00,"42,623.59"
,103 Cash in BOA 0693,08/10/2023,Deposit,,Delta Dental,,Fees,750.60,"43,374.19"
,103 Cash in BOA 0693,08/10/2023,Check,2526,Karissa Cooks,Back to School,Payroll Clearing,-50.00,"43,324.19"
,103 Cash in BOA 0693,08/10/2023,Check,2529,Mariana Koum-Lopez,Back to School,Payroll Clearing,-200.00,"43,124.19"
,103 Cash in BOA 0693,08/10/2023,Check,2512,Lyubov Vetsler,,Refunds,-12.00,"43,112.19"
,103 Cash in BOA 0693,08/10/2023,Check,2513,Robert Garifalakis,,Refunds,-396.00,"42,716.19"
,103 Cash in BOA 0693,08/10/2023,Check,2515,Jeffrey McMannis,,Refunds,-28.00,"42,688.19"
,103 Cash in BOA 0693,08/10/2023,Check,2511,Gordomn Voge,,Refunds,-88.20,"42,599.99"
,103 Cash in BOA 0693,08/10/2023,Check,2514,Julia Montgomery,,Refunds,-50.00,"42,549.99"
,103 Cash in BOA 0693,08/10/2023,Check,2524,John Kennedy,,Refunds,-43.00,"42,506.99"
,103 Cash in BOA 0693,08/10/2023,Check,2525,Colbie Caughlan,,Refunds,-16.15,"42,490.84"
,103 Cash in BOA 0693,08/10/2023,Check,2521,Dominion National,,Refunds,-70.00,"42,420.84"
,103 Cash in BOA 0693,08/10/2023,Check,2528,Margaiz Orozco,,Payroll Clearing,-50.00,"42,370.84"
,103 Cash in BOA 0693,08/10/2023,Check,2516,Robert Tsunehiro,,Refunds,-202.60,"42,168.24"
,103 Cash in BOA 0693,08/10/2023,Check,2522,Robert Tsunehiro,,Refunds,-37.40,"42,130.84"
,103 Cash in BOA 0693,08/10/2023,Check,2517,voided,,710.1 Office Supplies - PPT,0.00,"42,130.84"
,103 Cash in BOA 0693,08/10/2023,Check,2518,voided,,710.1 Office Supplies - PPT,0.00,"42,130.84"
,103 Cash in BOA 0693,08/10/2023,Check,2519,voided,,710.1 Office Supplies - PPT,0.00,"42,130.84"
,103 Cash in BOA 0693,08/10/2023,Check,2523,voided,,710.1 Office Supplies - PPT,0.00,"42,130.84"
,103 Cash in BOA 0693,08/10/2023,Check,2527,Nicole Oana,Back to School,Payroll Clearing,-50.00,"42,080.84"
,103 Cash in BOA 0693,08/11/2023,Deposit,,Delta Dental,,Fees,"4,581.75","46,662.59"
,103 Cash in BOA 0693,08/11/2023,Deposit,,Wa St Hca,,Fees,"23,490.58","70,153.17"
,103 Cash in BOA 0693,08/11/2023,Deposit,,Delta Dental,,Fees,303.00,"70,456.17"
,103 Cash in BOA 0693,08/11/2023,Check,2520,MetLife,,Refunds,-152.00,"70,304.17"
,103 Cash in BOA 0693,08/14/2023,Expense,,ADP,,Payroll Clearing,"-5,733.75","64,570.42"
,103 Cash in BOA 0693,08/14/2023,Expense,,ADP,,Payroll Clearing,"-17,986.90","46,583.52"
,103 Cash in BOA 0693,08/14/2023,Expense,,Dr. Johnson's Withdrawal,,Johnson Transfer Withdrawals,"-4,000.00","42,583.52"
,103 Cash in BOA 0693,08/14/2023,Expense,,Plex TV,,Dues & Subscriptions,-39.99,"42,543.53"
,103 Cash in BOA 0693,08/14/2023,Expense,,Apple,,Dues & Subscriptions,-7.60,"42,535.93"
,103 Cash in BOA 0693,08/15/2023,Deposit,,Oregon Dental SV,,Fees,"1,076.10","43,612.03"
,103 Cash in BOA 0693,08/15/2023,Expense,,Allstate,,Auto Expense,-354.88,"43,257.15"
,103 Cash in BOA 0693,08/15/2023,Expense,,Transfer Fee,,Office Supplies,-1.00,"43,256.15"
,103 Cash in BOA 0693,08/15/2023,Expense,,Microsoft,,Office Supplies,-108.69,"43,147.46"
,103 Cash in BOA 0693,08/16/2023,Deposit,,Delta,,Fees,394.00,"43,541.46"
,103 Cash in BOA 0693,08/16/2023,Expense,,Netflix,,Office Supplies,-21.73,"43,519.73"
,103 Cash in BOA 0693,08/17/2023,Deposit,,Delta Dental,,Fees,543.00,"44,062.73"
,103 Cash in BOA 0693,08/17/2023,Deposit,,Delta Dental,,Fees,503.00,"44,565.73"
,103 Cash in BOA 0693,08/17/2023,Check,2530,Delilah Davis,,Refunds,-202.60,"44,363.13"
,103 Cash in BOA 0693,08/18/2023,Deposit,,MetLife,,Fees,441.00,"44,804.13"
,103 Cash in BOA 0693,08/18/2023,Deposit,,,,Fees,128.00,"44,932.13"
,103 Cash in BOA 0693,08/18/2023,Expense,,Dr. Johnson's Withdrawal,,Johnson Transfer Withdrawals,"-6,000.00","38,932.13"
,103 Cash in BOA 0693,08/18/2023,Expense,,ADP,,Payroll Service,-18.95,"38,913.18"
,103 Cash in BOA 0693,08/18/2023,Deposit,,Delta Dental,,Fees,"1,552.10","40,465.28"
,103 Cash in BOA 0693,08/21/2023,Deposit,,Syncrony Bank,,Fees,720.80,"41,186.08"
,103 Cash in BOA 0693,08/21/2023,Expense,,Transfer Fee,,Office Supplies,-1.00,"41,185.08"
,103 Cash in BOA 0693,08/21/2023,Expense,,Adobe,,Office Supplies,-10.86,"41,174.22"
,103 Cash in BOA 0693,08/22/2023,Deposit,,Delta Dental,,Fees,239.00,"41,413.22"
,103 Cash in BOA 0693,08/22/2023,Check,2532,Francis Puyleart,,Refunds,-45.00,"41,368.22"
,103 Cash in BOA 0693,08/22/2023,Check,2538,David Reyes,,Refunds,-15.00,"41,353.22"
,103 Cash in BOA 0693,08/22/2023,Check,2543,Crystal D'Amico,,Refunds,-64.00,"41,289.22"
,103 Cash in BOA 0693,08/22/2023,Check,2531,Taylor Putty,,Refunds,-52.10,"41,237.12"
,103 Cash in BOA 0693,08/22/2023,Check,2540,Brianna Carlson,,Refunds,-232.05,"41,005.07"
,103 Cash in BOA 0693,08/22/2023,Check,2533,Michael Owen,,Refunds,-39.00,"40,966.07"
,103 Cash in BOA 0693,08/22/2023,Check,2539,Yecenia Armas,,Refunds,-62.00,"40,904.07"
,103 Cash in BOA 0693,08/22/2023,Check,2534,Huy Pham,,Refunds,-260.46,"40,643.61"
,103 Cash in BOA 0693,08/22/2023,Check,2537,Drake Holmes,,Refunds,-16.10,"40,627.51"
,103 Cash in BOA 0693,08/22/2023,Check,2535,Aaron Piel,,Refunds,-302.00,"40,325.51"
,103 Cash in BOA 0693,08/23/2023,Deposit,,Delta,,Fees,157.00,"40,482.51"
,103 Cash in BOA 0693,08/23/2023,Deposit,,Delta,,Fees,112.00,"40,594.51"
,103 Cash in BOA 0693,08/23/2023,Deposit,,Delta Dental,,Fees,417.00,"41,011.51"
,103 Cash in BOA 0693,08/23/2023,Check,2504,Gregory Harder,,Refunds,-36.00,"40,975.51"
,103 Cash in BOA 0693,08/24/2023,Deposit,,Delta Dental,,Fees,766.60,"41,742.11"
,103 Cash in BOA 0693,08/24/2023,Expense,,Dr. Johnson's Withdrawal,,Johnson Transfer Withdrawals,"-2,500.00","39,242.11"
,103 Cash in BOA 0693,08/25/2023,Deposit,,Delta Dental,,Fees,657.90,"39,900.01"
,103 Cash in BOA 0693,08/25/2023,Expense,,ADP,,Payroll Service,-149.86,"39,750.15"
,103 Cash in BOA 0693,08/25/2023,Deposit,,MetLife,,Fees,586.00,"40,336.15"
,103 Cash in BOA 0693,08/25/2023,Deposit,,Wa St Hca,,Fees,"46,452.61","86,788.76"
,103 Cash in BOA 0693,08/25/2023,Deposit,,Syncrony Bank,,Fees,280.42,"87,069.18"
,103 Cash in BOA 0693,08/25/2023,Expense,,ADP,,Payroll Service,-107.31,"86,961.87"
,103 Cash in BOA 0693,08/25/2023,Deposit,,Delta Dental,,Fees,"3,554.00","90,515.87"
,103 Cash in BOA 0693,08/25/2023,Deposit,,MetLife,,Fees,632.10,"91,147.97"
,103 Cash in BOA 0693,08/25/2023,Expense,,Transfer Fee,,Office Supplies,-1.00,"91,146.97"
,103 Cash in BOA 0693,08/25/2023,Expense,,Google,,Advertising,-2.16,"91,144.81"
,103 Cash in BOA 0693,08/25/2023,Expense,,July Business Services,,Trust Fees,-705.30,"90,439.51"
,103 Cash in BOA 0693,08/28/2023,Expense,,Mt Adams Zen,,Contributions,-200.00,"90,239.51"
,103 Cash in BOA 0693,08/29/2023,Deposit,,Oregon Dental SV,,Fees,595.60,"90,835.11"
,103 Cash in BOA 0693,08/29/2023,Deposit,,Delta,,Fees,386.00,"91,221.11"
,103 Cash in BOA 0693,08/29/2023,Expense,,Dr. Johnson's Withdrawal,,Johnson Transfer Withdrawals,"-4,000.00","87,221.11"
,103 Cash in BOA 0693,08/29/2023,Expense,,Spotify,,Office Supplies,-18.47,"87,202.64"
,103 Cash in BOA 0693,08/29/2023,Check,2541,Even Olson,,Refunds,-65.40,"87,137.24"
,103 Cash in BOA 0693,08/30/2023,Deposit,,Delta,,Fees,193.00,"87,330.24"
,103 Cash in BOA 0693,08/30/2023,Expense,,ADP,,Payroll Clearing,"-4,627.51","82,702.73"
,103 Cash in BOA 0693,08/30/2023,Deposit,,Delta Dental,,Fees,179.00,"82,881.73"
,103 Cash in BOA 0693,08/30/2023,Deposit,,MetLife,,Fees,117.50,"82,999.23"
,103 Cash in BOA 0693,08/30/2023,Deposit,,MetLife,,Fees,"1,444.50","84,443.73"
,103 Cash in BOA 0693,08/30/2023,Expense,,Transfer Fee,,Office Supplies,-1.00,"84,442.73"
,103 Cash in BOA 0693,08/30/2023,Expense,,ADP,,Payroll Clearing,"-15,129.42","69,313.31"
,103 Cash in BOA 0693,08/30/2023,Expense,,JP Morgan Chase,,Auto Expense,-986.60,"68,326.71"
,103 Cash in BOA 0693,08/30/2023,Expense,,Cedr,,Practice Consultants,-149.00,"68,177.71"
,103 Cash in BOA 0693,08/30/2023,Expense,,ADP,,Payroll Clearing,-455.52,"67,722.19"
,103 Cash in BOA 0693,08/30/2023,Check,2544,Light USA,Laser Tips,Dental Supplies,-749.34,"66,972.85"
,103 Cash in BOA 0693,08/31/2023,Deposit,,Delta Dental,,Fees,201.20,"67,174.05"
,103 Cash in BOA 0693,08/31/2023,Deposit,,Delta Dental,,Fees,"2,470.00","69,644.05"
,103 Cash in BOA 0693,08/31/2023,Deposit,,,,Fees,507.00,"70,151.05"
,103 Cash in BOA 0693,09/01/2023,Deposit,,Delta Dental,,Fees,"4,089.32","74,240.37"
,103 Cash in BOA 0693,09/01/2023,Deposit,,Syncrony Bank,,Fees,179.33,"74,419.70"
,103 Cash in BOA 0693,09/01/2023,Deposit,,Wa St Hca,,Fees,"23,654.93","98,074.63"
,103 Cash in BOA 0693,09/01/2023,Deposit,,MetLife,,Fees,153.00,"98,227.63"
,103 Cash in BOA 0693,09/01/2023,Expense,,Medical Protect - Office Liability Insurance,,Malpractice Insurance,-793.00,"97,434.63"
,103 Cash in BOA 0693,09/01/2023,Deposit,,MetLife,,Fees,48.00,"97,482.63"
,103 Cash in BOA 0693,09/01/2023,Expense,,Medical Protect - Office Liability Insurance,,Malpractice Insurance,-574.00,"96,908.63"
,103 Cash in BOA 0693,09/01/2023,Expense,,Dr. Johnson's Withdrawal,,Johnson Transfer Withdrawals,"-6,000.00","90,908.63"
,103 Cash in BOA 0693,09/01/2023,Deposit,,,,Fees,618.00,"91,526.63"
,103 Cash in BOA 0693,09/05/2023,Expense,,Transfer Fee,,Office Supplies,-1.00,"91,525.63"
,103 Cash in BOA 0693,09/05/2023,Expense,,DropBox,,Office Supplies,-13.03,"91,512.60"
,103 Cash in BOA 0693,09/05/2023,Expense,,Bank Of America,,Credit Card Payable,"-39,971.67","51,540.93"
,103 Cash in BOA 0693,09/06/2023,Deposit,,Delta,,Fees,537.00,"52,077.93"
,103 Cash in BOA 0693,09/06/2023,Deposit,,Delta Dental,,Fees,85.00,"52,162.93"
,103 Cash in BOA 0693,09/06/2023,Deposit,,United Healthcare,,Fees,123.08,"52,286.01"
,103 Cash in BOA 0693,09/06/2023,Deposit,,Oregon Dental SV,,Fees,"2,062.39","54,348.40"
,103 Cash in BOA 0693,09/06/2023,Deposit,,Delta Dental,,Fees,509.60,"54,858.00"
,103 Cash in BOA 0693,09/06/2023,Check,2545,Carolina Calle,Reimbursement,Office Supplies,-777.53,"54,080.47"
,103 Cash in BOA 0693,09/07/2023,Deposit,,Delta Dental,,Fees,289.00,"54,369.47"
,103 Cash in BOA 0693,09/07/2023,Expense,,Apple.com,,Office Supplies,-9.99,"54,359.48"
,103 Cash in BOA 0693,09/07/2023,Expense,,YouTube,,Office Supplies,-24.99,"54,334.49"
,103 Cash in BOA 0693,09/08/2023,Deposit,,Delta Dental,,Fees,"1,224.40","55,558.89"
,103 Cash in BOA 0693,09/08/2023,Deposit,,Wa St Hca,,Fees,"22,483.15","78,042.04"
,103 Cash in BOA 0693,09/08/2023,Expense,,ADP,,Payroll Service,-107.31,"77,934.73"
,103 Cash in BOA 0693,09/11/2023,Deposit,,MetLife,,Fees,106.00,"78,040.73"
,103 Cash in BOA 0693,09/11/2023,Deposit,,MetLife,,Fees,48.00,"78,088.73"
,103 Cash in BOA 0693,09/12/2023,Deposit,,,,Fees,"1,655.85","79,744.58"
,103 Cash in BOA 0693,09/12/2023,Deposit,,Oregon Dental SV,,Fees,"1,376.40","81,120.98"
,103 Cash in BOA 0693,09/12/2023,Deposit,,MetLife,,Fees,564.00,"81,684.98"
,103 Cash in BOA 0693,09/12/2023,Deposit,,MetLife,,Fees,500.00,"82,184.98"
,103 Cash in BOA 0693,09/12/2023,Deposit,,Delta,,Fees,157.00,"82,341.98"
,103 Cash in BOA 0693,09/13/2023,Deposit,,,,Fees,450.00,"82,791.98"
,103 Cash in BOA 0693,09/13/2023,Expense,,Allstate,,Auto Expense,-354.88,"82,437.10"
,103 Cash in BOA 0693,09/13/2023,Deposit,,Delta Dental,,Fees,557.20,"82,994.30"
,103 Cash in BOA 0693,09/13/2023,Expense,,Dr. Johnson's Withdrawal,,Johnson Transfer Withdrawals,"-4,000.00","78,994.30"
,103 Cash in BOA 0693,09/14/2023,Expense,,ADP,,Payroll Clearing,"-4,550.11","74,444.19"
,103 Cash in BOA 0693,09/14/2023,Deposit,,Delta Dental,,Fees,408.00,"74,852.19"
,103 Cash in BOA 0693,09/14/2023,Expense,,ADP,,Payroll Clearing,"-15,003.06","59,849.13"
,103 Cash in BOA 0693,09/14/2023,Deposit,,Oregon Dental SV,,Fees,157.00,"60,006.13"
,103 Cash in BOA 0693,09/14/2023,Expense,,Transfer Fee,,Office Supplies,-1.00,"60,005.13"
,103 Cash in BOA 0693,09/14/2023,Deposit,,Delta Dental,,Fees,173.00,"60,178.13"
,103 Cash in BOA 0693,09/14/2023,Expense,,ADP,,Payroll Clearing,-455.52,"59,722.61"
,103 Cash in BOA 0693,09/14/2023,Deposit,,bill.com,,Office Supplies,0.01,"59,722.62"
,103 Cash in BOA 0693,09/14/2023,Expense,,Apple.com,,Office Supplies,-7.60,"59,715.02"
,103 Cash in BOA 0693,09/15/2023,Deposit,,,,Fees,133.20,"59,848.22"
,103 Cash in BOA 0693,09/15/2023,Deposit,,,,Fees,"3,097.50","62,945.72"
,103 Cash in BOA 0693,09/15/2023,Expense,,Dr. Johnson's Withdrawal,,Johnson Transfer Withdrawals,"-6,000.00","56,945.72"
,103 Cash in BOA 0693,09/15/2023,Deposit,,Wa St Hca,,Fees,"22,008.26","78,953.98"
,103 Cash in BOA 0693,09/15/2023,Deposit,,,,Fees,152.00,"79,105.98"
,103 Cash in BOA 0693,09/15/2023,Deposit,,bill.com,,Office Supplies,231.33,"79,337.31"
,103 Cash in BOA 0693,09/18/2023,Expense,,Transfer Fee,,Office Supplies,-1.00,"79,336.31"
,103 Cash in BOA 0693,09/18/2023,Expense,,Netflix,,Office Supplies,-21.73,"79,314.58"
,103 Cash in BOA 0693,09/19/2023,Deposit,,MetLife,,Fees,223.00,"79,537.58"
,103 Cash in BOA 0693,09/19/2023,Deposit,,Oregon Dental SV,,Fees,"2,275.00","81,812.58"
,103 Cash in BOA 0693,09/19/2023,Expense,,Transfer,,Cash in BOA 0716,"-20,000.00","61,812.58"
,103 Cash in BOA 0693,09/20/2023,Deposit,,Delta Dental,,Fees,223.00,"62,035.58"
,103 Cash in BOA 0693,09/21/2023,Deposit,,MetLife,,Fees,136.00,"62,171.58"
,103 Cash in BOA 0693,09/21/2023,Deposit,,Delta Dental,,Fees,157.00,"62,328.58"
,103 Cash in BOA 0693,09/21/2023,Expense,,Adobe,,Office Supplies,-10.86,"62,317.72"
,103 Cash in BOA 0693,09/21/2023,Check,2551,Donald Ruttenbur,,Refunds,-136.00,"62,181.72"
,103 Cash in BOA 0693,09/21/2023,Check,2549,Katherine Trabucco,,Refunds,-66.00,"62,115.72"
,103 Cash in BOA 0693,09/21/2023,Check,2553,Amanda Feather,,Refunds,-459.00,"61,656.72"
,103 Cash in BOA 0693,09/22/2023,Deposit,,Delta Dental,,Fees,644.00,"62,300.72"
,103 Cash in BOA 0693,09/22/2023,Deposit,,Wa St Hca,,Fees,"15,047.75","77,348.47"
,103 Cash in BOA 0693,09/22/2023,Expense,,ADP,,Payroll Service,-131.65,"77,216.82"
,103 Cash in BOA 0693,09/22/2023,Deposit,,MetLife,,Fees,206.00,"77,422.82"
,103 Cash in BOA 0693,09/22/2023,Deposit,,MetLife,,Fees,115.00,"77,537.82"
,103 Cash in BOA 0693,09/22/2023,Expense,,Dr. Johnson's Withdrawal,,Johnson Transfer Withdrawals,"-2,500.00","75,037.82"
,103 Cash in BOA 0693,09/25/2023,Deposit,,Delta Dental,,Fees,157.00,"75,194.82"
,103 Cash in BOA 0693,09/25/2023,Deposit,,Syncrony Bank,,Fees,325.80,"75,520.62"
,103 Cash in BOA 0693,09/25/2023,Expense,,Transfer Fee,,Office Supplies,-1.00,"75,519.62"
,103 Cash in BOA 0693,09/25/2023,Expense,,Wa Department Of,,Sales & Use Tax,"-3,306.51","72,213.11"
,103 Cash in BOA 0693,09/25/2023,Expense,,Google,,Advertising,-2.16,"72,210.95"
,103 Cash in BOA 0693,09/25/2023,Expense,,Apple.com,,Office Supplies,-7.60,"72,203.35"
,103 Cash in BOA 0693,09/26/2023,Deposit,,Delta,,Fees,33.60,"72,236.95"
,103 Cash in BOA 0693,09/26/2023,Deposit,,Oregon Dental SV,,Fees,617.00,"72,853.95"
,103 Cash in BOA 0693,09/26/2023,Deposit,,Delta Dental,,Fees,112.00,"72,965.95"
,103 Cash in BOA 0693,09/26/2023,Deposit,,Delta,,Fees,500.00,"73,465.95"
,103 Cash in BOA 0693,09/26/2023,Deposit,,,,Fees,202.00,"73,667.95"
,103 Cash in BOA 0693,09/26/2023,Expense,,Wa Department Of,,Sales & Use Tax,"-2,746.01","70,921.94"
,103 Cash in BOA 0693,09/27/2023,Deposit,,Delta,,Fees,85.00,"71,006.94"
,103 Cash in BOA 0693,09/27/2023,Expense,,Mt Adams Zen,,Contributions,-200.00,"70,806.94"
,103 Cash in BOA 0693,09/28/2023,Expense,,ADP,,Payroll Clearing,"-4,815.83","65,991.11"
,103 Cash in BOA 0693,09/28/2023,Deposit,,MetLife,,Fees,230.00,"66,221.11"
,103 Cash in BOA 0693,09/28/2023,Expense,,Dr. Johnson's Withdrawal,,Johnson Transfer Withdrawals,"-4,000.00","62,221.11"
,103 Cash in BOA 0693,09/28/2023,Deposit,,Syncrony Bank,,Fees,45.15,"62,266.26"
,103 Cash in BOA 0693,09/28/2023,Expense,,ADP,,Payroll Clearing,"-16,046.04","46,220.22"
,103 Cash in BOA 0693,09/28/2023,Deposit,,Delta Dental,,Fees,164.00,"46,384.22"
,103 Cash in BOA 0693,09/28/2023,Deposit,,MetLife,,Fees,318.00,"46,702.22"
,103 Cash in BOA 0693,09/28/2023,Expense,,ADP,,Payroll Clearing,-5.75,"46,696.47"
,103 Cash in BOA 0693,09/29/2023,Deposit,,,,Fees,"1,894.42","48,590.89"
,103 Cash in BOA 0693,09/29/2023,Expense,,Transfer Fee,,Office Supplies,-1.00,"48,589.89"
,103 Cash in BOA 0693,09/29/2023,Deposit,,Oregon Dental SV,,Fees,357.00,"48,946.89"
,103 Cash in BOA 0693,09/29/2023,Deposit,,MetLife,,Fees,655.00,"49,601.89"
,103 Cash in BOA 0693,09/29/2023,Expense,,ADP,,Payroll Service,-147.26,"49,454.63"
,103 Cash in BOA 0693,09/29/2023,Deposit,,Wa St Hca,,Fees,"36,869.08","86,323.71"
,103 Cash in BOA 0693,09/29/2023,Expense,,Spotify,,Office Supplies,-18.47,"86,305.24"
,103 Cash in BOA 0693,10/01/2023,Check,2554,Cascade Parks Kiwanis,,Refunds,-130.00,"86,175.24"
,103 Cash in BOA 0693,10/01/2023,Check,2558,Angela Michaelis,,Refunds,-28.00,"86,147.24"
,103 Cash in BOA 0693,10/01/2023,Check,2550,Wannapat Vajaradesa,,Refunds,-55.00,"86,092.24"
,103 Cash in BOA 0693,10/01/2023,Check,2548,Amin Arellano,,Refunds,-10.50,"86,081.74"
,103 Cash in BOA 0693,10/01/2023,Check,2484,Devin Murrell,,Refunds,-120.00,"85,961.74"
,103 Cash in BOA 0693,10/01/2023,Check,2546,Karolina Cehajic,,Refunds,-32.00,"85,929.74"
,103 Cash in BOA 0693,10/02/2023,Expense,,Dr. Johnson's Withdrawal,,Johnson Transfer Withdrawals,"-6,000.00","79,929.74"
,103 Cash in BOA 0693,10/02/2023,Expense,,DropBox,,Office Supplies,-13.03,"79,916.71"
,103 Cash in BOA 0693,10/02/2023,Expense,,Cedr,,Practice Consultants,-149.00,"79,767.71"
,103 Cash in BOA 0693,10/02/2023,Expense,,JP Morgan Chase,,Auto Expense,-986.60,"78,781.11"
,103 Cash in BOA 0693,10/03/2023,Deposit,,Delta,,Fees,148.00,"78,929.11"
,103 Cash in BOA 0693,10/03/2023,Deposit,,Oregon Dental SV,,Fees,275.00,"79,204.11"
,103 Cash in BOA 0693,10/03/2023,Expense,,Transfer Fee,,Office Supplies,-1.00,"79,203.11"
,103 Cash in BOA 0693,10/03/2023,Deposit,,United Concordia,,Fees,450.00,"79,653.11"
,103 Cash in BOA 0693,10/04/2023,Deposit,,Delta Dental,,Fees,845.40,"80,498.51"
,103 Cash in BOA 0693,10/04/2023,Deposit,,Dentegra,,Dental Supplies,85.96,"80,584.47"
,103 Cash in BOA 0693,10/04/2023,Check,2560,Maxwell Peters,,Refunds,-24.80,"80,559.67"
,103 Cash in BOA 0693,10/05/2023,Deposit,,Delta Dental,,Fees,22.00,"80,581.67"
,103 Cash in BOA 0693,10/05/2023,Check,2559,Lisa Conrad,,Refunds,-45.00,"80,536.67"
,103 Cash in BOA 0693,10/05/2023,Check,2557,Thomas Dyar,,Refunds,-80.40,"80,456.27"
,103 Cash in BOA 0693,10/05/2023,Check,2556,Karina Martinez,,Refunds,-36.00,"80,420.27"
,103 Cash in BOA 0693,10/05/2023,Check,2555,Curtis Kirk,,Refunds,-36.00,"80,384.27"
,103 Cash in BOA 0693,10/06/2023,Deposit,,Wa St Hca,,Fees,"14,420.21","94,804.48"
,103 Cash in BOA 0693,10/06/2023,Deposit,,Delta Dental,,Fees,"1,607.00","96,411.48"
,103 Cash in BOA 0693,10/06/2023,Expense,,ADP,,Payroll Service,-112.70,"96,298.78"
,103 Cash in BOA 0693,10/10/2023,Deposit,,Delta Dental,,Fees,157.00,"96,455.78"
,103 Cash in BOA 0693,10/10/2023,Deposit,,Delta Dental,,Fees,177.00,"96,632.78"
,103 Cash in BOA 0693,10/10/2023,Deposit,,United Concordia,,Fees,685.15,"97,317.93"
,103 Cash in BOA 0693,10/10/2023,Expense,,Apple.com,,Office Supplies,-9.99,"97,307.94"
,103 Cash in BOA 0693,10/10/2023,Expense,,Google,,Advertising,-24.99,"97,282.95"
,103 Cash in BOA 0693,10/11/2023,Deposit,,Delta Dental,,Fees,146.00,"97,428.95"
,103 Cash in BOA 0693,10/11/2023,Deposit,,Oregon Dental SV,,Fees,970.60,"98,399.55"
,103 Cash in BOA 0693,10/12/2023,Expense,,ADP,,,"-5,326.26","93,073.29"
,103 Cash in BOA 0693,10/12/2023,Deposit,,Delta Dental,,Fees,93.00,"93,166.29"
,103 Cash in BOA 0693,10/12/2023,Expense,,ADP,,Payroll Clearing,"-17,208.75","75,957.54"
,103 Cash in BOA 0693,10/13/2023,Deposit,,Delta Dental,,Fees,"1,444.00","77,401.54"
,103 Cash in BOA 0693,10/13/2023,Expense,,Allstate,,Auto Expense,-354.88,"77,046.66"
,103 Cash in BOA 0693,10/13/2023,Deposit,,Wa St Hca,,Fees,"17,371.20","94,417.86"
,103 Cash in BOA 0693,10/13/2023,Expense,,Dr. Johnson's Withdrawal,,Johnson Transfer Withdrawals,"-4,000.00","90,417.86"
,103 Cash in BOA 0693,10/13/2023,Deposit,,Delta Dental,,Fees,276.80,"90,694.66"
,103 Cash in BOA 0693,10/16/2023,Deposit,,Transfer,,BOA Secondary Checking 0246,"-1,500.00","89,194.66"
,103 Cash in BOA 0693,10/16/2023,Deposit,,MetLife,,Fees,136.00,"89,330.66"
,103 Cash in BOA 0693,10/16/2023,Deposit,,MetLife,,Fees,212.00,"89,542.66"
,103 Cash in BOA 0693,10/16/2023,Deposit,,Oregon Dental SV,,Fees,242.00,"89,784.66"
,103 Cash in BOA 0693,10/16/2023,Credit Card Payment,,Bank Of America,,Credit Card Payable,"-29,718.50","60,066.16"
,103 Cash in BOA 0693,10/16/2023,Expense,,Transfer Fee,,Office Supplies,-1.00,"60,065.16"
,103 Cash in BOA 0693,10/16/2023,Deposit,,MetLife,,Fees,136.00,"60,201.16"
,103 Cash in BOA 0693,10/16/2023,Expense,,Apple.com,,Office Supplies,-7.60,"60,193.56"
,103 Cash in BOA 0693,10/16/2023,Deposit,,Delta Dental,,Fees,157.00,"60,350.56"
,103 Cash in BOA 0693,10/16/2023,Expense,,Netflix,,Office Supplies,-21.73,"60,328.83"
,103 Cash in BOA 0693,10/17/2023,Deposit,,United Concordia,,Fees,345.10,"60,673.93"
,103 Cash in BOA 0693,10/17/2023,Expense,,Dr. Johnson's Withdrawal,,Johnson Transfer Withdrawals,"-6,000.00","54,673.93"
,103 Cash in BOA 0693,10/18/2023,Deposit,,Delta Dental,,Fees,386.00,"55,059.93"
,103 Cash in BOA 0693,10/18/2023,Deposit,,MetLife,,Fees,272.00,"55,331.93"
,103 Cash in BOA 0693,10/18/2023,Expense,,Transfer Fee,,Office Supplies,-1.00,"55,330.93"
,103 Cash in BOA 0693,10/18/2023,Check,2547,Sherry Lilenthal,,Refunds,-60.88,"55,270.05"
,103 Cash in BOA 0693,10/19/2023,Deposit,,Delta Dental,,Fees,408.00,"55,678.05"
,103 Cash in BOA 0693,10/19/2023,Deposit,,UMR,,Fees,288.00,"55,966.05"
,103 Cash in BOA 0693,10/19/2023,Deposit,,Delta,,Fees,731.00,"56,697.05"
,103 Cash in BOA 0693,10/20/2023,Deposit,,Delta Dental,,Fees,"2,896.10","59,593.15"
,103 Cash in BOA 0693,10/20/2023,Deposit,,Wa St Hca,,Fees,"37,925.99","97,519.14"
,103 Cash in BOA 0693,10/20/2023,Expense,,ADP,,Payroll Service,-131.65,"97,387.49"
,103 Cash in BOA 0693,10/20/2023,Deposit,,Delta Dental,,Fees,260.00,"97,647.49"
,103 Cash in BOA 0693,10/20/2023,Deposit,,UHCD,,Fees,162.00,"97,809.49"
,103 Cash in BOA 0693,10/21/2023,Check,2566,Crystal D'Amico,,Refunds,-70.00,"97,739.49"
,103 Cash in BOA 0693,10/23/2023,Expense,,Adobe,,Office Supplies,-10.86,"97,728.63"
,103 Cash in BOA 0693,10/24/2023,Deposit,,Oregon Dental SV,,Fees,"1,586.90","99,315.53"
,103 Cash in BOA 0693,10/24/2023,Expense,,Dr. Johnson's Withdrawal,,Johnson Transfer Withdrawals,"-2,500.00","96,815.53"
,103 Cash in BOA 0693,10/24/2023,Deposit,,UHCD,,Fees,108.00,"96,923.53"
,103 Cash in BOA 0693,10/24/2023,Deposit,,United Concordia,,Fees,"2,600.15","99,523.68"
,103 Cash in BOA 0693,10/25/2023,Deposit,,Delta,,Fees,193.00,"99,716.68"
,103 Cash in BOA 0693,10/25/2023,Expense,,The Hartford,,Malpractice Insurance,-657.30,"99,059.38"
,103 Cash in BOA 0693,10/25/2023,Deposit,,MetLife,,Fees,156.00,"99,215.38"
,103 Cash in BOA 0693,10/25/2023,Deposit,,MetLife,,Fees,"2,150.40","101,365.78"
,103 Cash in BOA 0693,10/25/2023,Expense,,Transfer Fee,,Office Supplies,-1.00,"101,364.78"
,103 Cash in BOA 0693,10/25/2023,Expense,,Google,,Advertising,-2.16,"101,362.62"
,103 Cash in BOA 0693,10/26/2023,Expense,,ADP,,Staff Payroll Taxes,-147.33,"101,215.29"
,103 Cash in BOA 0693,10/26/2023,Deposit,,Delta Dental,,Fees,386.00,"101,601.29"
,103 Cash in BOA 0693,10/26/2023,Deposit,,MetLife,,Fees,236.00,"101,837.29"
,103 Cash in BOA 0693,10/26/2023,Deposit,,Delta Dental,,Fees,114.70,"101,951.99"
,103 Cash in BOA 0693,10/26/2023,Deposit,,Delta Dental,,Fees,744.10,"102,696.09"
,103 Cash in BOA 0693,10/26/2023,Deposit,,UHCD,,Fees,162.00,"102,858.09"
,103 Cash in BOA 0693,10/26/2023,Deposit,,Delta,,Fees,386.00,"103,244.09"
,103 Cash in BOA 0693,10/26/2023,Deposit,,Transfer,,BOA Secondary Checking 0246,"-4,500.00","98,744.09"
,103 Cash in BOA 0693,10/27/2023,Deposit,,Delta Dental,,Fees,"1,143.50","99,887.59"
,103 Cash in BOA 0693,10/27/2023,Deposit,,Wa St Hca,,Fees,"38,271.42","138,159.01"
,103 Cash in BOA 0693,10/27/2023,Deposit,,MetLife,,Fees,166.00,"138,325.01"
,103 Cash in BOA 0693,10/27/2023,Expense,,ADP,,Payroll Service,-144.66,"138,180.35"
,103 Cash in BOA 0693,10/27/2023,Expense,,Dr. Johnson's Withdrawal,,Johnson Transfer Withdrawals,"-4,000.00","134,180.35"
,103 Cash in BOA 0693,10/27/2023,Expense,,Mt Adams Zen,,Contributions,-200.00,"133,980.35"
,103 Cash in BOA 0693,10/27/2023,Expense,,Wa Department Of,,Sales & Use Tax,"-2,944.36","131,035.99"
,103 Cash in BOA 0693,10/30/2023,Expense,,ADP,,,"-4,763.44","126,272.55"
,103 Cash in BOA 0693,10/30/2023,Expense,,ADP,,Payroll Clearing,"-16,315.71","109,956.84"
,103 Cash in BOA 0693,10/30/2023,Deposit,,Delta Dental,,Fees,316.80,"110,273.64"
,103 Cash in BOA 0693,10/30/2023,Expense,,Transfer Fee,,Office Supplies,-1.00,"110,272.64"
,103 Cash in BOA 0693,10/30/2023,Expense,,Spotify,,Office Supplies,-18.47,"110,254.17"
,103 Cash in BOA 0693,10/30/2023,Deposit,,Bank Of America,,Cash in BOA 0716,"-30,000.00","80,254.17"
,103 Cash in BOA 0693,10/31/2023,Deposit,,Delta,,Fees,350.00,"80,604.17"
,103 Cash in BOA 0693,10/31/2023,Deposit,,Oregon Dental SV,,Fees,"1,517.50","82,121.67"
,103 Cash in BOA 0693,10/31/2023,Deposit,,Delta,,Fees,157.00,"82,278.67"
,103 Cash in BOA 0693,10/31/2023,Deposit,,United Concordia,,Fees,544.60,"82,823.27"
,103 Cash in BOA 0693,10/31/2023,Expense,,Cedr,,Practice Consultants,-149.00,"82,674.27"
,103 Cash in BOA 0693,10/31/2023,Expense,,JP Morgan Chase,,Auto Expense,-986.60,"81,687.67"
,103 Cash in BOA 0693,10/31/2023,Expense,,wayfair,,710.1 Office Supplies - PPT,-841.27,"80,846.40"
,103 Cash in BOA 0693,10/31/2023,Check,2568,Vanessa Gonzales,,Refunds,-241.00,"80,605.40"
,103 Cash in BOA 0693,10/31/2023,Check,2573,Curtis Gross,,Refunds,-31.00,"80,574.40"
,103 Cash in BOA 0693,10/31/2023,Check,2564,Jeremy Reinholt,,Refunds,-63.00,"80,511.40"
,103 Cash in BOA 0693,10/31/2023,Check,2562,Alexandra Holbrook,,Refunds,-36.00,"80,475.40"
,103 Cash in BOA 0693,10/31/2023,Check,2571,Jonathan Ocasio,,Refunds,-102.75,"80,372.65"
,103 Cash in BOA 0693,10/31/2023,Check,2567,Dmitry Linchuk,,Refunds,-557.60,"79,815.05"
,103 Cash in BOA 0693,10/31/2023,Check,2570,Joe Villela,,Refunds,-39.10,"79,775.95"
,103 Cash in BOA 0693,10/31/2023,Check,2565,John Geiger,,Refunds,-30.00,"79,745.95"
,103 Cash in BOA 0693,11/01/2023,Expense,,Dr. Johnson's Withdrawal,,Johnson Transfer Withdrawals,"-6,000.00","73,745.95"
,103 Cash in BOA 0693,11/01/2023,Deposit,,Delta,,Fees,194.00,"73,939.95"
,103 Cash in BOA 0693,11/02/2023,Expense,,Transfer Fee,,Office Supplies,-1.00,"73,938.95"
,103 Cash in BOA 0693,11/02/2023,Expense,,Medical Protect - Office Liability Insurance,,Malpractice Insurance,-575.00,"73,363.95"
,103 Cash in BOA 0693,11/02/2023,Expense,,Medical Protect - Office Liability Insurance,,Malpractice Insurance,-172.00,"73,191.95"
,103 Cash in BOA 0693,11/02/2023,Deposit,,Delta Dental,,Fees,912.00,"74,103.95"
,103 Cash in BOA 0693,11/02/2023,Expense,,DropBox,,Office Supplies,-13.03,"74,090.92"
,103 Cash in BOA 0693,11/03/2023,Deposit,,Delta Dental,,Fees,"3,213.72","77,304.64"
,103 Cash in BOA 0693,11/03/2023,Deposit,,MetLife,,Fees,88.00,"77,392.64"
,103 Cash in BOA 0693,11/03/2023,Deposit,,Wa St Hca,,Fees,"16,561.73","93,954.37"
,103 Cash in BOA 0693,11/03/2023,Deposit,,MetLife,,Fees,136.00,"94,090.37"
,103 Cash in BOA 0693,11/07/2023,Deposit,,Oregon Dental SV,,Fees,"1,751.00","95,841.37"
,103 Cash in BOA 0693,11/07/2023,Deposit,,UHCD,,Fees,420.00,"96,261.37"
,103 Cash in BOA 0693,11/07/2023,Deposit,,United Concordia,,Fees,773.51,"97,034.88"
,103 Cash in BOA 0693,11/07/2023,Expense,,YouTube,,Advertising,-24.99,"97,009.89"
,103 Cash in BOA 0693,11/07/2023,Expense,,Apple,,Office Supplies,-9.99,"96,999.90"
,103 Cash in BOA 0693,11/08/2023,Deposit,,Delta,,Fees,635.00,"97,634.90"
,103 Cash in BOA 0693,11/08/2023,Deposit,,Dentegra,,Dental Supplies,88.00,"97,722.90"
,103 Cash in BOA 0693,11/08/2023,Deposit,,UMR,,Fees,328.00,"98,050.90"
,103 Cash in BOA 0693,11/09/2023,Deposit,,Wa St Hca,,Fees,"19,809.52","117,860.42"
,103 Cash in BOA 0693,11/09/2023,Expense,,Bank Of America,,Cash in BOA 0716,"-10,000.00","107,860.42"
,103 Cash in BOA 0693,11/09/2023,Expense,,,,BOA Secondary Checking 0246,"-10,000.00","97,860.42"
,103 Cash in BOA 0693,11/09/2023,Check,2576,Dalice Chek,,Refunds,-30.00,"97,830.42"
,103 Cash in BOA 0693,11/09/2023,Check,2561,Javier Torrez,,Refunds,-129.25,"97,701.17"
,103 Cash in BOA 0693,11/09/2023,Check,2574,Kyle Winters,,Refunds,-9.00,"97,692.17"
,103 Cash in BOA 0693,11/09/2023,Check,2577,Brianna Carlson,,Refunds,-440.08,"97,252.09"
,103 Cash in BOA 0693,11/09/2023,Check,2575,Julie Acda,,Refunds,-73.10,"97,178.99"
,103 Cash in BOA 0693,11/10/2023,Deposit,,Delta Dental,,Fees,"1,957.20","99,136.19"
,103 Cash in BOA 0693,11/10/2023,Deposit,,Syncrony Bank,,Fees,316.18,"99,452.37"
,103 Cash in BOA 0693,11/10/2023,Expense,,Dr. Johnson's Withdrawal,,Withdrawals,"-4,000.00","95,452.37"
,103 Cash in BOA 0693,11/10/2023,Expense,,ADP,,Payroll Service,-115.35,"95,337.02"
,103 Cash in BOA 0693,11/13/2023,Deposit,,MetLife,,Fees,16.00,"95,353.02"
,103 Cash in BOA 0693,11/13/2023,Expense,,Transfer Fee,,Office Supplies,-1.00,"95,352.02"
,103 Cash in BOA 0693,11/14/2023,Expense,,ADP,,,"-5,086.64","90,265.38"
,103 Cash in BOA 0693,11/14/2023,Deposit,,United Concordia,,Fees,348.65,"90,614.03"
,103 Cash in BOA 0693,11/14/2023,Deposit,,Oregon Dental SV,,Fees,556.50,"91,170.53"
,103 Cash in BOA 0693,11/14/2023,Expense,,Allstate,,Auto Expense,-303.05,"90,867.48"
,103 Cash in BOA 0693,11/14/2023,Expense,,ADP,,Payroll Clearing,"-16,819.60","74,047.88"
,103 Cash in BOA 0693,11/14/2023,Expense,,Apple,,Office Supplies,-7.60,"74,040.28"
,103 Cash in BOA 0693,11/15/2023,Deposit,,Delta,,Fees,296.00,"74,336.28"
,103 Cash in BOA 0693,11/15/2023,Deposit,,Oregon Dental SV,,Fees,388.00,"74,724.28"
,103 Cash in BOA 0693,11/16/2023,Expense,,Dr. Johnson's Withdrawal,,Withdrawals,"-6,000.00","68,724.28"
,103 Cash in BOA 0693,11/16/2023,Expense,,Netflix,,Office Supplies,-21.73,"68,702.55"
,103 Cash in BOA 0693,11/17/2023,Deposit,,Delta Dental,,Fees,"3,189.00","71,891.55"
,103 Cash in BOA 0693,11/17/2023,Deposit,,Wa St Hca,,Fees,"40,241.10","112,132.65"
,103 Cash in BOA 0693,11/17/2023,Deposit,,Delta,,Fees,543.00,"112,675.65"
,103 Cash in BOA 0693,11/17/2023,Expense,,ADP,,Payroll Service,-18.95,"112,656.70"
,103 Cash in BOA 0693,11/17/2023,Expense,,Transfer Fee,,Office Supplies,-1.00,"112,655.70"
,103 Cash in BOA 0693,11/21/2023,Deposit,,Oregon Dental SV,,Fees,"2,250.00","114,905.70"
,103 Cash in BOA 0693,11/21/2023,Deposit,,United Concordia,,Fees,753.00,"115,658.70"
,103 Cash in BOA 0693,11/21/2023,Deposit,,Delta,,Fees,164.00,"115,822.70"
,103 Cash in BOA 0693,11/21/2023,Expense,,Adobe,,Office Supplies,-10.86,"115,811.84"
,103 Cash in BOA 0693,11/22/2023,Deposit,,Delta,,Fees,314.00,"116,125.84"
,103 Cash in BOA 0693,11/22/2023,Deposit,,Wa St Hca,,Fees,"12,410.02","128,535.86"
,103 Cash in BOA 0693,11/22/2023,Deposit,,MetLife,,Fees,396.00,"128,931.86"
,103 Cash in BOA 0693,11/22/2023,Deposit,,Delta,,Fees,217.00,"129,148.86"
,103 Cash in BOA 0693,11/22/2023,Deposit,,MetLife,,Fees,118.00,"129,266.86"
,103 Cash in BOA 0693,11/22/2023,Deposit,,Delta Dental,,Fees,63.00,"129,329.86"
,103 Cash in BOA 0693,11/22/2023,Expense,,Holiday Moods Adventures,,Withdrawals,"-3,594.61","125,735.25"
,103 Cash in BOA 0693,11/22/2023,Deposit,,,,Cash in BOA 0716,"-50,000.00","75,735.25"
,103 Cash in BOA 0693,11/24/2023,Deposit,,Delta Dental,,Fees,173.70,"75,908.95"
,103 Cash in BOA 0693,11/24/2023,Deposit,,Delta Dental,,Fees,"2,613.00","78,521.95"
,103 Cash in BOA 0693,11/24/2023,Expense,,ADP,,Payroll Service,-147.26,"78,374.69"
,103 Cash in BOA 0693,11/24/2023,Expense,,Dr. Johnson's Withdrawal,,Withdrawals,"-2,500.00","75,874.69"
,103 Cash in BOA 0693,11/24/2023,Expense,,ADP,,Payroll Service,-115.35,"75,759.34"
,103 Cash in BOA 0693,11/27/2023,Deposit,,United Concordia,,Fees,395.85,"76,155.19"
,103 Cash in BOA 0693,11/27/2023,Deposit,,MetLife,,Fees,230.00,"76,385.19"
,103 Cash in BOA 0693,11/27/2023,Deposit,,MetLife,,Fees,181.00,"76,566.19"
,103 Cash in BOA 0693,11/27/2023,Expense,,The Hartford,,Malpractice Insurance,-657.30,"75,908.89"
,103 Cash in BOA 0693,11/27/2023,Expense,,Transfer Fee,,Office Supplies,-1.00,"75,907.89"
,103 Cash in BOA 0693,11/27/2023,Expense,,Dr. Johnson's Withdrawal,,Withdrawals,"-4,000.00","71,907.89"
,103 Cash in BOA 0693,11/27/2023,Expense,,Google,,Advertising,-2.16,"71,905.73"
,103 Cash in BOA 0693,11/27/2023,Expense,,July Business Services,,Trust Fees,-708.30,"71,197.43"
,103 Cash in BOA 0693,11/27/2023,Expense,,Mt Adams Zen,,Contributions,-200.00,"70,997.43"
,103 Cash in BOA 0693,11/28/2023,Deposit,,Oregon Dental SV,,Fees,"2,279.00","73,276.43"
,103 Cash in BOA 0693,11/28/2023,Deposit,,MetLife,,Fees,"1,101.00","74,377.43"
,103 Cash in BOA 0693,11/28/2023,Expense,,Transfer Fee,,Office Supplies,-1.00,"74,376.43"
,103 Cash in BOA 0693,11/29/2023,Expense,,ADP,,,"-4,029.67","70,346.76"
,103 Cash in BOA 0693,11/29/2023,Deposit,,UHCD,,Fees,300.00,"70,646.76"
,103 Cash in BOA 0693,11/29/2023,Deposit,,Oregon Dental SV,,Fees,193.00,"70,839.76"
,103 Cash in BOA 0693,11/29/2023,Deposit,,Delta Dental,,Fees,85.00,"70,924.76"
,103 Cash in BOA 0693,11/29/2023,Expense,,ADP,,Payroll Clearing,"-20,402.38","50,522.38"
,103 Cash in BOA 0693,11/29/2023,Expense,,Spotify,,Office Supplies,-18.47,"50,503.91"
,103 Cash in BOA 0693,11/29/2023,Expense,,Wa Department Of,,Sales & Use Tax,"-2,895.07","47,608.84"
,103 Cash in BOA 0693,11/30/2023,Expense,,Cedr,,Practice Consultants,-149.00,"47,459.84"
,103 Cash in BOA 0693,12/01/2023,Deposit,,Delta Dental,,Fees,"1,646.85","49,106.69"
,103 Cash in BOA 0693,12/01/2023,Deposit,,Delta Dental,,Fees,266.40,"49,373.09"
,103 Cash in BOA 0693,12/01/2023,Deposit,,Wa St Hca,,Fees,"16,485.90","65,858.99"
,103 Cash in BOA 0693,12/01/2023,Deposit,,MetLife,,Fees,166.00,"66,024.99"
,103 Cash in BOA 0693,12/01/2023,Deposit,,MetLife,,Fees,88.00,"66,112.99"
,103 Cash in BOA 0693,12/01/2023,Expense,,Dr. Johnson's Withdrawal,,Withdrawals,"-6,000.00","60,112.99"
,103 Cash in BOA 0693,12/01/2023,Expense,,GS Bank,,Withdrawals,"-2,952.29","57,160.70"
,103 Cash in BOA 0693,12/04/2023,Deposit,,Delta Dental,,Fees,462.00,"57,622.70"
,103 Cash in BOA 0693,12/04/2023,Expense,,Transfer Fee,,Office Supplies,-1.00,"57,621.70"
,103 Cash in BOA 0693,12/04/2023,Expense,,DropBox,,Office Supplies,-13.03,"57,608.67"
,103 Cash in BOA 0693,12/05/2023,Deposit,,Delta,,Fees,498.00,"58,106.67"
,103 Cash in BOA 0693,12/05/2023,Deposit,,Oregon Dental SV,,Fees,561.43,"58,668.10"
,103 Cash in BOA 0693,12/05/2023,Expense,,Medical Protect - Office Liability Insurance,,Malpractice Insurance,-792.00,"57,876.10"
,103 Cash in BOA 0693,12/05/2023,Deposit,,Delta Dental,,Fees,446.00,"58,322.10"
,103 Cash in BOA 0693,12/05/2023,Deposit,,UHCD,,Fees,290.00,"58,612.10"
,103 Cash in BOA 0693,12/06/2023,Deposit,,MetLife,,Fees,17.00,"58,629.10"
,103 Cash in BOA 0693,12/06/2023,Deposit,,Delta Dental,,Fees,579.00,"59,208.10"
,103 Cash in BOA 0693,12/06/2023,Deposit,,Delta Dental,,Fees,538.00,"59,746.10"
,103 Cash in BOA 0693,12/06/2023,Credit Card Payment,,Bank Of America,,Credit Card Payable,"-20,000.00","39,746.10"
,103 Cash in BOA 0693,12/06/2023,Deposit,,Delta,,Fees,118.40,"39,864.50"
,103 Cash in BOA 0693,12/07/2023,Deposit,,Delta Dental,,Fees,191.00,"40,055.50"
,103 Cash in BOA 0693,12/07/2023,Deposit,,Delta Dental,,Fees,162.00,"40,217.50"
,103 Cash in BOA 0693,12/07/2023,Expense,,Google,,Advertising,-24.99,"40,192.51"
,103 Cash in BOA 0693,12/07/2023,Expense,,Apple,,Office Supplies,-9.99,"40,182.52"
,103 Cash in BOA 0693,12/08/2023,Deposit,,Delta Dental,,Fees,"2,733.00","42,915.52"
,103 Cash in BOA 0693,12/08/2023,Deposit,,Wa St Hca,,Fees,"13,188.37","56,103.89"
,103 Cash in BOA 0693,12/08/2023,Deposit,,MetLife,,Fees,317.00,"56,420.89"
,103 Cash in BOA 0693,12/08/2023,Expense,,ADP,,Payroll Service,-206.61,"56,214.28"
,103 Cash in BOA 0693,12/08/2023,Check,2587,Klarissa Cooks,,Payroll Clearing,-200.00,"56,014.28"
,103 Cash in BOA 0693,12/08/2023,Check,2590,Mychela Taylor,,Payroll Clearing,-200.00,"55,814.28"
,103 Cash in BOA 0693,12/08/2023,Check,2591,Keeley Parks,,Payroll Clearing,-200.00,"55,614.28"
,103 Cash in BOA 0693,12/08/2023,Check,2583,Mariana Koum-Lopez,,Payroll Clearing,-200.00,"55,414.28"
,103 Cash in BOA 0693,12/08/2023,Check,2579,Margaliz Orozco,,Payroll Clearing,-200.00,"55,214.28"
,103 Cash in BOA 0693,12/08/2023,Check,2580,Carolina Calle,,Payroll Clearing,-200.00,"55,014.28"
,103 Cash in BOA 0693,12/08/2023,Check,2589,Nicole Oana,,Payroll Clearing,-200.00,"54,814.28"
,103 Cash in BOA 0693,12/08/2023,Check,2584,Ellie Babb,,Payroll Clearing,-200.00,"54,614.28"
,103 Cash in BOA 0693,12/08/2023,Check,2585,Lekana Ouk,,Payroll Clearing,-200.00,"54,414.28"
,103 Cash in BOA 0693,12/08/2023,Check,2588,Alexandra Harmand,,Payroll Clearing,-200.00,"54,214.28"
,103 Cash in BOA 0693,12/08/2023,Check,2586,Lizbeth DeJesus,,Payroll Clearing,-200.00,"54,014.28"
,103 Cash in BOA 0693,12/08/2023,Check,2581,Tawni Barr,,Payroll Clearing,-200.00,"53,814.28"
,103 Cash in BOA 0693,12/08/2023,Check,2582,Karina Dzyubenko,,Payroll Clearing,-200.00,"53,614.28"
,103 Cash in BOA 0693,12/11/2023,Deposit,,MetLife,,Fees,166.00,"53,780.28"
,103 Cash in BOA 0693,12/11/2023,Expense,,,,Cash in BOA 0716,"10,000.00","63,780.28"
,103 Cash in BOA 0693,12/12/2023,Expense,,Dr. Johnson's Withdrawal,,Withdrawals,"-4,000.00","59,780.28"
,103 Cash in BOA 0693,12/12/2023,Deposit,,Oregon Dental SV,,Fees,"1,261.20","61,041.48"
,103 Cash in BOA 0693,12/12/2023,Deposit,,Delta,,Fees,626.00,"61,667.48"
,103 Cash in BOA 0693,12/12/2023,Deposit,,United Concordia,,Fees,"1,002.40","62,669.88"
,103 Cash in BOA 0693,12/13/2023,Deposit,,Delta,,Fees,118.40,"62,788.28"
,103 Cash in BOA 0693,12/13/2023,Expense,,Allstate,,Auto Expense,-394.26,"62,394.02"
,103 Cash in BOA 0693,12/13/2023,Expense,,Transfer Fee,,Office Supplies,-1.00,"62,393.02"
,103 Cash in BOA 0693,12/14/2023,Expense,,ADP,,,"-17,845.86","44,547.16"
,103 Cash in BOA 0693,12/14/2023,Expense,,ADP,,Payroll Clearing,"-36,752.19","7,794.97"
,103 Cash in BOA 0693,12/14/2023,Expense,,ADP,,Payroll Clearing,-365.23,"7,429.74"
,103 Cash in BOA 0693,12/14/2023,Deposit,,Delta,,Fees,401.70,"7,831.44"
,103 Cash in BOA 0693,12/14/2023,Deposit,,MetLife,,Fees,251.00,"8,082.44"
,103 Cash in BOA 0693,12/14/2023,Deposit,,Delta Dental,,Fees,484.00,"8,566.44"
,103 Cash in BOA 0693,12/14/2023,Deposit,,Delta Dental,,Fees,193.00,"8,759.44"
,103 Cash in BOA 0693,12/14/2023,Expense,,Apple,,Office Supplies,-10.86,"8,748.58"
,103 Cash in BOA 0693,12/15/2023,Deposit,,Delta Dental,,Fees,316.80,"9,065.38"
,103 Cash in BOA 0693,12/15/2023,Deposit,,Delta Dental,,Fees,"3,391.00","12,456.38"
,103 Cash in BOA 0693,12/15/2023,Deposit,,Wa St Hca,,Fees,"28,867.32","41,323.70"
,103 Cash in BOA 0693,12/15/2023,Deposit,,Delta Dental,,Fees,269.00,"41,592.70"
,103 Cash in BOA 0693,12/15/2023,Expense,,Dr. Johnson's Withdrawal,,Withdrawals,"-6,000.00","35,592.70"
,103 Cash in BOA 0693,12/15/2023,Expense,,Godaddy.com,,Advertising,-32.54,"35,560.16"
,103 Cash in BOA 0693,12/18/2023,Expense,,AFLAC,,Employee Benefits,-125.52,"35,434.64"
,103 Cash in BOA 0693,12/18/2023,Expense,,Transfer Fee,,Office Supplies,-1.00,"35,433.64"
,103 Cash in BOA 0693,12/18/2023,Expense,,Netflix,,Office Supplies,-24.99,"35,408.65"
,103 Cash in BOA 0693,12/19/2023,Deposit,,Delta,,Fees,306.00,"35,714.65"
,103 Cash in BOA 0693,12/19/2023,Deposit,,United Concordia,,Fees,"1,405.70","37,120.35"
,103 Cash in BOA 0693,12/19/2023,Deposit,,Delta,,Fees,157.00,"37,277.35"
,103 Cash in BOA 0693,12/19/2023,Deposit,,Oregon Dental SV,,Fees,350.00,"37,627.35"
,103 Cash in BOA 0693,12/19/2023,Deposit,,UHCD,,Fees,162.00,"37,789.35"
,103 Cash in BOA 0693,12/20/2023,Deposit,,Delta,,Fees,164.00,"37,953.35"
,103 Cash in BOA 0693,12/20/2023,Deposit,,MetLife,,Fees,284.00,"38,237.35"
,103 Cash in BOA 0693,12/20/2023,Deposit,,UHCD,,Fees,492.00,"38,729.35"
,103 Cash in BOA 0693,12/20/2023,Deposit,,MetLife,,Fees,278.00,"39,007.35"
,103 Cash in BOA 0693,12/20/2023,Deposit,,Delta Dental,,Fees,934.80,"39,942.15"
,103 Cash in BOA 0693,12/21/2023,Deposit,,Delta Dental,,Fees,193.00,"40,135.15"
,103 Cash in BOA 0693,12/21/2023,Deposit,,MetLife,,Fees,88.00,"40,223.15"
,103 Cash in BOA 0693,12/21/2023,Deposit,,UMR,,Fees,96.00,"40,319.15"
,103 Cash in BOA 0693,12/21/2023,Expense,,Adobe,,Office Supplies,-10.86,"40,308.29"
,103 Cash in BOA 0693,12/22/2023,Deposit,,Delta Dental,,Fees,"3,499.20","43,807.49"
,103 Cash in BOA 0693,12/22/2023,Deposit,,Wa St Hca,,Fees,"34,768.99","78,576.48"
,103 Cash in BOA 0693,12/22/2023,Deposit,,MetLife,,Fees,33.60,"78,610.08"
,103 Cash in BOA 0693,12/22/2023,Expense,,Dr. Johnson's Withdrawal,,Withdrawals,"-2,500.00","76,110.08"
,103 Cash in BOA 0693,12/22/2023,Expense,,ADP,,Payroll Service,-142.23,"75,967.85"
,103 Cash in BOA 0693,12/26/2023,Expense,,Transfer Fee,,Office Supplies,-1.00,"75,966.85"
,103 Cash in BOA 0693,12/26/2023,Expense,,The Hartford,,Malpractice Insurance,-657.30,"75,309.55"
,103 Cash in BOA 0693,12/26/2023,Credit Card Payment,,Bank Of America,,Credit Card Payable,"-20,350.00","54,959.55"
,103 Cash in BOA 0693,12/26/2023,Deposit,,United Concordia,,Fees,603.00,"55,562.55"
,103 Cash in BOA 0693,12/26/2023,Expense,,Google,,Advertising,-2.16,"55,560.39"
,103 Cash in BOA 0693,12/26/2023,Expense,,Meta Platform,,Advertising,-100.00,"55,460.39"
,103 Cash in BOA 0693,12/27/2023,Expense,,Dr. Johnson's Withdrawal,,Withdrawals,"-4,000.00","51,460.39"
,103 Cash in BOA 0693,12/27/2023,Expense,,Mt Adams Zen,,Contributions,-200.00,"51,260.39"
,103 Cash in BOA 0693,12/28/2023,Expense,,ADP,,,"-11,929.06","39,331.33"
,103 Cash in BOA 0693,12/28/2023,Deposit,,Delta Dental,,Fees,22.00,"39,353.33"
,103 Cash in BOA 0693,12/28/2023,Deposit,,Oregon Dental SV,,Fees,"1,171.00","40,524.33"
,103 Cash in BOA 0693,12/28/2023,Expense,,ADP,,Payroll Clearing,"-27,812.15","12,712.18"
,103 Cash in BOA 0693,12/28/2023,Expense,,Transfer Fee,,Office Supplies,-1.00,"12,711.18"
,103 Cash in BOA 0693,12/28/2023,Expense,,Pension Plan Specialists,,Trust Fees,"-2,035.00","10,676.18"
,103 Cash in BOA 0693,12/28/2023,Expense,,ADP,,Payroll Clearing,-365.23,"10,310.95"
,103 Cash in BOA 0693,12/29/2023,Deposit,,Delta Dental,,Fees,"1,787.05","12,098.00"
,103 Cash in BOA 0693,12/29/2023,Deposit,,Wa St Hca,,Fees,"23,281.65","35,379.65"
,103 Cash in BOA 0693,12/29/2023,Deposit,,Oregon Dental SV,,Fees,306.00,"35,685.65"
,103 Cash in BOA 0693,12/29/2023,Deposit,,MetLife,,Fees,133.00,"35,818.65"
,103 Cash in BOA 0693,12/29/2023,Expense,,ADP,,Payroll Service,-152.46,"35,666.19"
,103 Cash in BOA 0693,12/29/2023,Expense,,Dr. Johnson's Withdrawal,,Withdrawals,"-6,000.00","29,666.19"
,103 Cash in BOA 0693,12/29/2023,Expense,,Spotify,,Office Supplies,-18.47,"29,647.72"
,103 Cash in BOA 0693,12/29/2023,Deposit,,UHC,,Fees,128.00,"29,775.72"
,103 Cash in BOA 0693,12/29/2023,Expense,,,,BOA Secondary Checking 0246,"-4,000.00","25,775.72"
Total for 103 Cash in BOA 0693,,,,,,,,"-$64,949.11",
306 Credit Card Payable,,,,,,,,,
,Beginning Balance,,,,,,,,"35,430.28"
,306 Credit Card Payable,01/02/2023,Credit Card Expense,,Burgerville USA,,Meals,17.44,"35,447.72"
,306 Credit Card Payable,01/02/2023,Credit Card Expense,,Dominos,,Meals,21.23,"35,468.95"
,306 Credit Card Payable,01/02/2023,Credit Card Expense,,Indeed,,Recruitment Costs,162.75,"35,631.70"
,306 Credit Card Payable,01/02/2023,Credit Card Expense,,Google,Music,Advertising,84.63,"35,716.33"
,306 Credit Card Payable,01/02/2023,Credit Card Expense,,tmobile,,Telephone,170.15,"35,886.48"
,306 Credit Card Payable,01/02/2023,Credit Card Expense,,Airgas West,,Dental Supplies,232.45,"36,118.93"
,306 Credit Card Payable,01/02/2023,Credit Card Expense,,HS1 Llighthouse,,Advertising,29.00,"36,147.93"
,306 Credit Card Payable,01/02/2023,Credit Card Expense,,HS1 Llighthouse,,Advertising,378.67,"36,526.60"
,306 Credit Card Payable,01/02/2023,Credit Card Expense,,DropBox,,Office Supplies,13.01,"36,539.61"
,306 Credit Card Payable,01/03/2023,Expense,,Bank Of America,,Cash in BOA 0693,"-19,136.22","17,403.39"
,306 Credit Card Payable,01/03/2023,Credit Card Expense,,Amazon,,Office Supplies,1.37,"17,404.76"
,306 Credit Card Payable,01/03/2023,Credit Card Expense,,optisigns,,Advertising,10.00,"17,414.76"
,306 Credit Card Payable,01/03/2023,Credit Card Expense,,Google,Music,Advertising,70.51,"17,485.27"
,306 Credit Card Payable,01/03/2023,Credit Card Expense,,Comcast,,Telephone,130.00,"17,615.27"
,306 Credit Card Payable,01/03/2023,Credit Card Expense,,Iron Gate Storage,,Rent,112.50,"17,727.77"
,306 Credit Card Payable,01/04/2023,Credit Card Expense,,Scentair Technologies,,Dental Supplies,97.29,"17,825.06"
,306 Credit Card Payable,01/04/2023,Credit Card Expense,,vyne dental,,Advertising,43.40,"17,868.46"
,306 Credit Card Payable,01/05/2023,Credit Card Expense,,Jameson Management,,Practice Consultants,"2,994.00","20,862.46"
,306 Credit Card Payable,01/05/2023,Credit Card Expense,,Amazon,,Office Supplies,10.85,"20,873.31"
,306 Credit Card Payable,01/05/2023,Credit Card Expense,,Amazon,,Office Supplies,147.67,"21,020.98"
,306 Credit Card Payable,01/05/2023,Credit Card Expense,,Canva,,Advertising,12.99,"21,033.97"
,306 Credit Card Payable,01/06/2023,Credit Card Expense,,Banfield,,Other General Costs,51.95,"21,085.92"
,306 Credit Card Payable,01/06/2023,Credit Card Expense,,Macpractice Inc,,Dues & Subscriptions,326.95,"21,412.87"
,306 Credit Card Payable,01/06/2023,Credit Card Expense,,Shred NW,,Office Supplies,59.73,"21,472.60"
,306 Credit Card Payable,01/09/2023,Expense,,Google,,Advertising,24.96,"21,497.56"
,306 Credit Card Payable,01/09/2023,Expense,,ADP Marketplace,,Payroll Service,32.58,"21,530.14"
,306 Credit Card Payable,01/09/2023,Expense,,Dosalas Latin Kitchen,,Meals,277.40,"21,807.54"
,306 Credit Card Payable,01/09/2023,Expense,,Wa Vehicle Licensing,,Auto Expense,142.40,"21,949.94"
,306 Credit Card Payable,01/09/2023,Expense,,prime video,,Office Supplies,194.39,"22,144.33"
,306 Credit Card Payable,01/09/2023,Expense,,Ortho Select LLC,,Dental Supplies,"1,056.00","23,200.33"
,306 Credit Card Payable,01/09/2023,Expense,,Tom Fuller PS,,Office Supplies,140.00,"23,340.33"
,306 Credit Card Payable,01/09/2023,Expense,,Amazon,,Office Supplies,17.78,"23,358.11"
,306 Credit Card Payable,01/09/2023,Expense,,Amazon,,Office Supplies,15.18,"23,373.29"
,306 Credit Card Payable,01/09/2023,Expense,,Apple,,Office Supplies,9.99,"23,383.28"
,306 Credit Card Payable,01/09/2023,Expense,,Wal-Mart,,Office Supplies,53.57,"23,436.85"
,306 Credit Card Payable,01/09/2023,Expense,,Costco,,Office Supplies,29.31,"23,466.16"
,306 Credit Card Payable,01/09/2023,Expense,,Henry Schein,,Dental Supplies,81.44,"23,547.60"
,306 Credit Card Payable,01/09/2023,Expense,,Ring Unlimited,,Telephone,10.85,"23,558.45"
,306 Credit Card Payable,01/09/2023,Expense,,Smilestream,,Advertising,501.63,"24,060.08"
,306 Credit Card Payable,01/10/2023,Expense,,Amazon,,Office Supplies,49.61,"24,109.69"
,306 Credit Card Payable,01/11/2023,Expense,,AAPDORG,,Dues & Subscriptions,708.75,"24,818.44"
,306 Credit Card Payable,01/11/2023,Expense,,AAPDORG,,Dues & Subscriptions,400.00,"25,218.44"
,306 Credit Card Payable,01/11/2023,Expense,,GoTo Connect,,Office Supplies,444.83,"25,663.27"
,306 Credit Card Payable,01/12/2023,Expense,,Apple,,Office Supplies,27.14,"25,690.41"
,306 Credit Card Payable,01/12/2023,Expense,,Henry Schein,,Dental Supplies,271.38,"25,961.79"
,306 Credit Card Payable,01/13/2023,Expense,,ABPD,,Dues & Subscriptions,150.00,"26,111.79"
,306 Credit Card Payable,01/13/2023,Expense,,ABPD,,Dues & Subscriptions,150.00,"26,261.79"
,306 Credit Card Payable,01/13/2023,Expense,,black rock coffee,,Staff Meetings,39.46,"26,301.25"
,306 Credit Card Payable,01/16/2023,Expense,,Amazon,,Office Supplies,60.75,"26,362.00"
,306 Credit Card Payable,01/16/2023,Expense,,Amazon,,Office Supplies,10.85,"26,372.85"
,306 Credit Card Payable,01/16/2023,Expense,,Amazon,,Office Supplies,21.71,"26,394.56"
,306 Credit Card Payable,01/16/2023,Expense,,Amazon,,Office Supplies,26.60,"26,421.16"
,306 Credit Card Payable,01/16/2023,Expense,,Amazon,,Office Supplies,3.79,"26,424.95"
,306 Credit Card Payable,01/16/2023,Expense,,Home Depot,,Repairs & Maintenance,115.81,"26,540.76"
,306 Credit Card Payable,01/16/2023,Expense,,Netflix,,Office Supplies,21.71,"26,562.47"
,306 Credit Card Payable,01/16/2023,Expense,,Jersey Mike's,,Staff Meetings,59.97,"26,622.44"
,306 Credit Card Payable,01/16/2023,Expense,,prime video,,Office Supplies,11.94,"26,634.38"
,306 Credit Card Payable,01/16/2023,Expense,,prime video,,Office Supplies,9.76,"26,644.14"
,306 Credit Card Payable,01/16/2023,Expense,,7-Eleven,,Meals,51.41,"26,695.55"
,306 Credit Card Payable,01/17/2023,Expense,,Google,,Advertising,2.16,"26,697.71"
,306 Credit Card Payable,01/17/2023,Expense,,AcLU,,Contributions,25.00,"26,722.71"
,306 Credit Card Payable,01/17/2023,Expense,,Amazon,,Office Supplies,255.88,"26,978.59"
,306 Credit Card Payable,01/18/2023,Expense,,Smilestream,,Advertising,330.00,"27,308.59"
,306 Credit Card Payable,01/18/2023,Expense,,Henry Schein,,Dental Supplies,"4,110.45","31,419.04"
,306 Credit Card Payable,01/19/2023,Expense,,MOD PIZZA,,Staff Meetings,35.03,"31,454.07"
,306 Credit Card Payable,01/20/2023,Credit Card Credit,,prime video,,Office Supplies,-9.76,"31,444.31"
,306 Credit Card Payable,01/20/2023,Expense,,Clark County Food Bank,,Contributions,200.00,"31,644.31"
,306 Credit Card Payable,01/20/2023,Expense,,Roto-Rooter,,Repairs & Maintenance,597.30,"32,241.61"
,306 Credit Card Payable,01/20/2023,Expense,,black rock coffee,,Staff Meetings,67.45,"32,309.06"
,306 Credit Card Payable,01/23/2023,Expense,,Dominos,,Staff Meetings,27.48,"32,336.54"
,306 Credit Card Payable,01/23/2023,Expense,,USPS,,Office Supplies,122.10,"32,458.64"
,306 Credit Card Payable,01/23/2023,Expense,,Amazon,,Office Supplies,23.26,"32,481.90"
,306 Credit Card Payable,01/23/2023,Expense,,Amazon,,Office Supplies,14.65,"32,496.55"
,306 Credit Card Payable,01/23/2023,Expense,,Amazon,,Office Supplies,309.84,"32,806.39"
,306 Credit Card Payable,01/23/2023,Expense,,Amazon,,Office Supplies,10.85,"32,817.24"
,306 Credit Card Payable,01/23/2023,Expense,,Amazon,,Office Supplies,43.17,"32,860.41"
,306 Credit Card Payable,01/23/2023,Expense,,Adobe,,Office Supplies,10.85,"32,871.26"
,306 Credit Card Payable,01/23/2023,Expense,,Apple,,Office Supplies,16.28,"32,887.54"
,306 Credit Card Payable,01/23/2023,Expense,,Burgerville USA,,Meals,35.31,"32,922.85"
,306 Credit Card Payable,01/24/2023,Expense,,Pho House,,Staff Meetings,36.97,"32,959.82"
,306 Credit Card Payable,01/25/2023,Expense,,Pho House,,Staff Meetings,8.97,"32,968.79"
,306 Credit Card Payable,01/25/2023,Expense,,Google,,Advertising,2.16,"32,970.95"
,306 Credit Card Payable,01/25/2023,Expense,,Zayo Group,,Telephone,460.93,"33,431.88"
,306 Credit Card Payable,01/25/2023,Expense,,Amazon,,Office Supplies,8.63,"33,440.51"
,306 Credit Card Payable,01/25/2023,Expense,,Apple,,Office Supplies,5.42,"33,445.93"
,306 Credit Card Payable,01/25/2023,Expense,,Apple,,Office Supplies,5.42,"33,451.35"
,306 Credit Card Payable,01/25/2023,Expense,,Clark Public utilities,,Utilities,222.72,"33,674.07"
,306 Credit Card Payable,01/25/2023,Expense,,Clark Public utilities,,Utilities,227.04,"33,901.11"
,306 Credit Card Payable,01/25/2023,Expense,,Google,,Advertising,13.03,"33,914.14"
,306 Credit Card Payable,01/25/2023,Expense,,7-Eleven,,Meals,9.46,"33,923.60"
,306 Credit Card Payable,01/25/2023,Expense,,Covers & All,,Repairs & Maintenance,342.80,"34,266.40"
,306 Credit Card Payable,01/26/2023,Expense,,Sling.com,,Telephone,15.00,"34,281.40"
,306 Credit Card Payable,01/26/2023,Expense,,Amazon,,Office Supplies,5.42,"34,286.82"
,306 Credit Card Payable,01/27/2023,Expense,,Mr Maple Donuts LLC,,Meals,18.15,"34,304.97"
,306 Credit Card Payable,01/27/2023,Expense,,Mt Adams Zen,,Withdrawals,200.00,"34,504.97"
,306 Credit Card Payable,01/30/2023,Expense,,MOD PIZZA,,Staff Meetings,63.57,"34,568.54"
,306 Credit Card Payable,01/30/2023,Expense,,Birdeye.com,,Office Supplies,369.24,"34,937.78"
,306 Credit Card Payable,01/30/2023,Expense,,Shred NW,,Office Supplies,59.73,"34,997.51"
,306 Credit Card Payable,01/30/2023,Expense,,Cedr,,Practice Consultants,149.00,"35,146.51"
,306 Credit Card Payable,01/30/2023,Expense,,Clear Checks,,Office Supplies,24.99,"35,171.50"
,306 Credit Card Payable,01/30/2023,Expense,,Amazon,,Office Supplies,26.60,"35,198.10"
,306 Credit Card Payable,01/30/2023,Expense,,Amazon,,Office Supplies,166.56,"35,364.66"
,306 Credit Card Payable,01/30/2023,Expense,,PBHS,,Advertising,10.00,"35,374.66"
,306 Credit Card Payable,01/30/2023,Expense,,Apple,,Office Supplies,10.85,"35,385.51"
,306 Credit Card Payable,01/30/2023,Expense,,Netflix,,Office Supplies,21.71,"35,407.22"
,306 Credit Card Payable,01/30/2023,Expense,,Spotify,,Office Supplies,17.37,"35,424.59"
,306 Credit Card Payable,01/30/2023,Expense,,UPrinting,,Office Supplies,643.14,"36,067.73"
,306 Credit Card Payable,01/30/2023,Expense,,Henry Schein,,Dental Supplies,"2,950.94","39,018.67"
,306 Credit Card Payable,01/30/2023,Expense,,Jerusalem Cafe,,Meals,49.67,"39,068.34"
,306 Credit Card Payable,01/30/2023,Expense,,Tom Fuller PS,,Office Supplies,140.00,"39,208.34"
,306 Credit Card Payable,01/31/2023,Expense,,Pho House,,Staff Meetings,35.78,"39,244.12"
,306 Credit Card Payable,01/31/2023,Expense,,Uber Eats,,Staff Meetings,22.69,"39,266.81"
,306 Credit Card Payable,01/31/2023,Expense,,Apple,,Office Supplies,9.76,"39,276.57"
,306 Credit Card Payable,01/31/2023,Expense,,Henry Schein,,Dental Supplies,424.14,"39,700.71"
,306 Credit Card Payable,01/31/2023,Expense,,7-Eleven,,Meals,100.00,"39,800.71"
,306 Credit Card Payable,01/31/2023,Expense,,Bisco,,Dental Supplies,167.24,"39,967.95"
,306 Credit Card Payable,02/01/2023,Expense,,Amazon,,Office Supplies,34.69,"40,002.64"
,306 Credit Card Payable,02/01/2023,Expense,,Fred Meyer,,Office Supplies,16.04,"40,018.68"
,306 Credit Card Payable,02/01/2023,Expense,,7-Eleven,,Meals,13.61,"40,032.29"
,306 Credit Card Payable,02/02/2023,Credit Card Payment,,Bank Of America,,Cash in BOA 0693,"-21,472.60","18,559.69"
,306 Credit Card Payable,02/02/2023,Expense,,Google,,Advertising,84.71,"18,644.40"
,306 Credit Card Payable,02/02/2023,Expense,,Iron Gate Storage,,Rent,112.50,"18,756.90"
,306 Credit Card Payable,02/02/2023,Expense,,Indeed,,Recruitment Costs,81.45,"18,838.35"
,306 Credit Card Payable,02/02/2023,Expense,,Scentair Technologies,,Repairs & Maintenance,97.29,"18,935.64"
,306 Credit Card Payable,02/02/2023,Expense,,Lighthouse,,Advertising,29.00,"18,964.64"
,306 Credit Card Payable,02/02/2023,Expense,,Lighthouse,,Advertising,378.67,"19,343.31"
,306 Credit Card Payable,02/02/2023,Expense,,Target,,Office Supplies,71.42,"19,414.73"
,306 Credit Card Payable,02/02/2023,Expense,,DropBox,,Office Supplies,13.02,"19,427.75"
,306 Credit Card Payable,02/02/2023,Expense,,T-Mobile,,Telephone,170.18,"19,597.93"
,306 Credit Card Payable,02/02/2023,Expense,,Smilestream,,Advertising,325.00,"19,922.93"
,306 Credit Card Payable,02/02/2023,Expense,,Airgas West,,Repairs & Maintenance,133.23,"20,056.16"
,306 Credit Card Payable,02/03/2023,Expense,,optisigns,,Advertising,10.00,"20,066.16"
,306 Credit Card Payable,02/03/2023,Expense,,Google,,Advertising,70.51,"20,136.67"
,306 Credit Card Payable,02/03/2023,Expense,,Starbucks,,Staff Meetings,20.96,"20,157.63"
,306 Credit Card Payable,02/03/2023,Expense,,Amazon,,Office Supplies,1.39,"20,159.02"
,306 Credit Card Payable,02/03/2023,Expense,,Comcast,,Telephone,133.00,"20,292.02"
,306 Credit Card Payable,02/03/2023,Expense,,Mark Alper,,Legal & Professional Fees,"1,050.00","21,342.02"
,306 Credit Card Payable,02/03/2023,Expense,,NuSmile,,Dental Supplies,54.00,"21,396.02"
,306 Credit Card Payable,02/06/2023,Expense,,Jameson Management,,Practice Consultants,"2,994.00","24,390.02"
,306 Credit Card Payable,02/06/2023,Expense,,Banfield,,Other General Costs,51.95,"24,441.97"
,306 Credit Card Payable,02/06/2023,Expense,,Amazon,,Office Supplies,44.02,"24,485.99"
,306 Credit Card Payable,02/06/2023,Expense,,Amazon,,Office Supplies,215.71,"24,701.70"
,306 Credit Card Payable,02/06/2023,Expense,,Amazon,,Office Supplies,10.85,"24,712.55"
,306 Credit Card Payable,02/06/2023,Expense,,vyne dental,,Advertising,43.44,"24,755.99"
,306 Credit Card Payable,02/06/2023,Expense,,Nekter Juice Bar,,Meals,120.49,"24,876.48"
,306 Credit Card Payable,02/06/2023,Expense,,Canva,,Advertising,12.99,"24,889.47"
,306 Credit Card Payable,02/07/2023,Expense,,Pho House,,Staff Meetings,30.56,"24,920.03"
,306 Credit Card Payable,02/07/2023,Expense,,Google,,Advertising,24.96,"24,944.99"
,306 Credit Card Payable,02/07/2023,Expense,,Chevron,,Auto Expense,69.35,"25,014.34"
,306 Credit Card Payable,02/07/2023,Expense,,Apple,,Office Supplies,5.42,"25,019.76"
,306 Credit Card Payable,02/07/2023,Expense,,Henry Schein,,Dental Supplies,129.22,"25,148.98"
,306 Credit Card Payable,02/07/2023,Expense,,Henry Schein,,Dental Supplies,"2,094.91","27,243.89"
,306 Credit Card Payable,02/07/2023,Expense,,Henry Schein,,Dental Supplies,92.58,"27,336.47"
,306 Credit Card Payable,02/08/2023,Expense,,ADP Marketplace,,Payroll Service,32.58,"27,369.05"
,306 Credit Card Payable,02/08/2023,Expense,,Apple,,Office Supplies,11.94,"27,380.99"
,306 Credit Card Payable,02/08/2023,Expense,,Ring Unlimited,,Telephone,10.86,"27,391.85"
,306 Credit Card Payable,02/08/2023,Expense,,figs,,Laundry & Uniforms,158.78,"27,550.63"
,306 Credit Card Payable,02/08/2023,Expense,,black rock coffee,,Staff Meetings,17.65,"27,568.28"
,306 Credit Card Payable,02/09/2023,Expense,,Apple,,Office Supplies,9.99,"27,578.27"
,306 Credit Card Payable,02/10/2023,Expense,,Apple,,Office Supplies,5.42,"27,583.69"
,306 Credit Card Payable,02/10/2023,Expense,,Excel Orthodontics,,Lab Fees & X-Ray,174.75,"27,758.44"
,306 Credit Card Payable,02/10/2023,Expense,,Henry Schein,,Dental Supplies,969.44,"28,727.88"
,306 Credit Card Payable,02/10/2023,Expense,,Ortho Select LLC,,Dental Supplies,88.00,"28,815.88"
,306 Credit Card Payable,02/10/2023,Expense,,Ortho Select LLC,,Dental Supplies,102.00,"28,917.88"
,306 Credit Card Payable,02/10/2023,Expense,,Zimworks,,Practice Consultants,123.60,"29,041.48"
,306 Credit Card Payable,02/13/2023,Expense,,Starbucks,,Staff Meetings,58.37,"29,099.85"
,306 Credit Card Payable,02/13/2023,Expense,,Amazon,,Office Supplies,58.64,"29,158.49"
,306 Credit Card Payable,02/13/2023,Expense,,Amazon,,Office Supplies,105.78,"29,264.27"
,306 Credit Card Payable,02/13/2023,Expense,,Amazon,,Office Supplies,21.70,"29,285.97"
,306 Credit Card Payable,02/13/2023,Expense,,Costco,,Office Supplies,71.30,"29,357.27"
,306 Credit Card Payable,02/13/2023,Expense,,Uber,,Auto Expense,77.95,"29,435.22"
,306 Credit Card Payable,02/13/2023,Expense,,Sonic,,Meals,9.53,"29,444.75"
,306 Credit Card Payable,02/13/2023,Expense,,GoTo Connect,,Office Supplies,444.83,"29,889.58"
,306 Credit Card Payable,02/14/2023,Expense,,Trader Joe's,,Meals,5.49,"29,895.07"
,306 Credit Card Payable,02/15/2023,Expense,,Pho House,,Staff Meetings,17.92,"29,912.99"
,306 Credit Card Payable,02/15/2023,Expense,,Zayo Group,,Telephone,460.93,"30,373.92"
,306 Credit Card Payable,02/15/2023,Expense,,Uber,,Auto Expense,64.91,"30,438.83"
,306 Credit Card Payable,02/15/2023,Expense,,Henry Schein,,Dental Supplies,33.11,"30,471.94"
,306 Credit Card Payable,02/16/2023,Expense,,Amazon,,Office Supplies,53.15,"30,525.09"
,306 Credit Card Payable,02/16/2023,Expense,,Home Depot,,Repairs & Maintenance,80.01,"30,605.10"
,306 Credit Card Payable,02/16/2023,Expense,,Netflix,,Office Supplies,21.71,"30,626.81"
,306 Credit Card Payable,02/17/2023,Expense,,Pho House,,Staff Meetings,17.92,"30,644.73"
,306 Credit Card Payable,02/17/2023,Expense,,AcLU,,Contributions,25.00,"30,669.73"
,306 Credit Card Payable,02/17/2023,Expense,,Google,,Advertising,2.16,"30,671.89"
,306 Credit Card Payable,02/17/2023,Expense,,Panera Bread,,Meals,35.35,"30,707.24"
,306 Credit Card Payable,02/17/2023,Expense,,Seize The Bagel,,Meals,39.74,"30,746.98"
,306 Credit Card Payable,02/20/2023,Expense,,Uber Eats,,Staff Meetings,61.60,"30,808.58"
,306 Credit Card Payable,02/20/2023,Expense,,Clark County Food Bank,,Contributions,200.00,"31,008.58"
,306 Credit Card Payable,02/20/2023,Expense,,Amazon,,Office Supplies,22.79,"31,031.37"
,306 Credit Card Payable,02/20/2023,Expense,,Amazon,,Office Supplies,103.89,"31,135.26"
,306 Credit Card Payable,02/21/2023,Expense,,Adobe,,Office Supplies,10.85,"31,146.11"
,306 Credit Card Payable,02/22/2023,Expense,,Pho House,,Staff Meetings,17.92,"31,164.03"
,306 Credit Card Payable,02/22/2023,Expense,,Henry Schein,,Dental Supplies,656.79,"31,820.82"
,306 Credit Card Payable,02/22/2023,Expense,,Henry Schein,,Dental Supplies,318.30,"32,139.12"
,306 Credit Card Payable,02/23/2023,Expense,,Clark Public utilities,,Utilities,223.62,"32,362.74"
,306 Credit Card Payable,02/23/2023,Expense,,Clark Public utilities,,Utilities,217.98,"32,580.72"
,306 Credit Card Payable,02/23/2023,Expense,,Elevate Oral Care,,Dental Supplies,362.84,"32,943.56"
,306 Credit Card Payable,02/24/2023,Expense,,MOD PIZZA,,Staff Meetings,30.25,"32,973.81"
,306 Credit Card Payable,02/24/2023,Expense,,Meta Platform,,Advertising,5.00,"32,978.81"
,306 Credit Card Payable,02/27/2023,Expense,,Google,,Advertising,2.16,"32,980.97"
,306 Credit Card Payable,02/27/2023,Expense,,Shred NW,,Office Supplies,59.73,"33,040.70"
,306 Credit Card Payable,02/27/2023,Expense,,Amazon,,Office Supplies,25.57,"33,066.27"
,306 Credit Card Payable,02/27/2023,Expense,,Apple,,Office Supplies,5.42,"33,071.69"
,306 Credit Card Payable,02/27/2023,Expense,,Sling.com,,Telephone,15.00,"33,086.69"
,306 Credit Card Payable,02/27/2023,Expense,,Google,,Advertising,13.03,"33,099.72"
,306 Credit Card Payable,02/27/2023,Expense,,Mt Adams Zen,,Withdrawals,200.00,"33,299.72"
,306 Credit Card Payable,02/27/2023,Expense,,Amazon,,Office Supplies,5.42,"33,305.14"
,306 Credit Card Payable,02/27/2023,Expense,,Chuck's Produce,,Meals,4.69,"33,309.83"
,306 Credit Card Payable,02/28/2023,Expense,,Birdeye.com,,Office Supplies,369.24,"33,679.07"
,306 Credit Card Payable,02/28/2023,Expense,,Fred Meyer,,Office Supplies,25.74,"33,704.81"
,306 Credit Card Payable,02/28/2023,Expense,,PBHS,,Advertising,10.00,"33,714.81"
,306 Credit Card Payable,02/28/2023,Expense,,Safeway,,Office Supplies,42.54,"33,757.35"
,306 Credit Card Payable,02/28/2023,Expense,,Netflix,,Office Supplies,21.71,"33,779.06"
,306 Credit Card Payable,02/28/2023,Expense,,Henry Schein,,Dental Supplies,184.79,"33,963.85"
,306 Credit Card Payable,02/28/2023,Expense,,Larsons Bakery,,Meals,30.00,"33,993.85"
,306 Credit Card Payable,03/01/2023,Expense,,Starbucks,,Staff Meetings,10.34,"34,004.19"
,306 Credit Card Payable,03/01/2023,Expense,,Cedr,,Practice Consultants,149.00,"34,153.19"
,306 Credit Card Payable,03/01/2023,Expense,,Spotify,,Office Supplies,17.37,"34,170.56"
,306 Credit Card Payable,03/01/2023,Expense,,Henry Schein,,Dental Supplies,71.00,"34,241.56"
,306 Credit Card Payable,03/01/2023,Expense,,Jersey Mike's,,Meals,60.24,"34,301.80"
,306 Credit Card Payable,03/02/2023,Expense,,Pho House,,Staff Meetings,8.15,"34,309.95"
,306 Credit Card Payable,03/02/2023,Expense,,Pho House,,Staff Meetings,17.92,"34,327.87"
,306 Credit Card Payable,03/02/2023,Expense,,Federal Express,,Office Supplies,18.52,"34,346.39"
,306 Credit Card Payable,03/02/2023,Expense,,Google,,Advertising,84.71,"34,431.10"
,306 Credit Card Payable,03/02/2023,Expense,,Lighthouse,,Advertising,29.00,"34,460.10"
,306 Credit Card Payable,03/02/2023,Expense,,Lighthouse,,Advertising,378.67,"34,838.77"
,306 Credit Card Payable,03/02/2023,Expense,,Apple,,Office Supplies,10.85,"34,849.62"
,306 Credit Card Payable,03/02/2023,Expense,,Apple,,Office Supplies,9.76,"34,859.38"
,306 Credit Card Payable,03/02/2023,Expense,,DropBox,,Office Supplies,13.02,"34,872.40"
,306 Credit Card Payable,03/02/2023,Expense,,T-Mobile,,Telephone,169.00,"35,041.40"
,306 Credit Card Payable,03/02/2023,Expense,,Mr Maple Donuts LLC,,Meals,59.67,"35,101.07"
,306 Credit Card Payable,03/02/2023,Expense,,Airgas West,,Repairs & Maintenance,78.78,"35,179.85"
,306 Credit Card Payable,03/03/2023,Expense,,optisigns,,Advertising,10.00,"35,189.85"
,306 Credit Card Payable,03/03/2023,Expense,,Starbucks,,Staff Meetings,49.58,"35,239.43"
,306 Credit Card Payable,03/03/2023,Expense,,Amazon,,Office Supplies,1.39,"35,240.82"
,306 Credit Card Payable,03/03/2023,Expense,,Iron Gate Storage,,Rent,112.50,"35,353.32"
,306 Credit Card Payable,03/03/2023,Expense,,Scentair Technologies,,Repairs & Maintenance,97.29,"35,450.61"
,306 Credit Card Payable,03/03/2023,Expense,,Comcast,,Telephone,133.00,"35,583.61"
,306 Credit Card Payable,03/03/2023,Expense,,MediDental,,Dental Supplies,611.54,"36,195.15"
,306 Credit Card Payable,03/06/2023,Credit Card Payment,,Bank Of America,,Cash in BOA 0693,"-27,336.47","8,858.68"
,306 Credit Card Payable,03/06/2023,Expense,,Dominos,,Staff Meetings,37.44,"8,896.12"
,306 Credit Card Payable,03/06/2023,Expense,,MOD PIZZA,,Staff Meetings,33.31,"8,929.43"
,306 Credit Card Payable,03/06/2023,Expense,,Google,,Advertising,70.51,"8,999.94"
,306 Credit Card Payable,03/06/2023,Expense,,Jameson Management,,Practice Consultants,"2,994.00","11,993.94"
,306 Credit Card Payable,03/06/2023,Expense,,Banfield,,Other General Costs,51.95,"12,045.89"
,306 Credit Card Payable,03/06/2023,Expense,,"Discus Dental, LLC",,Dental Supplies,347.95,"12,393.84"
,306 Credit Card Payable,03/06/2023,Expense,,Amazon,,Office Supplies,38.22,"12,432.06"
,306 Credit Card Payable,03/06/2023,Expense,,Amazon,,Office Supplies,85.80,"12,517.86"
,306 Credit Card Payable,03/06/2023,Expense,,Amazon,,Office Supplies,22.79,"12,540.65"
,306 Credit Card Payable,03/06/2023,Expense,,vyne dental,,Advertising,43.44,"12,584.09"
,306 Credit Card Payable,03/06/2023,Expense,,Muchas Gracias Mexican Food,,Meals,10.85,"12,594.94"
,306 Credit Card Payable,03/06/2023,Expense,,Nekter Juice Bar,,Meals,121.03,"12,715.97"
,306 Credit Card Payable,03/06/2023,Expense,,Canva,,Advertising,12.99,"12,728.96"
,306 Credit Card Payable,03/07/2023,Expense,,Google,,Advertising,24.96,"12,753.92"
,306 Credit Card Payable,03/07/2023,Expense,,Amazon,,Office Supplies,164.81,"12,918.73"
,306 Credit Card Payable,03/07/2023,Expense,,Apple,,Office Supplies,7.59,"12,926.32"
,306 Credit Card Payable,03/07/2023,Expense,,Oregon Board of Dentistry,,Licenses,468.50,"13,394.82"
,306 Credit Card Payable,03/07/2023,Expense,,Health First Corp,,Dental Supplies,199.99,"13,594.81"
,306 Credit Card Payable,03/08/2023,Expense,,ADP Marketplace,,Payroll Service,32.58,"13,627.39"
,306 Credit Card Payable,03/08/2023,Expense,,Dollar Tree,,Office Supplies,16.05,"13,643.44"
,306 Credit Card Payable,03/08/2023,Expense,,Apple,,Office Supplies,11.94,"13,655.38"
,306 Credit Card Payable,03/08/2023,Expense,,Ring Unlimited,,Telephone,10.86,"13,666.24"
,306 Credit Card Payable,03/08/2023,Expense,,Burgerville USA,,Meals,41.14,"13,707.38"
,306 Credit Card Payable,03/09/2023,Expense,,Pho House,,Staff Meetings,29.29,"13,736.67"
,306 Credit Card Payable,03/09/2023,Expense,,Amazon,,Office Supplies,19.49,"13,756.16"
,306 Credit Card Payable,03/09/2023,Expense,,Apple,,Office Supplies,9.99,"13,766.15"
,306 Credit Card Payable,03/09/2023,Expense,,Henry Schein,,Dental Supplies,12.84,"13,778.99"
,306 Credit Card Payable,03/09/2023,Expense,,Henry Schein,,Dental Supplies,"2,269.32","16,048.31"
,306 Credit Card Payable,03/09/2023,Expense,,NuSmile,,Dental Supplies,207.00,"16,255.31"
,306 Credit Card Payable,03/10/2023,Expense,,Dollar Tree,,Office Supplies,28.19,"16,283.50"
,306 Credit Card Payable,03/10/2023,Expense,,Apple,,Office Supplies,5.42,"16,288.92"
,306 Credit Card Payable,03/10/2023,Expense,,Netflix,,Office Supplies,21.71,"16,310.63"
,306 Credit Card Payable,03/10/2023,Expense,,Smilestream,,Advertising,125.00,"16,435.63"
,306 Credit Card Payable,03/10/2023,Expense,,Jersey Mike's,,Meals,58.95,"16,494.58"
,306 Credit Card Payable,03/10/2023,Expense,,La Vish Nails,,Employee Benefits,181.00,"16,675.58"
,306 Credit Card Payable,03/10/2023,Expense,,BlackRock Coffee,,Staff Meetings,80.10,"16,755.68"
,306 Credit Card Payable,03/13/2023,Expense,,MOD PIZZA,,Staff Meetings,37.16,"16,792.84"
,306 Credit Card Payable,03/13/2023,Expense,,Starbucks,,Staff Meetings,13.25,"16,806.09"
,306 Credit Card Payable,03/13/2023,Expense,,Amazon,,Office Supplies,35.51,"16,841.60"
,306 Credit Card Payable,03/13/2023,Expense,,Home Depot,,Repairs & Maintenance,393.92,"17,235.52"
,306 Credit Card Payable,03/13/2023,Expense,,Excel Orthodontics,,Lab Fees & X-Ray,238.00,"17,473.52"
,306 Credit Card Payable,03/13/2023,Expense,,Smilestream,,Advertising,438.94,"17,912.46"
,306 Credit Card Payable,03/13/2023,Expense,,Jerusalem Cafe,,Meals,51.48,"17,963.94"
,306 Credit Card Payable,03/13/2023,Expense,,Seaside Dutch,,Meals,8.70,"17,972.64"
,306 Credit Card Payable,03/13/2023,Expense,,7-Eleven,,Meals,97.72,"18,070.36"
,306 Credit Card Payable,03/13/2023,Expense,,GoTo Connect,,Office Supplies,444.83,"18,515.19"
,306 Credit Card Payable,03/14/2023,Expense,,Amazon,,Office Supplies,131.61,"18,646.80"
,306 Credit Card Payable,03/15/2023,Expense,,Pho House,,Staff Meetings,40.27,"18,687.07"
,306 Credit Card Payable,03/15/2023,Expense,,Zayo Group,,Telephone,460.93,"19,148.00"
,306 Credit Card Payable,03/16/2023,Expense,,Starbucks,,Staff Meetings,13.47,"19,161.47"
,306 Credit Card Payable,03/16/2023,Expense,,Starbucks,,Staff Meetings,45.00,"19,206.47"
,306 Credit Card Payable,03/16/2023,Expense,,Netflix,,Office Supplies,21.71,"19,228.18"
,306 Credit Card Payable,03/16/2023,Expense,,Doordash,,Staff Meetings,15.02,"19,243.20"
,306 Credit Card Payable,03/17/2023,Expense,,Google,,Advertising,2.16,"19,245.36"
,306 Credit Card Payable,03/17/2023,Expense,,USPS,,Office Supplies,128.20,"19,373.56"
,306 Credit Card Payable,03/17/2023,Expense,,AcLU,,Contributions,25.00,"19,398.56"
,306 Credit Card Payable,03/17/2023,Expense,,Macpractice Inc,,Data Processing,326.95,"19,725.51"
,306 Credit Card Payable,03/17/2023,Expense,,Burgerville USA,,Meals,33.92,"19,759.43"
,306 Credit Card Payable,03/17/2023,Expense,,Seize The Bagel,,Meals,34.67,"19,794.10"
,306 Credit Card Payable,03/17/2023,Expense,,lyft,,Auto Expense,46.79,"19,840.89"
,306 Credit Card Payable,03/20/2023,Expense,,Starbucks,,Staff Meetings,7.55,"19,848.44"
,306 Credit Card Payable,03/20/2023,Expense,,Clark County Food Bank,,Contributions,200.00,"20,048.44"
,306 Credit Card Payable,03/20/2023,Expense,,Amazon,,Office Supplies,81.46,"20,129.90"
,306 Credit Card Payable,03/20/2023,Expense,,Amazon,,Office Supplies,18.95,"20,148.85"
,306 Credit Card Payable,03/20/2023,Expense,,Amazon,,Office Supplies,22.79,"20,171.64"
,306 Credit Card Payable,03/20/2023,Expense,,Amazon,,Office Supplies,64.11,"20,235.75"
,306 Credit Card Payable,03/20/2023,Expense,,Amazon,,Office Supplies,33.66,"20,269.41"
,306 Credit Card Payable,03/20/2023,Expense,,Petsmart,,Other General Costs,170.39,"20,439.80"
,306 Credit Card Payable,03/20/2023,Expense,,Uber,,Auto Expense,10.64,"20,450.44"
,306 Credit Card Payable,03/20/2023,Expense,,Uber,,Auto Expense,70.98,"20,521.42"
,306 Credit Card Payable,03/20/2023,Expense,,Henry Schein,,Dental Supplies,"2,413.05","22,934.47"
,306 Credit Card Payable,03/20/2023,Expense,,QDF,,Office Supplies,122.21,"23,056.68"
,306 Credit Card Payable,03/21/2023,Expense,,Uber Eats,,Staff Meetings,67.44,"23,124.12"
,306 Credit Card Payable,03/21/2023,Expense,,Adobe,,Office Supplies,10.85,"23,134.97"
,306 Credit Card Payable,03/21/2023,Expense,,AAPDORG,,Seminars & Continuing Education,860.00,"23,994.97"
,306 Credit Card Payable,03/21/2023,Expense,,AAPDORG,,Seminars & Continuing Education,860.00,"24,854.97"
,306 Credit Card Payable,03/22/2023,Expense,,Burgerville USA,,Meals,30.54,"24,885.51"
,306 Credit Card Payable,03/23/2023,Expense,,Target,,Office Supplies,75.93,"24,961.44"
,306 Credit Card Payable,03/23/2023,Expense,,Clark Public utilities,,Utilities,196.03,"25,157.47"
,306 Credit Card Payable,03/23/2023,Expense,,Clark Public utilities,,Utilities,194.15,"25,351.62"
,306 Credit Card Payable,03/23/2023,Expense,,Ritu Kumar,,Withdrawals,677.57,"26,029.19"
,306 Credit Card Payable,03/24/2023,Expense,,Starbucks,,Staff Meetings,11.84,"26,041.03"
,306 Credit Card Payable,03/27/2023,Expense,,Google,,Advertising,2.16,"26,043.19"
,306 Credit Card Payable,03/27/2023,Expense,,Shred NW,,Office Supplies,59.73,"26,102.92"
,306 Credit Card Payable,03/27/2023,Expense,,Amazon,,Office Supplies,230.49,"26,333.41"
,306 Credit Card Payable,03/27/2023,Expense,,Amazon,,Office Supplies,34.73,"26,368.14"
,306 Credit Card Payable,03/27/2023,Expense,,Amazon,,Office Supplies,33.66,"26,401.80"
,306 Credit Card Payable,03/27/2023,Expense,,Google,,Advertising,13.03,"26,414.83"
,306 Credit Card Payable,03/27/2023,Expense,,Costco,,Office Supplies,91.20,"26,506.03"
,306 Credit Card Payable,03/27/2023,Expense,,Costco,,Office Supplies,29.31,"26,535.34"
,306 Credit Card Payable,03/27/2023,Expense,,Uber,,Auto Expense,64.96,"26,600.30"
,306 Credit Card Payable,03/27/2023,Expense,,Uber,,Auto Expense,9.92,"26,610.22"
,306 Credit Card Payable,03/27/2023,Expense,,Uber,,Auto Expense,3.00,"26,613.22"
,306 Credit Card Payable,03/27/2023,Expense,,Uber,,Auto Expense,10.94,"26,624.16"
,306 Credit Card Payable,03/27/2023,Expense,,Uber,,Auto Expense,12.96,"26,637.12"
,306 Credit Card Payable,03/27/2023,Expense,,Sling.com,,Telephone,15.00,"26,652.12"
,306 Credit Card Payable,03/27/2023,Expense,,Smilestream,,Advertising,330.00,"26,982.12"
,306 Credit Card Payable,03/27/2023,Expense,,Amazon,,Office Supplies,5.42,"26,987.54"
,306 Credit Card Payable,03/27/2023,Expense,,Muchas Gracias,,Staff Meetings,91.12,"27,078.66"
,306 Credit Card Payable,03/27/2023,Expense,,Mt Adams Zen,,Withdrawals,200.00,"27,278.66"
,306 Credit Card Payable,03/27/2023,Expense,,Tru Tain,,Dental Supplies,77.84,"27,356.50"
,306 Credit Card Payable,03/27/2023,Expense,,BlackRock Coffee,,Staff Meetings,21.48,"27,377.98"
,306 Credit Card Payable,03/28/2023,Expense,,Birdeye.com,,Office Supplies,369.24,"27,747.22"
,306 Credit Card Payable,03/28/2023,Expense,,Amazon,,Office Supplies,45.11,"27,792.33"
,306 Credit Card Payable,03/28/2023,Expense,,PBHS,,Advertising,10.00,"27,802.33"
,306 Credit Card Payable,03/28/2023,Expense,,Wal-Mart,,Office Supplies,36.02,"27,838.35"
,306 Credit Card Payable,03/28/2023,Expense,,Netflix,,Office Supplies,21.71,"27,860.06"
,306 Credit Card Payable,03/28/2023,Expense,,Health First Corp,,Dental Supplies,408.15,"28,268.21"
,306 Credit Card Payable,03/29/2023,Expense,,Cedr,,Practice Consultants,149.00,"28,417.21"
,306 Credit Card Payable,03/29/2023,Expense,,Spotify,,Office Supplies,17.37,"28,434.58"
,306 Credit Card Payable,03/29/2023,Expense,,onhold,,Telephone,129.00,"28,563.58"
,306 Credit Card Payable,03/30/2023,Expense,,Chevron,,Auto Expense,71.17,"28,634.75"
,306 Credit Card Payable,03/30/2023,Expense,,SML,,Lab Fees & X-Ray,103.75,"28,738.50"
,306 Credit Card Payable,03/31/2023,Expense,,Dominos,,Staff Meetings,36.22,"28,774.72"
,306 Credit Card Payable,03/31/2023,Expense,,Fred Meyer,,Office Supplies,44.17,"28,818.89"
,306 Credit Card Payable,04/03/2023,Credit Card Payment,,Bank Of America,,Cash in BOA 0693,"-13,594.81","15,224.08"
,306 Credit Card Payable,04/03/2023,Expense,,Google,,Advertising,84.71,"15,308.79"
,306 Credit Card Payable,04/03/2023,Expense,,optisigns,,Advertising,10.00,"15,318.79"
,306 Credit Card Payable,04/03/2023,Expense,,Amazon,,Office Supplies,1.41,"15,320.20"
,306 Credit Card Payable,04/03/2023,Expense,,Iron Gate Storage,,Rent,112.50,"15,432.70"
,306 Credit Card Payable,04/03/2023,Expense,,Indeed,,Recruitment Costs,81.45,"15,514.15"
,306 Credit Card Payable,04/03/2023,Expense,,Lighthouse,,Advertising,29.00,"15,543.15"
,306 Credit Card Payable,04/03/2023,Expense,,Lighthouse,,Advertising,378.67,"15,921.82"
,306 Credit Card Payable,04/03/2023,Expense,,Comcast,,Telephone,133.00,"16,054.82"
,306 Credit Card Payable,04/03/2023,Expense,,DropBox,,Office Supplies,13.02,"16,067.84"
,306 Credit Card Payable,04/03/2023,Expense,,T-Mobile,,Telephone,280.02,"16,347.86"
,306 Credit Card Payable,04/03/2023,Expense,,Airgas West,,Repairs & Maintenance,162.49,"16,510.35"
,306 Credit Card Payable,04/03/2023,Expense,,Elevate Oral Care,,Dental Supplies,418.81,"16,929.16"
,306 Credit Card Payable,04/03/2023,Expense,,Henry Schein,,Dental Supplies,12.85,"16,942.01"
,306 Credit Card Payable,04/04/2023,Expense,,Scentair Technologies,,Repairs & Maintenance,97.38,"17,039.39"
,306 Credit Card Payable,04/04/2023,Expense,,Henry Schein,,Dental Supplies,"2,617.67","19,657.06"
,306 Credit Card Payable,04/05/2023,Expense,,Google,,Advertising,70.58,"19,727.64"
,306 Credit Card Payable,04/05/2023,Expense,,Jameson Management,,Practice Consultants,"2,994.00","22,721.64"
,306 Credit Card Payable,04/05/2023,Expense,,vyne dental,,Advertising,43.44,"22,765.08"
,306 Credit Card Payable,04/05/2023,Expense,,Canva,,Advertising,12.99,"22,778.07"
,306 Credit Card Payable,04/06/2023,Expense,,Banfield,,Other General Costs,51.95,"22,830.02"
,306 Credit Card Payable,04/06/2023,Expense,,Costco,,Office Supplies,79.98,"22,910.00"
,306 Credit Card Payable,04/06/2023,Expense,,ADP Marketplace,,Payroll Service,32.61,"22,942.61"
,306 Credit Card Payable,04/06/2023,Expense,,Apple,,Office Supplies,9.99,"22,952.60"
,306 Credit Card Payable,04/07/2023,Expense,,Google,,Advertising,24.99,"22,977.59"
,306 Credit Card Payable,04/07/2023,Expense,,Pacific NW Specialty,,Dental Supplies,52.50,"23,030.09"
,306 Credit Card Payable,04/07/2023,Expense,,BlackRock Coffee,,Staff Meetings,63.26,"23,093.35"
,306 Credit Card Payable,04/07/2023,Expense,,BlackRock Coffee,,Staff Meetings,15.36,"23,108.71"
,306 Credit Card Payable,04/07/2023,Expense,,Uber,,Auto Expense,9.99,"23,118.70"
,306 Credit Card Payable,04/07/2023,Expense,,Ring Unlimited,,Telephone,10.86,"23,129.56"
,306 Credit Card Payable,04/08/2023,Expense,,Amazon,,Office Supplies,205.41,"23,334.97"
,306 Credit Card Payable,04/08/2023,Expense,,Amazon,,Office Supplies,379.46,"23,714.43"
,306 Credit Card Payable,04/09/2023,Expense,,Alaska air,,Travel & Lodging,287.98,"24,002.41"
,306 Credit Card Payable,04/09/2023,Expense,,Alaska air,,Travel & Lodging,287.98,"24,290.39"
,306 Credit Card Payable,04/09/2023,Expense,,Alaska air,,Travel & Lodging,707.79,"24,998.18"
,306 Credit Card Payable,04/09/2023,Expense,,Alaska air,,Travel & Lodging,707.79,"25,705.97"
,306 Credit Card Payable,04/09/2023,Expense,,Netflix,,Office Supplies,21.73,"25,727.70"
,306 Credit Card Payable,04/10/2023,Expense,,Pho House,,Staff Meetings,28.04,"25,755.74"
,306 Credit Card Payable,04/10/2023,Expense,,GoTo Connect,,Office Supplies,443.52,"26,199.26"
,306 Credit Card Payable,04/10/2023,Expense,,Brown SPS Program Fees,,Seminars & Continuing Education,550.00,"26,749.26"
,306 Credit Card Payable,04/11/2023,Expense,,Starbucks,,Staff Meetings,19.29,"26,768.55"
,306 Credit Card Payable,04/12/2023,Expense,,Tom Fuller PS,,Office Supplies,140.00,"26,908.55"
,306 Credit Card Payable,04/12/2023,Expense,,Amazon,,Office Supplies,22.77,"26,931.32"
,306 Credit Card Payable,04/12/2023,Expense,,Amazon,,Office Supplies,43.47,"26,974.79"
,306 Credit Card Payable,04/13/2023,Expense,,Chipotle,,Staff Meetings,28.38,"27,003.17"
,306 Credit Card Payable,04/13/2023,Expense,,Mr Maple Donuts LLC,,Meals,21.49,"27,024.66"
,306 Credit Card Payable,04/13/2023,Expense,,The UPS Store,,Office Supplies,160.56,"27,185.22"
,306 Credit Card Payable,04/13/2023,Expense,,Ortho Select LLC,,Dental Supplies,44.00,"27,229.22"
,306 Credit Card Payable,04/13/2023,Expense,,Ortho Select LLC,,Dental Supplies,78.00,"27,307.22"
,306 Credit Card Payable,04/13/2023,Expense,,Amazon,,Office Supplies,344.69,"27,651.91"
,306 Credit Card Payable,04/13/2023,Expense,,Macpractice Inc,,Data Processing,326.95,"27,978.86"
,306 Credit Card Payable,04/13/2023,Expense,,Excel Orthodontics,,Lab Fees & X-Ray,170.25,"28,149.11"
,306 Credit Card Payable,04/13/2023,Expense,,Henry Schein,,Dental Supplies,"1,653.43","29,802.54"
,306 Credit Card Payable,04/14/2023,Expense,,Doordash,,Staff Meetings,15.03,"29,817.57"
,306 Credit Card Payable,04/14/2023,Expense,,Amazon,,Office Supplies,10.86,"29,828.43"
,306 Credit Card Payable,04/15/2023,Expense,,Arco,,Auto Expense,108.51,"29,936.94"
,306 Credit Card Payable,04/15/2023,Expense,,Zayo Group,,Telephone,461.38,"30,398.32"
,306 Credit Card Payable,04/15/2023,Expense,,Macpractice Inc,,Data Processing,326.95,"30,725.27"
,306 Credit Card Payable,04/15/2023,Expense,,Netflix,,Office Supplies,21.73,"30,747.00"
,306 Credit Card Payable,04/16/2023,Expense,,AcLU,,Contributions,25.00,"30,772.00"
,306 Credit Card Payable,04/16/2023,Expense,,Google,,Advertising,2.16,"30,774.16"
,306 Credit Card Payable,04/18/2023,Expense,,Pho House,,Staff Meetings,29.90,"30,804.06"
,306 Credit Card Payable,04/18/2023,Expense,,Henry Schein,,Dental Supplies,50.44,"30,854.50"
,306 Credit Card Payable,04/18/2023,Expense,,Henry Schein,,Dental Supplies,"1,664.15","32,518.65"
,306 Credit Card Payable,04/19/2023,Expense,,MOD PIZZA,,Staff Meetings,33.34,"32,551.99"
,306 Credit Card Payable,04/19/2023,Expense,,Starbucks,,Staff Meetings,7.55,"32,559.54"
,306 Credit Card Payable,04/19/2023,Expense,,Clark County Food Bank,,Contributions,200.00,"32,759.54"
,306 Credit Card Payable,04/20/2023,Expense,,Godaddy.com,,Advertising,318.70,"33,078.24"
,306 Credit Card Payable,04/20/2023,Expense,,Nekter Juice Bar,,Meals,102.11,"33,180.35"
,306 Credit Card Payable,04/20/2023,Expense,,Pho House,,Staff Meetings,17.92,"33,198.27"
,306 Credit Card Payable,04/20/2023,Expense,,Shred NW,,Office Supplies,59.79,"33,258.06"
,306 Credit Card Payable,04/20/2023,Expense,,USPS,,Office Supplies,5.02,"33,263.08"
,306 Credit Card Payable,04/20/2023,Expense,,Adobe,,Office Supplies,10.86,"33,273.94"
,306 Credit Card Payable,04/20/2023,Expense,,Henry Schein,,Dental Supplies,144.52,"33,418.46"
,306 Credit Card Payable,04/21/2023,Expense,,McDonald's,,Meals,28.62,"33,447.08"
,306 Credit Card Payable,04/21/2023,Expense,,Amazon,,Office Supplies,11.95,"33,459.03"
,306 Credit Card Payable,04/21/2023,Expense,,Costco,,Office Supplies,41.99,"33,501.02"
,306 Credit Card Payable,04/22/2023,Expense,,Amazon,,Office Supplies,175.58,"33,676.60"
,306 Credit Card Payable,04/22/2023,Expense,,Amazon,,Office Supplies,10.86,"33,687.46"
,306 Credit Card Payable,04/24/2023,Expense,,Google,,Advertising,2.16,"33,689.62"
,306 Credit Card Payable,04/24/2023,Expense,,Starbucks,,Staff Meetings,5.38,"33,695.00"
,306 Credit Card Payable,04/24/2023,Expense,,Federal Express,,Office Supplies,11.30,"33,706.30"
,306 Credit Card Payable,04/24/2023,Expense,,La Vish Nails,,Employee Benefits,151.00,"33,857.30"
,306 Credit Card Payable,04/24/2023,Expense,,Clark Public utilities,,Utilities,225.41,"34,082.71"
,306 Credit Card Payable,04/24/2023,Expense,,Clark Public utilities,,Utilities,220.02,"34,302.73"
,306 Credit Card Payable,04/25/2023,Expense,,Amazon,,Office Supplies,5.42,"34,308.15"
,306 Credit Card Payable,04/25/2023,Expense,,Starbucks,,Staff Meetings,19.02,"34,327.17"
,306 Credit Card Payable,04/25/2023,Expense,,Google,,Advertising,13.04,"34,340.21"
,306 Credit Card Payable,04/25/2023,Expense,,Apple,,Office Supplies,10.86,"34,351.07"
,306 Credit Card Payable,04/25/2023,Expense,,Home Depot,,Repairs & Maintenance,57.96,"34,409.03"
,306 Credit Card Payable,04/25/2023,Expense,,Denovo,,Dental Supplies,758.05,"35,167.08"
,306 Credit Card Payable,04/25/2023,Expense,,Smilestream,,Advertising,300.00,"35,467.08"
,306 Credit Card Payable,04/25/2023,Expense,,Smilestream,,Advertising,300.00,"35,767.08"
,306 Credit Card Payable,04/26/2023,Expense,,Mt Adams Zen,,Withdrawals,200.00,"35,967.08"
,306 Credit Card Payable,04/26/2023,Expense,,Nekter Juice Bar,,Meals,23.98,"35,991.06"
,306 Credit Card Payable,04/26/2023,Expense,,Pho House,,Staff Meetings,17.92,"36,008.98"
,306 Credit Card Payable,04/26/2023,Expense,,Sling.com,,Telephone,15.00,"36,023.98"
,306 Credit Card Payable,04/27/2023,Expense,,Bellagios pizza,,Staff Meetings,81.82,"36,105.80"
,306 Credit Card Payable,04/27/2023,Expense,,Birdeye.com,,Office Supplies,369.58,"36,475.38"
,306 Credit Card Payable,04/27/2023,Expense,,Dollar Tree,,Office Supplies,2.72,"36,478.10"
,306 Credit Card Payable,04/27/2023,Expense,,Larsons Bakery,,Meals,47.00,"36,525.10"
,306 Credit Card Payable,04/27/2023,Expense,,PBHS,,Advertising,10.00,"36,535.10"
,306 Credit Card Payable,04/27/2023,Expense,,Safeway,,Office Supplies,18.44,"36,553.54"
,306 Credit Card Payable,04/27/2023,Expense,,Netflix,,Office Supplies,21.73,"36,575.27"
,306 Credit Card Payable,04/27/2023,Expense,,Spotify,,Office Supplies,17.38,"36,592.65"
,306 Credit Card Payable,04/27/2023,Expense,,Smilestream,,Advertising,516.35,"37,109.00"
,306 Credit Card Payable,04/28/2023,Expense,,Safeway,,Office Supplies,63.60,"37,172.60"
,306 Credit Card Payable,04/28/2023,Expense,,Cedr,,Practice Consultants,149.00,"37,321.60"
,306 Credit Card Payable,04/28/2023,Expense,,Amazon,,Office Supplies,61.43,"37,383.03"
,306 Credit Card Payable,04/28/2023,Expense,,Amazon,,Office Supplies,11.95,"37,394.98"
,306 Credit Card Payable,04/28/2023,Expense,,Amazon,,Office Supplies,39.72,"37,434.70"
,306 Credit Card Payable,04/28/2023,Expense,,Amazon,,Office Supplies,10.86,"37,445.56"
,306 Credit Card Payable,04/29/2023,Expense,,Safeway,,Office Supplies,68.77,"37,514.33"
,306 Credit Card Payable,04/29/2023,Expense,,Lowe's,,Repairs & Maintenance,99.74,"37,614.07"
,306 Credit Card Payable,04/29/2023,Expense,,Hatt's Fuel Stop,,Auto Expense,88.05,"37,702.12"
,306 Credit Card Payable,04/29/2023,Credit Card Credit,,Safeway,,Office Supplies,-63.60,"37,638.52"
,306 Credit Card Payable,04/29/2023,Expense,,Carmen's Kitchen,,Meals,40.36,"37,678.88"
,306 Credit Card Payable,04/30/2023,Expense,,Station Cafe,,Meals,57.96,"37,736.84"
,306 Credit Card Payable,05/01/2023,Expense,,Google,,Advertising,82.17,"37,819.01"
,306 Credit Card Payable,05/01/2023,Expense,,Iron Gate Storage,,Rent,112.50,"37,931.51"
,306 Credit Card Payable,05/01/2023,Expense,,Indeed,,Recruitment Costs,83.49,"38,015.00"
,306 Credit Card Payable,05/01/2023,Expense,,Scentair Technologies,,Repairs & Maintenance,97.38,"38,112.38"
,306 Credit Card Payable,05/01/2023,Expense,,Bisco,,Dental Supplies,167.40,"38,279.78"
,306 Credit Card Payable,05/01/2023,Expense,,Lighthouse,,Advertising,29.00,"38,308.78"
,306 Credit Card Payable,05/01/2023,Expense,,Lighthouse,,Advertising,378.67,"38,687.45"
,306 Credit Card Payable,05/01/2023,Expense,,Airgas West,,Repairs & Maintenance,152.94,"38,840.39"
,306 Credit Card Payable,05/01/2023,Expense,,DropBox,,Office Supplies,13.03,"38,853.42"
,306 Credit Card Payable,05/01/2023,Expense,,T-Mobile,,Telephone,279.40,"39,132.82"
,306 Credit Card Payable,05/01/2023,Expense,,Henry Schein,,Dental Supplies,"1,988.06","41,120.88"
,306 Credit Card Payable,05/02/2023,Expense,,optisigns,,Advertising,10.00,"41,130.88"
,306 Credit Card Payable,05/02/2023,Expense,,Google,,Advertising,79.34,"41,210.22"
,306 Credit Card Payable,05/02/2023,Expense,,Amazon,,Office Supplies,1.42,"41,211.64"
,306 Credit Card Payable,05/02/2023,Expense,,USPS,,Office Supplies,26.75,"41,238.39"
,306 Credit Card Payable,05/02/2023,Expense,,Amazon,,Office Supplies,22.83,"41,261.22"
,306 Credit Card Payable,05/02/2023,Expense,,vyne dental,,Advertising,107.62,"41,368.84"
,306 Credit Card Payable,05/03/2023,Expense,,Comcast,,Telephone,133.00,"41,501.84"
,306 Credit Card Payable,05/04/2023,Expense,,Bank Of America,,Cash in BOA 0693,"-23,037.90","18,463.94"
,306 Credit Card Payable,05/04/2023,Expense,,Pho House,,Staff Meetings,40.27,"18,504.21"
,306 Credit Card Payable,05/04/2023,Expense,,Seize The Bagel,,Meals,34.31,"18,538.52"
,306 Credit Card Payable,05/04/2023,Expense,,Federal Express,,Office Supplies,7.15,"18,545.67"
,306 Credit Card Payable,05/04/2023,Expense,,Jameson Management,,Practice Consultants,"2,994.00","21,539.67"
,306 Credit Card Payable,05/04/2023,Expense,,Target,,Office Supplies,97.11,"21,636.78"
,306 Credit Card Payable,05/04/2023,Expense,,Canvas,,Advertising,12.99,"21,649.77"
,306 Credit Card Payable,05/04/2023,Expense,,Signazon Com,,Office Supplies,189.74,"21,839.51"
,306 Credit Card Payable,05/08/2023,Expense,,Google,,Advertising,24.99,"21,864.50"
,306 Credit Card Payable,05/08/2023,Expense,,Starbucks,,Staff Meetings,19.07,"21,883.57"
,306 Credit Card Payable,05/08/2023,Expense,,7-Eleven,,Meals,14.08,"21,897.65"
,306 Credit Card Payable,05/08/2023,Expense,,Chevron,,Auto Expense,74.38,"21,972.03"
,306 Credit Card Payable,05/08/2023,Expense,,ADP Marketplace,,Payroll Service,32.61,"22,004.64"
,306 Credit Card Payable,05/08/2023,Expense,,Banfield,,Other General Costs,51.95,"22,056.59"
,306 Credit Card Payable,05/08/2023,Expense,,Ortho Select LLC,,Dental Supplies,122.00,"22,178.59"
,306 Credit Card Payable,05/08/2023,Expense,,Ortho Select LLC,,Dental Supplies,190.00,"22,368.59"
,306 Credit Card Payable,05/08/2023,Expense,,Amazon,,Office Supplies,86.46,"22,455.05"
,306 Credit Card Payable,05/08/2023,Expense,,Amazon,,Office Supplies,10.82,"22,465.87"
,306 Credit Card Payable,05/08/2023,Expense,,Amazon,,Office Supplies,21.18,"22,487.05"
,306 Credit Card Payable,05/08/2023,Expense,,Apple,,Office Supplies,9.99,"22,497.04"
,306 Credit Card Payable,05/08/2023,Expense,,Uber,,Auto Expense,9.99,"22,507.03"
,306 Credit Card Payable,05/08/2023,Expense,,Excel Orthodontics,,Lab Fees & X-Ray,499.75,"23,006.78"
,306 Credit Card Payable,05/08/2023,Expense,,Ring Unlimited,,Telephone,10.87,"23,017.65"
,306 Credit Card Payable,05/09/2023,Expense,,Pho House,,Staff Meetings,8.15,"23,025.80"
,306 Credit Card Payable,05/09/2023,Expense,,Pho House,,Staff Meetings,26.82,"23,052.62"
,306 Credit Card Payable,05/09/2023,Expense,,Amazon,,Office Supplies,20.18,"23,072.80"
,306 Credit Card Payable,05/09/2023,Expense,,Big Al's,,Advertising,193.29,"23,266.09"
,306 Credit Card Payable,05/09/2023,Expense,,National CPR,,Staff Seminars & Continuing Ed,71.76,"23,337.85"
,306 Credit Card Payable,05/10/2023,Expense,,Pho House,,Staff Meetings,17.92,"23,355.77"
,306 Credit Card Payable,05/10/2023,Expense,,Netflix,,Office Supplies,21.73,"23,377.50"
,306 Credit Card Payable,05/11/2023,Expense,,MOD PIZZA,,Staff Meetings,33.34,"23,410.84"
,306 Credit Card Payable,05/11/2023,Expense,,Pho House,,Staff Meetings,17.92,"23,428.76"
,306 Credit Card Payable,05/11/2023,Expense,,GoTo Connect,,Office Supplies,443.52,"23,872.28"
,306 Credit Card Payable,05/11/2023,Expense,,Amazon,,Office Supplies,18.47,"23,890.75"
,306 Credit Card Payable,05/11/2023,Expense,,BlackRock Coffee,,Staff Meetings,18.35,"23,909.10"
,306 Credit Card Payable,05/12/2023,Expense,,USPS,,Office Supplies,65.20,"23,974.30"
,306 Credit Card Payable,05/12/2023,Expense,,Uline,,Office Supplies,456.00,"24,430.30"
,306 Credit Card Payable,05/15/2023,Expense,,Jersey Mike's,,Meals,67.96,"24,498.26"
,306 Credit Card Payable,05/15/2023,Expense,,Starbucks,,Staff Meetings,21.20,"24,519.46"
,306 Credit Card Payable,05/15/2023,Expense,,Zayo Group,,Telephone,461.38,"24,980.84"
,306 Credit Card Payable,05/15/2023,Expense,,Amazon,,Office Supplies,41.30,"25,022.14"
,306 Credit Card Payable,05/15/2023,Expense,,Macpractice Inc,,Data Processing,326.96,"25,349.10"
,306 Credit Card Payable,05/15/2023,Expense,,Smilestream,,Advertising,330.00,"25,679.10"
,306 Credit Card Payable,05/15/2023,Expense,,Smilestream,,Advertising,295.88,"25,974.98"
,306 Credit Card Payable,05/16/2023,Expense,,Costco,,Office Supplies,58.68,"26,033.66"
,306 Credit Card Payable,05/16/2023,Expense,,Netflix,,Office Supplies,21.73,"26,055.39"
,306 Credit Card Payable,05/16/2023,Expense,,CE for Relicensure,,Seminars & Continuing Education,64.00,"26,119.39"
,306 Credit Card Payable,05/16/2023,Expense,,CE for Relicensure,,Seminars & Continuing Education,27.00,"26,146.39"
,306 Credit Card Payable,05/17/2023,Expense,,Google,,Advertising,2.16,"26,148.55"
,306 Credit Card Payable,05/17/2023,Expense,,AcLU,,Contributions,25.00,"26,173.55"
,306 Credit Card Payable,05/17/2023,Expense,,CE for Relicensure,,Seminars & Continuing Education,64.00,"26,237.55"
,306 Credit Card Payable,05/18/2023,Expense,,Burgerville USA,,Meals,4.34,"26,241.89"
,306 Credit Card Payable,05/18/2023,Expense,,Burgerville USA,,Meals,44.93,"26,286.82"
,306 Credit Card Payable,05/18/2023,Expense,,Uber Eats,,Staff Meetings,56.48,"26,343.30"
,306 Credit Card Payable,05/18/2023,Expense,,Henry Schein,,Dental Supplies,54.39,"26,397.69"
,306 Credit Card Payable,05/18/2023,Expense,,Henry Schein,,Dental Supplies,"2,048.56","28,446.25"
,306 Credit Card Payable,05/18/2023,Expense,,Smilestream,,Advertising,330.00,"28,776.25"
,306 Credit Card Payable,05/18/2023,Expense,,Smilestream,,Advertising,270.00,"29,046.25"
,306 Credit Card Payable,05/19/2023,Expense,,Amazon,,Office Supplies,151.09,"29,197.34"
,306 Credit Card Payable,05/19/2023,Expense,,Smilestream,,Advertising,644.66,"29,842.00"
,306 Credit Card Payable,05/19/2023,Expense,,Big Al's,,Advertising,849.25,"30,691.25"
,306 Credit Card Payable,05/19/2023,Expense,,Shred NW,,Repairs & Maintenance,59.79,"30,751.04"
,306 Credit Card Payable,05/19/2023,Expense,,Yourmembership Inc,,Advertising,549.00,"31,300.04"
,306 Credit Card Payable,05/22/2023,Expense,,Starbucks,,Staff Meetings,67.50,"31,367.54"
,306 Credit Card Payable,05/22/2023,Expense,,Banfield,,Other General Costs,216.26,"31,583.80"
,306 Credit Card Payable,05/22/2023,Expense,,Clark County Food Bank,,Contributions,200.00,"31,783.80"
,306 Credit Card Payable,05/22/2023,Expense,,Amazon,,Office Supplies,25.86,"31,809.66"
,306 Credit Card Payable,05/22/2023,Expense,,Amazon,,Office Supplies,22.81,"31,832.47"
,306 Credit Card Payable,05/22/2023,Expense,,Amazon,,Office Supplies,18.47,"31,850.94"
,306 Credit Card Payable,05/22/2023,Expense,,Parkrose Hardware,,Repairs & Maintenance,359.14,"32,210.08"
,306 Credit Card Payable,05/22/2023,Expense,,Adobe,,Office Supplies,10.86,"32,220.94"
,306 Credit Card Payable,05/22/2023,Expense,,Safeway,,Office Supplies,860.40,"33,081.34"
,306 Credit Card Payable,05/22/2023,Expense,,Home Depot,,Repairs & Maintenance,120.59,"33,201.93"
,306 Credit Card Payable,05/22/2023,Expense,,Home Depot,,Repairs & Maintenance,31.61,"33,233.54"
,306 Credit Card Payable,05/22/2023,Expense,,Dress Code,,Laundry & Uniforms,72.20,"33,305.74"
,306 Credit Card Payable,05/22/2023,Expense,,Baskin,,Staff Meetings,4.52,"33,310.26"
,306 Credit Card Payable,05/23/2023,Expense,,Clear Checks,,Office Supplies,34.98,"33,345.24"
,306 Credit Card Payable,05/23/2023,Expense,,Clear Checks,,Office Supplies,24.99,"33,370.23"
,306 Credit Card Payable,05/23/2023,Expense,,Amazon,,Office Supplies,25.00,"33,395.23"
,306 Credit Card Payable,05/23/2023,Expense,,Amazon,,Office Supplies,31.51,"33,426.74"
,306 Credit Card Payable,05/23/2023,Expense,,Fred Meyer,,Office Supplies,33.80,"33,460.54"
,306 Credit Card Payable,05/23/2023,Expense,,Clark Public utilities,,Utilities,195.54,"33,656.08"
,306 Credit Card Payable,05/23/2023,Expense,,Clark Public utilities,,Utilities,197.66,"33,853.74"
,306 Credit Card Payable,05/24/2023,Expense,,Pho House,,Staff Meetings,27.41,"33,881.15"
,306 Credit Card Payable,05/24/2023,Expense,,USPS,,Office Supplies,28.75,"33,909.90"
,306 Credit Card Payable,05/24/2023,Expense,,Solar FIlms,,Repairs & Maintenance,264.35,"34,174.25"
,306 Credit Card Payable,05/24/2023,Expense,,Meta Platform,,Advertising,9.99,"34,184.24"
,306 Credit Card Payable,05/24/2023,Expense,,Uline,,Office Supplies,102.41,"34,286.65"
,306 Credit Card Payable,05/25/2023,Expense,,Bellagios pizza,,Staff Meetings,75.90,"34,362.55"
,306 Credit Card Payable,05/25/2023,Expense,,Google,,Advertising,2.16,"34,364.71"
,306 Credit Card Payable,05/25/2023,Expense,,Fred Meyer,,Office Supplies,25.56,"34,390.27"
,306 Credit Card Payable,05/25/2023,Expense,,Google,,Advertising,13.04,"34,403.31"
,306 Credit Card Payable,05/25/2023,Expense,,Getaway Hous,,Withdrawals,300.00,"34,703.31"
,306 Credit Card Payable,05/25/2023,Expense,,AAPDORG,,Dues & Subscriptions,275.00,"34,978.31"
,306 Credit Card Payable,05/25/2023,Expense,,AAPDORG,,Dues & Subscriptions,275.00,"35,253.31"
,306 Credit Card Payable,05/25/2023,Expense,,American Heart Shop,CPR,Staff Seminars & Continuing Ed,343.49,"35,596.80"
,306 Credit Card Payable,05/25/2023,Expense,,American Heart Shop,,Staff Seminars & Continuing Ed,171.75,"35,768.55"
,306 Credit Card Payable,05/26/2023,Expense,,Mr Maple Donuts LLC,,Meals,113.44,"35,881.99"
,306 Credit Card Payable,05/26/2023,Expense,,Federal Express,,Office Supplies,11.41,"35,893.40"
,306 Credit Card Payable,05/26/2023,Expense,,Clear Checks,,Office Supplies,24.99,"35,918.39"
,306 Credit Card Payable,05/26/2023,Expense,,Uber,,Auto Expense,54.31,"35,972.70"
,306 Credit Card Payable,05/26/2023,Expense,,Sling.com,,Telephone,15.00,"35,987.70"
,306 Credit Card Payable,05/26/2023,Expense,,Amazon,,Office Supplies,5.42,"35,993.12"
,306 Credit Card Payable,05/26/2023,Credit Card Credit,,American Heart Shop,,Staff Seminars & Continuing Ed,-171.75,"35,821.37"
,306 Credit Card Payable,05/29/2023,Expense,,Starbucks,,Staff Meetings,6.69,"35,828.06"
,306 Credit Card Payable,05/29/2023,Expense,,Birdeye.com,,Office Supplies,271.75,"36,099.81"
,306 Credit Card Payable,05/29/2023,Expense,,Cedr,,Practice Consultants,149.00,"36,248.81"
,306 Credit Card Payable,05/29/2023,Expense,,Macpractice Inc,,Data Processing,200.00,"36,448.81"
,306 Credit Card Payable,05/29/2023,Expense,,PBHS,,Advertising,10.00,"36,458.81"
,306 Credit Card Payable,05/29/2023,Expense,,Uber,,Auto Expense,16.97,"36,475.78"
,306 Credit Card Payable,05/29/2023,Expense,,Uber,,Auto Expense,11.93,"36,487.71"
,306 Credit Card Payable,05/29/2023,Expense,,Uber,,Auto Expense,24.96,"36,512.67"
,306 Credit Card Payable,05/29/2023,Expense,,Uber,,Auto Expense,11.96,"36,524.63"
,306 Credit Card Payable,05/29/2023,Expense,,Uber,,Auto Expense,13.95,"36,538.58"
,306 Credit Card Payable,05/29/2023,Expense,,Uber,,Auto Expense,41.11,"36,579.69"
,306 Credit Card Payable,05/29/2023,Expense,,Uber,,Auto Expense,10.60,"36,590.29"
,306 Credit Card Payable,05/29/2023,Expense,,Netflix,,Office Supplies,21.73,"36,612.02"
,306 Credit Card Payable,05/29/2023,Expense,,Spotify,,Office Supplies,17.38,"36,629.40"
,306 Credit Card Payable,05/29/2023,Expense,,Henry Schein,,Dental Supplies,80.20,"36,709.60"
,306 Credit Card Payable,05/29/2023,Expense,,Charleys Philly Steaks,,Staff Meetings,24.55,"36,734.15"
,306 Credit Card Payable,05/29/2023,Expense,,GreenBeat,,Staff Meetings,19.56,"36,753.71"
,306 Credit Card Payable,05/29/2023,Expense,,Planet Hollywood,,Withdrawals,108.49,"36,862.20"
,306 Credit Card Payable,05/29/2023,Expense,,Coco,,Withdrawals,12.25,"36,874.45"
,306 Credit Card Payable,05/29/2023,Expense,,Jamba Juice,,Staff Meetings,20.38,"36,894.83"
,306 Credit Card Payable,05/29/2023,Expense,,Mt Adams Zen,,Withdrawals,200.00,"37,094.83"
,306 Credit Card Payable,05/29/2023,Expense,,Pop Bar,,Withdrawals,6.85,"37,101.68"
,306 Credit Card Payable,05/30/2023,Expense,,Dominos,,Staff Meetings,22.16,"37,123.84"
,306 Credit Card Payable,05/30/2023,Expense,,Cask & Larder,,Meals,70.97,"37,194.81"
,306 Credit Card Payable,05/30/2023,Expense,,WDW Connections,,Withdrawals,19.04,"37,213.85"
,306 Credit Card Payable,05/30/2023,Expense,,Hilton,,Travel & Lodging,"1,192.01","38,405.86"
,306 Credit Card Payable,05/30/2023,Expense,,PDX Airport Parking,,Auto Expense,96.00,"38,501.86"
,306 Credit Card Payable,05/31/2023,Expense,,Pho House,,Staff Meetings,17.92,"38,519.78"
,306 Credit Card Payable,05/31/2023,Expense,,Amazon,,Office Supplies,4.59,"38,524.37"
,306 Credit Card Payable,05/31/2023,Expense,,Amazon,,Office Supplies,70.61,"38,594.98"
,306 Credit Card Payable,06/01/2023,Credit Card Payment,,Bank Of America,,Cash in BOA 0693,"-21,839.51","16,755.47"
,306 Credit Card Payable,06/01/2023,Expense,,MOD PIZZA,,Staff Meetings,33.34,"16,788.81"
,306 Credit Card Payable,06/01/2023,Expense,,Amazon,,Office Supplies,43.47,"16,832.28"
,306 Credit Card Payable,06/01/2023,Expense,,Henry Schein,,Dental Supplies,"1,712.57","18,544.85"
,306 Credit Card Payable,06/02/2023,Expense,,Google,,Advertising,63.53,"18,608.38"
,306 Credit Card Payable,06/02/2023,Expense,,Starbucks,,Staff Meetings,4.84,"18,613.22"
,306 Credit Card Payable,06/02/2023,Expense,,Indeed,,Recruitment Costs,259.48,"18,872.70"
,306 Credit Card Payable,06/02/2023,Expense,,Iron Gate Storage,,Rent,112.50,"18,985.20"
,306 Credit Card Payable,06/02/2023,Expense,,Scentair Technologies,,Repairs & Maintenance,97.38,"19,082.58"
,306 Credit Card Payable,06/02/2023,Expense,,Lighthouse,,Advertising,29.00,"19,111.58"
,306 Credit Card Payable,06/02/2023,Expense,,Lighthouse,,Advertising,378.67,"19,490.25"
,306 Credit Card Payable,06/02/2023,Credit Card Credit,,Amazon,,Office Supplies,-25.00,"19,465.25"
,306 Credit Card Payable,06/02/2023,Expense,,Amazon,,Office Supplies,9.77,"19,475.02"
,306 Credit Card Payable,06/02/2023,Expense,,Amazon,,Office Supplies,7.55,"19,482.57"
,306 Credit Card Payable,06/02/2023,Expense,,Amazon,,Office Supplies,49.35,"19,531.92"
,306 Credit Card Payable,06/02/2023,Expense,,Airgas West,,Repairs & Maintenance,156.77,"19,688.69"
,306 Credit Card Payable,06/02/2023,Expense,,T-Mobile,,Telephone,224.20,"19,912.89"
,306 Credit Card Payable,06/02/2023,Expense,,Smilestream,,Advertising,330.00,"20,242.89"
,306 Credit Card Payable,06/05/2023,Expense,,Chick-Fil-A,,Meals,62.34,"20,305.23"
,306 Credit Card Payable,06/05/2023,Expense,,optisigns,,Advertising,10.00,"20,315.23"
,306 Credit Card Payable,06/05/2023,Expense,,Chevron,,Auto Expense,118.04,"20,433.27"
,306 Credit Card Payable,06/05/2023,Expense,,Amazon,,Office Supplies,1.43,"20,434.70"
,306 Credit Card Payable,06/05/2023,Expense,,Jameson Management,,Practice Consultants,"2,994.00","23,428.70"
,306 Credit Card Payable,06/05/2023,Expense,,Banfield,,Other General Costs,103.53,"23,532.23"
,306 Credit Card Payable,06/05/2023,Expense,,Amazon,,Office Supplies,11.88,"23,544.11"
,306 Credit Card Payable,06/05/2023,Expense,,Amazon,,Office Supplies,32.99,"23,577.10"
,306 Credit Card Payable,06/05/2023,Expense,,Amazon,,Office Supplies,63.82,"23,640.92"
,306 Credit Card Payable,06/05/2023,Expense,,Amazon,,Office Supplies,13.03,"23,653.95"
,306 Credit Card Payable,06/05/2023,Expense,,Apple,,Office Supplies,21.73,"23,675.68"
,306 Credit Card Payable,06/05/2023,Expense,,Wal-Mart,,Office Supplies,29.62,"23,705.30"
,306 Credit Card Payable,06/05/2023,Expense,,Wal-Mart,,Office Supplies,15.20,"23,720.50"
,306 Credit Card Payable,06/05/2023,Expense,,Wal-Mart,,Office Supplies,2.00,"23,722.50"
,306 Credit Card Payable,06/05/2023,Expense,,Comcast,,Telephone,133.00,"23,855.50"
,306 Credit Card Payable,06/05/2023,Expense,,DropBox,,Office Supplies,13.03,"23,868.53"
,306 Credit Card Payable,06/05/2023,Expense,,vyne dental,,Advertising,43.48,"23,912.01"
,306 Credit Card Payable,06/05/2023,Expense,,McMenamins,,Meals,179.54,"24,091.55"
,306 Credit Card Payable,06/05/2023,Expense,,Canva,,Advertising,12.99,"24,104.54"
,306 Credit Card Payable,06/06/2023,Expense,,Banfield,,Other General Costs,51.95,"24,156.49"
,306 Credit Card Payable,06/06/2023,Expense,,Amazon,,Office Supplies,206.52,"24,363.01"
,306 Credit Card Payable,06/06/2023,Expense,,Amazon,,Office Supplies,124.99,"24,488.00"
,306 Credit Card Payable,06/07/2023,Expense,,Google,,Advertising,24.99,"24,512.99"
,306 Credit Card Payable,06/07/2023,Expense,,Amazon,,Office Supplies,20.64,"24,533.63"
,306 Credit Card Payable,06/07/2023,Expense,,Apple,,Office Supplies,9.99,"24,543.62"
,306 Credit Card Payable,06/08/2023,Expense,,Starbucks,,Staff Meetings,18.04,"24,561.66"
,306 Credit Card Payable,06/08/2023,Expense,,ADP Marketplace,,Payroll Service,32.61,"24,594.27"
,306 Credit Card Payable,06/08/2023,Expense,,Amazon,,Office Supplies,32.60,"24,626.87"
,306 Credit Card Payable,06/08/2023,Expense,,Ring Unlimited,,Telephone,10.87,"24,637.74"
,306 Credit Card Payable,06/09/2023,Expense,,Amazon,,Office Supplies,18.56,"24,656.30"
,306 Credit Card Payable,06/09/2023,Expense,,Target,,Office Supplies,79.60,"24,735.90"
,306 Credit Card Payable,06/09/2023,Expense,,BlackRock Coffee,,Staff Meetings,60.27,"24,796.17"
,306 Credit Card Payable,06/12/2023,Expense,,GoTo Connect,,Office Supplies,331.85,"25,128.02"
,306 Credit Card Payable,06/12/2023,Expense,,Amazon,,Office Supplies,244.79,"25,372.81"
,306 Credit Card Payable,06/12/2023,Expense,,Amazon,,Office Supplies,41.81,"25,414.62"
,306 Credit Card Payable,06/12/2023,Expense,,Macpractice Inc,,Data Processing,326.96,"25,741.58"
,306 Credit Card Payable,06/12/2023,Expense,,Uber,,Auto Expense,7.27,"25,748.85"
,306 Credit Card Payable,06/12/2023,Expense,,Netflix,,Office Supplies,21.73,"25,770.58"
,306 Credit Card Payable,06/12/2023,Expense,,Pita Pit,,Staff Meetings,56.19,"25,826.77"
,306 Credit Card Payable,06/12/2023,Expense,,Zen Sushi Bar,,Meals,64.91,"25,891.68"
,306 Credit Card Payable,06/12/2023,Expense,,Exxon,,Auto Expense,70.50,"25,962.18"
,306 Credit Card Payable,06/13/2023,Expense,,Pho House,,Staff Meetings,17.92,"25,980.10"
,306 Credit Card Payable,06/13/2023,Expense,,Pho House,,Staff Meetings,41.16,"26,021.26"
,306 Credit Card Payable,06/14/2023,Expense,,Henry Schein,,Dental Supplies,"2,845.24","28,866.50"
,306 Credit Card Payable,06/14/2023,Expense,,COV Fire Inspection,,Repairs & Maintenance,229.00,"29,095.50"
,306 Credit Card Payable,06/15/2023,Expense,,Pho House,,Staff Meetings,17.92,"29,113.42"
,306 Credit Card Payable,06/15/2023,Expense,,Zayo Group,,Telephone,461.38,"29,574.80"
,306 Credit Card Payable,06/15/2023,Expense,,Apple,,Office Supplies,7.60,"29,582.40"
,306 Credit Card Payable,06/15/2023,Expense,,Dress Code,,Laundry & Uniforms,231.54,"29,813.94"
,306 Credit Card Payable,06/15/2023,Expense,,Henry Schein,,Dental Supplies,40.10,"29,854.04"
,306 Credit Card Payable,06/15/2023,Expense,,Panda Express,,Meals,36.58,"29,890.62"
,306 Credit Card Payable,06/16/2023,Expense,,Starbucks,,Staff Meetings,12.45,"29,903.07"
,306 Credit Card Payable,06/16/2023,Expense,,Home Depot,,Repairs & Maintenance,200.01,"30,103.08"
,306 Credit Card Payable,06/16/2023,Expense,,Wal-Mart,,Office Supplies,195.65,"30,298.73"
,306 Credit Card Payable,06/16/2023,Expense,,Wal-Mart,,Office Supplies,32.38,"30,331.11"
,306 Credit Card Payable,06/16/2023,Expense,,Uber,,Auto Expense,9.99,"30,341.10"
,306 Credit Card Payable,06/16/2023,Expense,,Netflix,,Office Supplies,21.73,"30,362.83"
,306 Credit Card Payable,06/16/2023,Expense,,Dev's Coffee Bar,,Staff Meetings,63.50,"30,426.33"
,306 Credit Card Payable,06/16/2023,Expense,,E and A Auto Repair,,Auto Expense,"1,036.00","31,462.33"
,306 Credit Card Payable,06/16/2023,Expense,,Pottery Barn,,Office Supplies,128.27,"31,590.60"
,306 Credit Card Payable,06/16/2023,Expense,,Pottery Barn,,Office Supplies,279.36,"31,869.96"
,306 Credit Card Payable,06/16/2023,Expense,,Heigladhesi,,Withdrawals,39.74,"31,909.70"
,306 Credit Card Payable,06/19/2023,Expense,,Google,,Advertising,2.16,"31,911.86"
,306 Credit Card Payable,06/19/2023,Expense,,MOD PIZZA,,Staff Meetings,33.34,"31,945.20"
,306 Credit Card Payable,06/19/2023,Expense,,Federal Express,,Office Supplies,44.50,"31,989.70"
,306 Credit Card Payable,06/19/2023,Expense,,AcLU,,Contributions,25.00,"32,014.70"
,306 Credit Card Payable,06/19/2023,Expense,,Amazon,,Office Supplies,33.66,"32,048.36"
,306 Credit Card Payable,06/19/2023,Expense,,Amazon,,Office Supplies,17.37,"32,065.73"
,306 Credit Card Payable,06/19/2023,Expense,,Amazon,,Office Supplies,12.22,"32,077.95"
,306 Credit Card Payable,06/19/2023,Expense,,Pottery Barn,,Office Supplies,47.81,"32,125.76"
,306 Credit Card Payable,06/19/2023,Expense,,Glenwood Station,,Withdrawals,56.31,"32,182.07"
,306 Credit Card Payable,06/20/2023,Expense,,Station Cafe,,Meals,57.40,"32,239.47"
,306 Credit Card Payable,06/20/2023,Expense,,Amazon,,Office Supplies,78.16,"32,317.63"
,306 Credit Card Payable,06/21/2023,Expense,,Clark County Food Bank,,Contributions,200.00,"32,517.63"
,306 Credit Card Payable,06/21/2023,Expense,,Amazon,,Office Supplies,115.08,"32,632.71"
,306 Credit Card Payable,06/22/2023,Expense,,Pho House,,Staff Meetings,56.07,"32,688.78"
,306 Credit Card Payable,06/22/2023,Expense,,Amazon,,Office Supplies,28.25,"32,717.03"
,306 Credit Card Payable,06/23/2023,Expense,,Uber Eats,,Staff Meetings,21.47,"32,738.50"
,306 Credit Card Payable,06/23/2023,Expense,,Fred Meyer,,Office Supplies,46.31,"32,784.81"
,306 Credit Card Payable,06/23/2023,Expense,,BlackRock Coffee,,Staff Meetings,12.90,"32,797.71"
,306 Credit Card Payable,06/23/2023,Expense,,Clark Public utilities,,Utilities,212.84,"33,010.55"
,306 Credit Card Payable,06/23/2023,Expense,,Clark Public utilities,,Utilities,211.29,"33,221.84"
,306 Credit Card Payable,06/23/2023,Expense,,Excel Orthodontics,,Lab Fees & X-Ray,317.50,"33,539.34"
,306 Credit Card Payable,06/23/2023,Expense,,Henry Schein,,Dental Supplies,"1,790.79","35,330.13"
,306 Credit Card Payable,06/23/2023,Expense,,Mr Maple Donuts LLC,,Staff Meetings,21.49,"35,351.62"
,306 Credit Card Payable,06/26/2023,Expense,,Meta Platform,,Advertising,65.00,"35,416.62"
,306 Credit Card Payable,06/26/2023,Expense,,Amazon,,Office Supplies,32.25,"35,448.87"
,306 Credit Card Payable,06/26/2023,Expense,,Amazon,,Office Supplies,43.47,"35,492.34"
,306 Credit Card Payable,06/26/2023,Expense,,Fred Meyer,,Office Supplies,16.76,"35,509.10"
,306 Credit Card Payable,06/26/2023,Expense,,Lowe's,,Repairs & Maintenance,46.63,"35,555.73"
,306 Credit Card Payable,06/26/2023,Expense,,Home Depot,,Repairs & Maintenance,660.18,"36,215.91"
,306 Credit Card Payable,06/26/2023,Expense,,BlackRock Coffee,,Staff Meetings,23.48,"36,239.39"
,306 Credit Card Payable,06/26/2023,Expense,,popeye's,,Meals,11.92,"36,251.31"
,306 Credit Card Payable,06/26/2023,Expense,,Mark Alper,,710.1 Office Supplies - PPT,690.40,"36,941.71"
,306 Credit Card Payable,06/28/2023,Expense,,Alaska air,,Travel & Lodging,767.80,"37,709.51"
,306 Credit Card Payable,06/28/2023,Expense,,Alaska air,,Travel & Lodging,767.80,"38,477.31"
,306 Credit Card Payable,06/28/2023,Expense,,Dominos,,Staff Meetings,28.74,"38,506.05"
,306 Credit Card Payable,06/28/2023,Expense,,PBHS,,Office Supplies,10.00,"38,516.05"
,306 Credit Card Payable,06/28/2023,Expense,,Wal-Mart,,Office Supplies,55.48,"38,571.53"
,306 Credit Card Payable,06/30/2023,Expense,,Pho House,,Staff Meetings,17.92,"38,589.45"
,306 Credit Card Payable,06/30/2023,Expense,,Clear Checks,,Office Supplies,24.99,"38,614.44"
,306 Credit Card Payable,06/30/2023,Expense,,Amazon,,Office Supplies,127.15,"38,741.59"
,306 Credit Card Payable,06/30/2023,Expense,,Nekter Juice Bar,,Advertising,108.28,"38,849.87"
,306 Credit Card Payable,06/30/2023,Expense,,Shred NW,,Repairs & Maintenance,59.79,"38,909.66"
,306 Credit Card Payable,07/03/2023,Expense,,Iron Gate Storage,,Rent,112.50,"39,022.16"
,306 Credit Card Payable,07/03/2023,Expense,,"Discus Dental, LLC",,Dental Supplies,651.99,"39,674.15"
,306 Credit Card Payable,07/03/2023,Expense,,Nekter Juice Bar,,Meals,10.73,"39,684.88"
,306 Credit Card Payable,07/04/2023,Expense,,Amazon,,Office Supplies,31.79,"39,716.67"
,306 Credit Card Payable,07/05/2023,Credit Card Payment,,Bank Of America,,Cash in BOA 0693,"-24,543.62","15,173.05"
,306 Credit Card Payable,07/05/2023,Expense,,Uber Eats,,Staff Meetings,61.50,"15,234.55"
,306 Credit Card Payable,07/05/2023,Expense,,Uber Eats,,Staff Meetings,11.97,"15,246.52"
,306 Credit Card Payable,07/05/2023,Expense,,Google,,Advertising,13.04,"15,259.56"
,306 Credit Card Payable,07/05/2023,Expense,,Netflix,,Office Supplies,21.73,"15,281.29"
,306 Credit Card Payable,07/05/2023,Expense,,Nike,,Laundry & Uniforms,966.75,"16,248.04"
,306 Credit Card Payable,07/05/2023,Expense,,Canva,,Advertising,12.99,"16,261.03"
,306 Credit Card Payable,07/06/2023,Expense,,Google,,Advertising,58.70,"16,319.73"
,306 Credit Card Payable,07/06/2023,Expense,,Jameson Management,,Practice Consultants,"2,994.00","19,313.73"
,306 Credit Card Payable,07/06/2023,Expense,,Amazon,,Office Supplies,106.60,"19,420.33"
,306 Credit Card Payable,07/06/2023,Expense,,Maintenance Man,,Repairs & Maintenance,951.13,"20,371.46"
,306 Credit Card Payable,07/07/2023,Expense,,Indeed,,Recruitment Costs,348.51,"20,719.97"
,306 Credit Card Payable,07/07/2023,Expense,,Lighthouse,,Advertising,29.00,"20,748.97"
,306 Credit Card Payable,07/07/2023,Expense,,Lighthouse,,Advertising,378.67,"21,127.64"
,306 Credit Card Payable,07/07/2023,Expense,,Amazon,,Office Supplies,10.86,"21,138.50"
,306 Credit Card Payable,07/07/2023,Expense,,Amazon,,Office Supplies,87.41,"21,225.91"
,306 Credit Card Payable,07/07/2023,Expense,,Home Depot,,Repairs & Maintenance,1.82,"21,227.73"
,306 Credit Card Payable,07/07/2023,Expense,,T-Mobile,,Telephone,224.20,"21,451.93"
,306 Credit Card Payable,07/07/2023,Expense,,Sushi Moto Bar,,Meals,66.78,"21,518.71"
,306 Credit Card Payable,07/07/2023,Expense,,onhold,,Telephone,129.00,"21,647.71"
,306 Credit Card Payable,07/10/2023,Expense,,Jersey Mike's,,Meals,79.99,"21,727.70"
,306 Credit Card Payable,07/10/2023,Expense,,optisigns,,Advertising,10.00,"21,737.70"
,306 Credit Card Payable,07/10/2023,Expense,,Starbucks,,Staff Meetings,7.77,"21,745.47"
,306 Credit Card Payable,07/10/2023,Expense,,Nike,,Laundry & Uniforms,326.00,"22,071.47"
,306 Credit Card Payable,07/10/2023,Expense,,Bisco,,Dental Supplies,167.40,"22,238.87"
,306 Credit Card Payable,07/10/2023,Expense,,Netflix,,Office Supplies,21.73,"22,260.60"
,306 Credit Card Payable,07/10/2023,Expense,,Sling.com,,Telephone,15.00,"22,275.60"
,306 Credit Card Payable,07/10/2023,Expense,,Ring Unlimited,,Telephone,10.87,"22,286.47"
,306 Credit Card Payable,07/10/2023,Expense,,vyne dental,,Advertising,43.48,"22,329.95"
,306 Credit Card Payable,07/10/2023,Expense,,Deschutes Brewing,,Meals,46.02,"22,375.97"
,306 Credit Card Payable,07/10/2023,Expense,,Thai Terrace,,Staff Meetings,18.31,"22,394.28"
,306 Credit Card Payable,07/11/2023,Expense,,Birdeye.com,,Office Supplies,271.75,"22,666.03"
,306 Credit Card Payable,07/11/2023,Expense,,GoTo Connect,,Office Supplies,331.92,"22,997.95"
,306 Credit Card Payable,07/11/2023,Expense,,Amazon,,Office Supplies,36.61,"23,034.56"
,306 Credit Card Payable,07/11/2023,Expense,,Wal-Mart,,Office Supplies,45.59,"23,080.15"
,306 Credit Card Payable,07/11/2023,Expense,,Denovo,,Dental Supplies,100.23,"23,180.38"
,306 Credit Card Payable,07/11/2023,Expense,,Jennifer B,,Advertising,"1,317.99","24,498.37"
,306 Credit Card Payable,07/12/2023,Expense,,Dominos,,Staff Meetings,28.74,"24,527.11"
,306 Credit Card Payable,07/12/2023,Expense,,Henry Schein,,Dental Supplies,40.10,"24,567.21"
,306 Credit Card Payable,07/12/2023,Expense,,Cain Watters Associates,,Legal & Professional Fees,"5,000.00","29,567.21"
,306 Credit Card Payable,07/13/2023,Expense,,Banfield,,Other General Costs,51.95,"29,619.16"
,306 Credit Card Payable,07/13/2023,Expense,,Amazon,,Office Supplies,304.35,"29,923.51"
,306 Credit Card Payable,07/13/2023,Expense,,Fred Meyer,,Office Supplies,30.42,"29,953.93"
,306 Credit Card Payable,07/13/2023,Expense,,Dress Code,,Laundry & Uniforms,"1,797.85","31,751.78"
,306 Credit Card Payable,07/13/2023,Expense,,IKEA,,Office Supplies,158.34,"31,910.12"
,306 Credit Card Payable,07/14/2023,Expense,,Pho House,,Staff Meetings,37.57,"31,947.69"
,306 Credit Card Payable,07/14/2023,Expense,,Starbucks,,Staff Meetings,16.82,"31,964.51"
,306 Credit Card Payable,07/14/2023,Expense,,Nike,,Laundry & Uniforms,108.67,"32,073.18"
,306 Credit Card Payable,07/14/2023,Expense,,Lowe's,,Repairs & Maintenance,"1,030.13","33,103.31"
,306 Credit Card Payable,07/14/2023,Expense,,AAPD Career Center,,Seminars & Continuing Education,350.00,"33,453.31"
,306 Credit Card Payable,07/14/2023,Expense,,figs,,Laundry & Uniforms,170.00,"33,623.31"
,306 Credit Card Payable,07/14/2023,Expense,,Kaady Car Wash,,Auto Expense,10.00,"33,633.31"
,306 Credit Card Payable,07/14/2023,Credit Card Credit,,Walmart,,Office Supplies,-22.27,"33,611.04"
,306 Credit Card Payable,07/14/2023,Expense,,XTreme Junk Removal,,Repairs & Maintenance,65.00,"33,676.04"
,306 Credit Card Payable,07/17/2023,Expense,,Google,,Advertising,2.16,"33,678.20"
,306 Credit Card Payable,07/17/2023,Expense,,Starbucks,,Staff Meetings,65.11,"33,743.31"
,306 Credit Card Payable,07/17/2023,Expense,,USPS,,Office Supplies,13.20,"33,756.51"
,306 Credit Card Payable,07/17/2023,Expense,,USPS,,Office Supplies,84.14,"33,840.65"
,306 Credit Card Payable,07/17/2023,Expense,,Clear Checks,,Office Supplies,24.99,"33,865.64"
,306 Credit Card Payable,07/17/2023,Expense,,Amazon,,Office Supplies,10.86,"33,876.50"
,306 Credit Card Payable,07/17/2023,Expense,,Amazon,,Office Supplies,8.69,"33,885.19"
,306 Credit Card Payable,07/17/2023,Expense,,Amazon,,Office Supplies,10.86,"33,896.05"
,306 Credit Card Payable,07/17/2023,Expense,,Uber,,Auto Expense,9.99,"33,906.04"
,306 Credit Card Payable,07/17/2023,Expense,,Zayo Group,,Telephone,461.38,"34,367.42"
,306 Credit Card Payable,07/17/2023,Expense,,Doordash,,Staff Meetings,85.60,"34,453.02"
,306 Credit Card Payable,07/17/2023,Expense,,Stoel Rives LLP,,Legal & Professional Fees,"1,318.00","35,771.02"
,306 Credit Card Payable,07/17/2023,Expense,,Muddy Paws,,Other General Costs,36.00,"35,807.02"
,306 Credit Card Payable,07/18/2023,Expense,,Pho House,,Staff Meetings,40.27,"35,847.29"
,306 Credit Card Payable,07/18/2023,Expense,,Clear Checks,,Office Supplies,24.99,"35,872.28"
,306 Credit Card Payable,07/18/2023,Expense,,Amazon,,Office Supplies,362.65,"36,234.93"
,306 Credit Card Payable,07/18/2023,Expense,,Comcast,,Telephone,276.00,"36,510.93"
,306 Credit Card Payable,07/18/2023,Expense,,Kaady Car Wash,,Auto Expense,15.00,"36,525.93"
,306 Credit Card Payable,07/18/2023,Expense,,Costco Gas,,Auto Expense,71.33,"36,597.26"
,306 Credit Card Payable,07/19/2023,Expense,,Dominos,,Staff Meetings,29.99,"36,627.25"
,306 Credit Card Payable,07/19/2023,Expense,,7-Eleven,,Meals,104.81,"36,732.06"
,306 Credit Card Payable,07/19/2023,Expense,,Amazon,,Office Supplies,384.65,"37,116.71"
,306 Credit Card Payable,07/19/2023,Expense,,Smilestream,,Advertising,75.00,"37,191.71"
,306 Credit Card Payable,07/19/2023,Expense,,Ultradent,,Dental Supplies,95.59,"37,287.30"
,306 Credit Card Payable,07/20/2023,Expense,,Amazon,,Office Supplies,28.24,"37,315.54"
,306 Credit Card Payable,07/20/2023,Expense,,Amazon,,Office Supplies,14.11,"37,329.65"
,306 Credit Card Payable,07/20/2023,Expense,,Amazon,,Office Supplies,109.90,"37,439.55"
,306 Credit Card Payable,07/20/2023,Expense,,Amazon,,Office Supplies,8.65,"37,448.20"
,306 Credit Card Payable,07/20/2023,Expense,,Macpractice Inc,,Data Processing,326.96,"37,775.16"
,306 Credit Card Payable,07/20/2023,Expense,,Henry Schein,,Dental Supplies,"3,758.47","41,533.63"
,306 Credit Card Payable,07/20/2023,Expense,,Designs for Vision,,Dental Supplies,39.95,"41,573.58"
,306 Credit Card Payable,07/21/2023,Expense,,Amazon,,Office Supplies,52.06,"41,625.64"
,306 Credit Card Payable,07/21/2023,Expense,,Fred Meyer,,Office Supplies,40.87,"41,666.51"
,306 Credit Card Payable,07/21/2023,Expense,,Fred Meyer,,Office Supplies,11.91,"41,678.42"
,306 Credit Card Payable,07/21/2023,Expense,,Fred Meyer,,Office Supplies,7.75,"41,686.17"
,306 Credit Card Payable,07/21/2023,Expense,,Wal-Mart,,Office Supplies,41.22,"41,727.39"
,306 Credit Card Payable,07/21/2023,Expense,,Costco,,Office Supplies,71.33,"41,798.72"
,306 Credit Card Payable,07/21/2023,Expense,,Excel Orthodontics,,Lab Fees & X-Ray,159.00,"41,957.72"
,306 Credit Card Payable,07/21/2023,Expense,,Henry Schein,,Dental Supplies,55.66,"42,013.38"
,306 Credit Card Payable,07/21/2023,Expense,,Wendy's,,Staff Meetings,6.52,"42,019.90"
,306 Credit Card Payable,07/21/2023,Expense,,Bellagios pizza,,Staff Meetings,133.45,"42,153.35"
,306 Credit Card Payable,07/24/2023,Expense,,Amazon,,Office Supplies,160.70,"42,314.05"
,306 Credit Card Payable,07/24/2023,Expense,,Amazon,,Office Supplies,9.55,"42,323.60"
,306 Credit Card Payable,07/24/2023,Expense,,Amazon,,Office Supplies,186.43,"42,510.03"
,306 Credit Card Payable,07/24/2023,Expense,,Amazon,,Office Supplies,36.90,"42,546.93"
,306 Credit Card Payable,07/24/2023,Expense,,Amazon,,Office Supplies,51.07,"42,598.00"
,306 Credit Card Payable,07/24/2023,Expense,,Amazon,,Office Supplies,60.86,"42,658.86"
,306 Credit Card Payable,07/24/2023,Expense,,Dollar Tree,,Office Supplies,2.72,"42,661.58"
,306 Credit Card Payable,07/24/2023,Expense,,Cascade I Max,,Entertainment,8.16,"42,669.74"
,306 Credit Card Payable,07/24/2023,Expense,,Artly Coffee,,Staff Meetings,12.02,"42,681.76"
,306 Credit Card Payable,07/25/2023,Expense,,Amazon,,Office Supplies,1.43,"42,683.19"
,306 Credit Card Payable,07/25/2023,Expense,,Google,,Advertising,13.04,"42,696.23"
,306 Credit Card Payable,07/25/2023,Expense,,Jennifer B,,Advertising,"1,317.98","44,014.21"
,306 Credit Card Payable,07/25/2023,Expense,,LionsRoar,,Office Supplies,47.88,"44,062.09"
,306 Credit Card Payable,07/26/2023,Expense,,Amazon,,Office Supplies,130.43,"44,192.52"
,306 Credit Card Payable,07/26/2023,Expense,,Amazon,,Office Supplies,116.29,"44,308.81"
,306 Credit Card Payable,07/26/2023,Expense,,Amazon,,Office Supplies,21.73,"44,330.54"
,306 Credit Card Payable,07/26/2023,Expense,,Fred Meyer,,Office Supplies,16.29,"44,346.83"
,306 Credit Card Payable,07/26/2023,Expense,,Party City,,Office Supplies,21.74,"44,368.57"
,306 Credit Card Payable,07/26/2023,Expense,,Sling.com,,Telephone,15.00,"44,383.57"
,306 Credit Card Payable,07/27/2023,Expense,,Burgerville USA,,Meals,9.53,"44,393.10"
,306 Credit Card Payable,07/27/2023,Expense,,Starbucks,,Staff Meetings,5.16,"44,398.26"
,306 Credit Card Payable,07/27/2023,Expense,,Wa Secretary of State,,Licenses,120.00,"44,518.26"
,306 Credit Card Payable,07/27/2023,Expense,,Wa Department Of Health,,Licenses,417.50,"44,935.76"
,306 Credit Card Payable,07/27/2023,Expense,,Wa Department Of Health,,Licenses,417.50,"45,353.26"
,306 Credit Card Payable,07/27/2023,Expense,,subway,,Staff Meetings,25.41,"45,378.67"
,306 Credit Card Payable,07/28/2023,Expense,,Dev's Coffee Bar,,Staff Meetings,70.72,"45,449.39"
,306 Credit Card Payable,07/28/2023,Expense,,Birdeye.com,,Office Supplies,271.75,"45,721.14"
,306 Credit Card Payable,07/28/2023,Expense,,PBHS,,Office Supplies,10.00,"45,731.14"
,306 Credit Card Payable,07/28/2023,Expense,,Netflix,,Office Supplies,21.73,"45,752.87"
,306 Credit Card Payable,07/28/2023,Expense,,Smilestream,,Advertising,497.55,"46,250.42"
,306 Credit Card Payable,07/28/2023,Expense,,Smilestream,,Advertising,300.00,"46,550.42"
,306 Credit Card Payable,07/28/2023,Expense,,Portland'5,,Entertainment,190.75,"46,741.17"
,306 Credit Card Payable,07/31/2023,Expense,,7-Eleven,,Meals,11.17,"46,752.34"
,306 Credit Card Payable,07/31/2023,Expense,,Amazon,,Office Supplies,9.55,"46,761.89"
,306 Credit Card Payable,07/31/2023,Expense,,Amazon,,Office Supplies,81.31,"46,843.20"
,306 Credit Card Payable,07/31/2023,Expense,,Amazon,,Office Supplies,114.10,"46,957.30"
,306 Credit Card Payable,07/31/2023,Expense,,Amazon,,Office Supplies,41.30,"46,998.60"
,306 Credit Card Payable,07/31/2023,Expense,,Uber,,Auto Expense,43.94,"47,042.54"
,306 Credit Card Payable,07/31/2023,Expense,,Uber,,Auto Expense,4.88,"47,047.42"
,306 Credit Card Payable,07/31/2023,Expense,,Uber,,Auto Expense,3.00,"47,050.42"
,306 Credit Card Payable,07/31/2023,Expense,,Uber,,Auto Expense,4.55,"47,054.97"
,306 Credit Card Payable,07/31/2023,Expense,,Uber,,Auto Expense,32.59,"47,087.56"
,306 Credit Card Payable,07/31/2023,Expense,,PDX Airport Parking,,Auto Expense,30.00,"47,117.56"
,306 Credit Card Payable,07/31/2023,Expense,,Washington State Dental Society,,Dues & Subscriptions,699.00,"47,816.56"
,306 Credit Card Payable,07/31/2023,Expense,,Canopy,,Advertising,179.48,"47,996.04"
,306 Credit Card Payable,07/31/2023,Expense,,Love Shack,,Meals,26.18,"48,022.22"
,306 Credit Card Payable,08/01/2023,Expense,,Henry Schein,,Dental Supplies,"1,971.66","49,993.88"
,306 Credit Card Payable,08/01/2023,Expense,,Cain Watters Associates,,Legal & Professional Fees,"5,000.00","54,993.88"
,306 Credit Card Payable,08/02/2023,Expense,,Google,,Advertising,58.70,"55,052.58"
,306 Credit Card Payable,08/02/2023,Expense,,Lighthouse,,Advertising,29.00,"55,081.58"
,306 Credit Card Payable,08/02/2023,Expense,,Lighthouse,,Advertising,378.67,"55,460.25"
,306 Credit Card Payable,08/02/2023,Expense,,Target,,Office Supplies,175.80,"55,636.05"
,306 Credit Card Payable,08/02/2023,Expense,,Target,,Office Supplies,18.92,"55,654.97"
,306 Credit Card Payable,08/02/2023,Expense,,T-Mobile,,Telephone,273.00,"55,927.97"
,306 Credit Card Payable,08/03/2023,Credit Card Payment,,Bank Of America,,Cash in BOA 0693,"-21,647.71","34,280.26"
,306 Credit Card Payable,08/03/2023,Expense,,Pho House,,Staff Meetings,38.65,"34,318.91"
,306 Credit Card Payable,08/03/2023,Expense,,Amazon,,Office Supplies,1.45,"34,320.36"
,306 Credit Card Payable,08/03/2023,Expense,,Iron Gate Storage,,Rent,112.50,"34,432.86"
,306 Credit Card Payable,08/03/2023,Expense,,Fred Meyer,,Office Supplies,124.65,"34,557.51"
,306 Credit Card Payable,08/03/2023,Expense,,optisigns,,Advertising,21.91,"34,579.42"
,306 Credit Card Payable,08/04/2023,Expense,,Uber Eats,,Staff Meetings,19.38,"34,598.80"
,306 Credit Card Payable,08/04/2023,Expense,,Amazon,,Office Supplies,19.61,"34,618.41"
,306 Credit Card Payable,08/04/2023,Expense,,Clark Public utilities,,Utilities,218.55,"34,836.96"
,306 Credit Card Payable,08/04/2023,Expense,,Clark Public utilities,,Utilities,215.29,"35,052.25"
,306 Credit Card Payable,08/04/2023,Expense,,Henry Schein,,Dental Supplies,20.76,"35,073.01"
,306 Credit Card Payable,08/04/2023,Expense,,vyne dental,,Advertising,43.48,"35,116.49"
,306 Credit Card Payable,08/04/2023,Expense,,Health First Corp,,Dental Supplies,599.83,"35,716.32"
,306 Credit Card Payable,08/04/2023,Expense,,Dea Registration,,Licenses,888.00,"36,604.32"
,306 Credit Card Payable,08/04/2023,Expense,,Thrive Design/Greta,,Advertising,195.00,"36,799.32"
,306 Credit Card Payable,08/07/2023,Expense,,Dominos,,Staff Meetings,24.99,"36,824.31"
,306 Credit Card Payable,08/07/2023,Expense,,Jersey Mike's,,Meals,63.70,"36,888.01"
,306 Credit Card Payable,08/07/2023,Expense,,Starbucks,,Staff Meetings,36.90,"36,924.91"
,306 Credit Card Payable,08/07/2023,Expense,,Jameson Management,,Practice Consultants,"2,994.00","39,918.91"
,306 Credit Card Payable,08/07/2023,Expense,,Banfield,,Other General Costs,51.95,"39,970.86"
,306 Credit Card Payable,08/07/2023,Credit Card Credit,,Amazon,,Office Supplies,-24.99,"39,945.87"
,306 Credit Card Payable,08/07/2023,Expense,,Amazon,,Office Supplies,22.81,"39,968.68"
,306 Credit Card Payable,08/07/2023,Expense,,Pacific NW Specialty,,Dental Supplies,146.00,"40,114.68"
,306 Credit Card Payable,08/07/2023,Expense,,Uber,,Auto Expense,1.00,"40,115.68"
,306 Credit Card Payable,08/07/2023,Expense,,Uber,,Auto Expense,10.90,"40,126.58"
,306 Credit Card Payable,08/07/2023,Expense,,Uber,,Auto Expense,5.98,"40,132.56"
,306 Credit Card Payable,08/07/2023,Expense,,Canva,,Advertising,12.99,"40,145.55"
,306 Credit Card Payable,08/07/2023,Credit Card Credit,,Nike,,Laundry & Uniforms,-173.88,"39,971.67"
,306 Credit Card Payable,08/08/2023,Expense,,Amazon,,Office Supplies,38.09,"40,009.76"
,306 Credit Card Payable,08/08/2023,Expense,,Amazon,,Office Supplies,13.03,"40,022.79"
,306 Credit Card Payable,08/08/2023,Expense,,Amazon,,Office Supplies,102.91,"40,125.70"
,306 Credit Card Payable,08/08/2023,Expense,,Ring Unlimited,,Telephone,10.87,"40,136.57"
,306 Credit Card Payable,08/08/2023,Expense,,Elite Dental Alliance,,Repairs & Maintenance,1.00,"40,137.57"
,306 Credit Card Payable,08/09/2023,Expense,,Pho House,,Staff Meetings,19.71,"40,157.28"
,306 Credit Card Payable,08/09/2023,Expense,,Target,,Office Supplies,169.18,"40,326.46"
,306 Credit Card Payable,08/10/2023,Expense,,Amazon,,Office Supplies,4.22,"40,330.68"
,306 Credit Card Payable,08/10/2023,Expense,,Netflix,,Office Supplies,21.73,"40,352.41"
,306 Credit Card Payable,08/10/2023,Expense,,Ostocker,,Office Supplies,5.00,"40,357.41"
,306 Credit Card Payable,08/10/2023,Expense,,Ostocker,,Office Supplies,50.00,"40,407.41"
,306 Credit Card Payable,08/11/2023,Expense,,Starbucks,,Staff Meetings,6.69,"40,414.10"
,306 Credit Card Payable,08/11/2023,Expense,,7-Eleven,,Meals,53.56,"40,467.66"
,306 Credit Card Payable,08/11/2023,Expense,,GoTo Connect,,Office Supplies,331.92,"40,799.58"
,306 Credit Card Payable,08/11/2023,Expense,,Fred Meyer,,Office Supplies,16.29,"40,815.87"
,306 Credit Card Payable,08/11/2023,Expense,,Party City,,Office Supplies,37.66,"40,853.53"
,306 Credit Card Payable,08/11/2023,Expense,,Excel Orthodontics,,Lab Fees & X-Ray,187.00,"41,040.53"
,306 Credit Card Payable,08/11/2023,Expense,,Nekter Juice Bar,,Staff Meetings,108.50,"41,149.03"
,306 Credit Card Payable,08/11/2023,Expense,,Panda Express,,Staff Meetings,11.90,"41,160.93"
,306 Credit Card Payable,08/11/2023,Credit Card Credit,,figs,,Laundry & Uniforms,-90.54,"41,070.39"
,306 Credit Card Payable,08/11/2023,Expense,,Jennifer B,,Advertising,"1,304.40","42,374.79"
,306 Credit Card Payable,08/11/2023,Expense,,Nothing Bundt Cakes,,Advertising,31.00,"42,405.79"
,306 Credit Card Payable,08/14/2023,Expense,,7-Eleven,,Meals,3.81,"42,409.60"
,306 Credit Card Payable,08/14/2023,Expense,,Shell,,Auto Expense,124.23,"42,533.83"
,306 Credit Card Payable,08/14/2023,Expense,,Amazon,,Office Supplies,21.48,"42,555.31"
,306 Credit Card Payable,08/14/2023,Expense,,Amazon,,Office Supplies,16.27,"42,571.58"
,306 Credit Card Payable,08/14/2023,Expense,,Amazon,,Office Supplies,31.51,"42,603.09"
,306 Credit Card Payable,08/14/2023,Expense,,Amazon,,Office Supplies,11.95,"42,615.04"
,306 Credit Card Payable,08/14/2023,Expense,,Intuit,,Office Supplies,701.12,"43,316.16"
,306 Credit Card Payable,08/14/2023,Expense,,Costco,,Office Supplies,29.34,"43,345.50"
,306 Credit Card Payable,08/14/2023,Expense,,Cha Cha Cha,,Meals,46.29,"43,391.79"
,306 Credit Card Payable,08/14/2023,Expense,,McDonald's,,Meals,3.21,"43,395.00"
,306 Credit Card Payable,08/14/2023,Expense,,Barnes & Noble,,Office Supplies,101.88,"43,496.88"
,306 Credit Card Payable,08/15/2023,Expense,,Amazon,,Office Supplies,41.30,"43,538.18"
,306 Credit Card Payable,08/15/2023,Expense,,Amazon,,Office Supplies,42.38,"43,580.56"
,306 Credit Card Payable,08/15/2023,Expense,,Uber,,Auto Expense,9.99,"43,590.55"
,306 Credit Card Payable,08/15/2023,Expense,,Zayo Group,,Telephone,461.38,"44,051.93"
,306 Credit Card Payable,08/16/2023,Expense,,Pho House,,Staff Meetings,28.61,"44,080.54"
,306 Credit Card Payable,08/16/2023,Expense,,USPS,,Office Supplies,134.30,"44,214.84"
,306 Credit Card Payable,08/16/2023,Expense,,Henry Schein,,Dental Supplies,"3,187.24","47,402.08"
,306 Credit Card Payable,08/16/2023,Expense,,Washington State Dental Society,,Dues & Subscriptions,213.00,"47,615.08"
,306 Credit Card Payable,08/17/2023,Expense,,AcLU,,Contributions,25.00,"47,640.08"
,306 Credit Card Payable,08/17/2023,Expense,,Amazon,,Office Supplies,51.84,"47,691.92"
,306 Credit Card Payable,08/17/2023,Expense,,Google,,Advertising,2.16,"47,694.08"
,306 Credit Card Payable,08/17/2023,Expense,,Smilestream,,Advertising,330.00,"48,024.08"
,306 Credit Card Payable,08/18/2023,Expense,,Fred Meyer,,Office Supplies,25.05,"48,049.13"
,306 Credit Card Payable,08/18/2023,Expense,,Small Tech LLC,,Repairs & Maintenance,429.32,"48,478.45"
,306 Credit Card Payable,08/18/2023,Expense,,Small Tech LLC,,Repairs & Maintenance,49.83,"48,528.28"
,306 Credit Card Payable,08/21/2023,Expense,,Amazon,,Office Supplies,32.99,"48,561.27"
,306 Credit Card Payable,08/21/2023,Expense,,Amazon,,Office Supplies,18.46,"48,579.73"
,306 Credit Card Payable,08/21/2023,Expense,,Amazon,,Office Supplies,22.82,"48,602.55"
,306 Credit Card Payable,08/21/2023,Expense,,Amazon,,Office Supplies,112.91,"48,715.46"
,306 Credit Card Payable,08/21/2023,Expense,,Smilestream,,Advertising,250.00,"48,965.46"
,306 Credit Card Payable,08/22/2023,Expense,,Chevron,,Auto Expense,20.00,"48,985.46"
,306 Credit Card Payable,08/22/2023,Expense,,Chevron,,Auto Expense,76.55,"49,062.01"
,306 Credit Card Payable,08/22/2023,Expense,,Kaady Car Wash,,Auto Expense,15.00,"49,077.01"
,306 Credit Card Payable,08/22/2023,Expense,,Kaady Car Wash,,Auto Expense,10.00,"49,087.01"
,306 Credit Card Payable,08/22/2023,Expense,,SML,,Dental Supplies,183.55,"49,270.56"
,306 Credit Card Payable,08/22/2023,Expense,,NuSmile,,Dental Supplies,670.60,"49,941.16"
,306 Credit Card Payable,08/23/2023,Expense,,Clark Public utilities,,Utilities,230.63,"50,171.79"
,306 Credit Card Payable,08/23/2023,Expense,,Clark Public utilities,,Utilities,231.21,"50,403.00"
,306 Credit Card Payable,08/23/2023,Expense,,Henry Schein,,Dental Supplies,952.18,"51,355.18"
,306 Credit Card Payable,08/23/2023,Expense,,Smilestream,,Advertising,300.00,"51,655.18"
,306 Credit Card Payable,08/24/2023,Expense,,Pho House,,Staff Meetings,28.61,"51,683.79"
,306 Credit Card Payable,08/24/2023,Expense,,Starbucks,,Staff Meetings,12.28,"51,696.07"
,306 Credit Card Payable,08/24/2023,Expense,,Party City,,Office Supplies,21.74,"51,717.81"
,306 Credit Card Payable,08/24/2023,Expense,,Denovo,,Dental Supplies,179.83,"51,897.64"
,306 Credit Card Payable,08/25/2023,Credit Card Credit,,Canva,,Office Supplies,-12.99,"51,884.65"
,306 Credit Card Payable,08/25/2023,Credit Card Credit,,Canva,,Advertising,-12.99,"51,871.66"
,306 Credit Card Payable,08/25/2023,Expense,,Amazon,,Office Supplies,41.57,"51,913.23"
,306 Credit Card Payable,08/25/2023,Expense,,Google,,Advertising,13.04,"51,926.27"
,306 Credit Card Payable,08/25/2023,Expense,,Home Depot,,Repairs & Maintenance,27.14,"51,953.41"
,306 Credit Card Payable,08/25/2023,Expense,,Smilestream,,Advertising,300.00,"52,253.41"
,306 Credit Card Payable,08/25/2023,Expense,,COV Parking,,Auto Expense,0.60,"52,254.01"
,306 Credit Card Payable,08/28/2023,Expense,,Starbucks,,Staff Meetings,76.91,"52,330.92"
,306 Credit Card Payable,08/28/2023,Expense,,Chevron,,Auto Expense,73.62,"52,404.54"
,306 Credit Card Payable,08/28/2023,Expense,,Birdeye.com,,Office Supplies,271.75,"52,676.29"
,306 Credit Card Payable,08/28/2023,Expense,,Amazon,,Office Supplies,25.86,"52,702.15"
,306 Credit Card Payable,08/28/2023,Expense,,PBHS,,Office Supplies,10.00,"52,712.15"
,306 Credit Card Payable,08/28/2023,Expense,,Netflix,,Office Supplies,21.73,"52,733.88"
,306 Credit Card Payable,08/28/2023,Expense,,Sling.com,,Telephone,15.00,"52,748.88"
,306 Credit Card Payable,08/28/2023,Expense,,Smilestream,,Advertising,537.47,"53,286.35"
,306 Credit Card Payable,08/28/2023,Expense,,Amazon Free Time,,Office Supplies,5.42,"53,291.77"
,306 Credit Card Payable,08/28/2023,Expense,,Elysian Brewing,,Meals,33.87,"53,325.64"
,306 Credit Card Payable,08/28/2023,Expense,,Elysian Brewing,,Meals,18.24,"53,343.88"
,306 Credit Card Payable,08/28/2023,Expense,,Elysian Brewing,,Meals,127.61,"53,471.49"
,306 Credit Card Payable,08/28/2023,Expense,,Elysian Brewing,,Meals,19.54,"53,491.03"
,306 Credit Card Payable,08/29/2023,Expense,,Uber Eats,,Staff Meetings,16.66,"53,507.69"
,306 Credit Card Payable,08/29/2023,Expense,,Scentair Technologies,,Repairs & Maintenance,97.38,"53,605.07"
,306 Credit Card Payable,08/29/2023,Expense,,Scentair Technologies,,Repairs & Maintenance,97.38,"53,702.45"
,306 Credit Card Payable,08/29/2023,Expense,,Cha Cha Cha,,Meals,55.50,"53,757.95"
,306 Credit Card Payable,08/29/2023,Expense,,Lumens,,Office Supplies,28.64,"53,786.59"
,306 Credit Card Payable,08/30/2023,Expense,,Thai Terrace,,Staff Meetings,168.88,"53,955.47"
,306 Credit Card Payable,08/30/2023,Expense,,Thai Terrace,,Staff Meetings,15.13,"53,970.60"
,306 Credit Card Payable,08/30/2023,Expense,,Kyoto Sushi,,Meals,128.48,"54,099.08"
,306 Credit Card Payable,09/01/2023,Expense,,Burgerville USA,,Meals,30.32,"54,129.40"
,306 Credit Card Payable,09/01/2023,Expense,,Chipotle,,Staff Meetings,14.67,"54,144.07"
,306 Credit Card Payable,09/01/2023,Expense,,Ortho Select LLC,,Dental Supplies,198.55,"54,342.62"
,306 Credit Card Payable,09/01/2023,Expense,,Ortho Select LLC,,Dental Supplies,166.00,"54,508.62"
,306 Credit Card Payable,09/01/2023,Expense,,Amazon,,Office Supplies,427.18,"54,935.80"
,306 Credit Card Payable,09/01/2023,Expense,,Macpractice Inc,,Data Processing,326.96,"55,262.76"
,306 Credit Card Payable,09/01/2023,Expense,,Mr Maple Donuts LLC,,Staff Meetings,21.65,"55,284.41"
,306 Credit Card Payable,09/04/2023,Expense,,optisigns,,Advertising,20.00,"55,304.41"
,306 Credit Card Payable,09/04/2023,Expense,,Amazon,,Office Supplies,1.47,"55,305.88"
,306 Credit Card Payable,09/04/2023,Expense,,GSuite,,Office Supplies,58.70,"55,364.58"
,306 Credit Card Payable,09/04/2023,Expense,,Iron Gate Storage,,Rent,112.50,"55,477.08"
,306 Credit Card Payable,09/04/2023,Expense,,Scentair Technologies,,Repairs & Maintenance,97.38,"55,574.46"
,306 Credit Card Payable,09/04/2023,Expense,,Lighthouse,,Advertising,29.00,"55,603.46"
,306 Credit Card Payable,09/04/2023,Expense,,Lighthouse,,Advertising,291.87,"55,895.33"
,306 Credit Card Payable,09/04/2023,Expense,,Amazon,,Office Supplies,213.53,"56,108.86"
,306 Credit Card Payable,09/04/2023,Expense,,Cain Watters Associates,,Legal & Professional Fees,"1,125.00","57,233.86"
,306 Credit Card Payable,09/04/2023,Expense,,Macpractice Inc,,Data Processing,"4,824.99","62,058.85"
,306 Credit Card Payable,09/04/2023,Expense,,Comcast,,Telephone,138.00,"62,196.85"
,306 Credit Card Payable,09/04/2023,Expense,,T-Mobile,,Telephone,189.00,"62,385.85"
,306 Credit Card Payable,09/04/2023,Expense,,vyne dental,,Advertising,43.48,"62,429.33"
,306 Credit Card Payable,09/04/2023,Expense,,Coldstone,,Staff Meetings,31.49,"62,460.82"
,306 Credit Card Payable,09/04/2023,Expense,,Jack in the Box,,Meals,13.79,"62,474.61"
,306 Credit Card Payable,09/04/2023,Expense,,Veritas Dental Resources,,Seminars & Continuing Education,"1,495.00","63,969.61"
,306 Credit Card Payable,09/05/2023,Expense,,Bank Of America,,Cash in BOA 0693,"-39,971.67","23,997.94"
,306 Credit Card Payable,09/05/2023,Expense,,Jameson Management,,Practice Consultants,"2,994.00","26,991.94"
,306 Credit Card Payable,09/06/2023,Expense,,Banfield,,Other General Costs,51.95,"27,043.89"
,306 Credit Card Payable,09/06/2023,Expense,,Amazon,,Office Supplies,9.53,"27,053.42"
,306 Credit Card Payable,09/06/2023,Expense,,Costco,,Office Supplies,89.91,"27,143.33"
,306 Credit Card Payable,09/06/2023,Expense,,Coava Coffee,,Staff Meetings,31.93,"27,175.26"
,306 Credit Card Payable,09/07/2023,Expense,,Party City,,Office Supplies,10.74,"27,186.00"
,306 Credit Card Payable,09/07/2023,Expense,,VIDEO DENTAL CONCEPTS,,Seminars & Continuing Education,"2,532.50","29,718.50"
,306 Credit Card Payable,09/08/2023,Expense,,Pho House,,Staff Meetings,201.14,"29,919.64"
,306 Credit Card Payable,09/08/2023,Expense,,Starbucks,,Staff Meetings,6.79,"29,926.43"
,306 Credit Card Payable,09/08/2023,Expense,,Uber Eats,,Staff Meetings,30.82,"29,957.25"
,306 Credit Card Payable,09/08/2023,Expense,,7-Eleven,,Meals,80.55,"30,037.80"
,306 Credit Card Payable,09/08/2023,Expense,,USPS,,Office Supplies,134.30,"30,172.10"
,306 Credit Card Payable,09/08/2023,Credit Card Credit,,Canva,,Advertising,-12.99,"30,159.11"
,306 Credit Card Payable,09/08/2023,Expense,,Canva,,Advertising,14.99,"30,174.10"
,306 Credit Card Payable,09/08/2023,Expense,,Amazon,,Office Supplies,42.35,"30,216.45"
,306 Credit Card Payable,09/08/2023,Expense,,Fred Meyer,,Office Supplies,91.09,"30,307.54"
,306 Credit Card Payable,09/08/2023,Expense,,Ring Unlimited,,Telephone,10.87,"30,318.41"
,306 Credit Card Payable,09/08/2023,Expense,,Brilite,,Dental Supplies,123.20,"30,441.61"
,306 Credit Card Payable,09/11/2023,Expense,,Starbucks,,Staff Meetings,9.67,"30,451.28"
,306 Credit Card Payable,09/11/2023,Expense,,GoTo Connect,,Office Supplies,331.92,"30,783.20"
,306 Credit Card Payable,09/11/2023,Expense,,Amazon,,Office Supplies,17.37,"30,800.57"
,306 Credit Card Payable,09/11/2023,Expense,,Amazon,,Office Supplies,12.78,"30,813.35"
,306 Credit Card Payable,09/11/2023,Expense,,Amazon,,Office Supplies,113.74,"30,927.09"
,306 Credit Card Payable,09/11/2023,Expense,,Amazon,,Office Supplies,114.09,"31,041.18"
,306 Credit Card Payable,09/11/2023,Expense,,Costco,,Office Supplies,40.99,"31,082.17"
,306 Credit Card Payable,09/11/2023,Expense,,Netflix,,Office Supplies,21.73,"31,103.90"
,306 Credit Card Payable,09/12/2023,Expense,,Pho House,,Staff Meetings,17.92,"31,121.82"
,306 Credit Card Payable,09/12/2023,Expense,,NuSmile,,Dental Supplies,137.50,"31,259.32"
,306 Credit Card Payable,09/13/2023,Expense,,Party City,,Office Supplies,21.74,"31,281.06"
,306 Credit Card Payable,09/13/2023,Expense,,Henry Schein,,Dental Supplies,54.39,"31,335.45"
,306 Credit Card Payable,09/13/2023,Expense,,Henry Schein,,Dental Supplies,"2,098.09","33,433.54"
,306 Credit Card Payable,09/13/2023,Expense,,Henry Schein,,Dental Supplies,244.99,"33,678.53"
,306 Credit Card Payable,09/13/2023,Expense,,ETSY,,Office Supplies,76.09,"33,754.62"
,306 Credit Card Payable,09/14/2023,Expense,,Burgerville USA,,Meals,30.32,"33,784.94"
,306 Credit Card Payable,09/14/2023,Expense,,Fred Meyer,,Office Supplies,14.65,"33,799.59"
,306 Credit Card Payable,09/14/2023,Expense,,Home Depot,,Repairs & Maintenance,118.48,"33,918.07"
,306 Credit Card Payable,09/14/2023,Expense,,UPrinting,,Office Supplies,60.90,"33,978.97"
,306 Credit Card Payable,09/14/2023,Expense,,ETSY,,Office Supplies,39.78,"34,018.75"
,306 Credit Card Payable,09/15/2023,Expense,,Dev's Coffee Bar,,Staff Meetings,82.22,"34,100.97"
,306 Credit Card Payable,09/15/2023,Expense,,Uber,,Auto Expense,9.99,"34,110.96"
,306 Credit Card Payable,09/15/2023,Expense,,Zayo Group,,Telephone,461.38,"34,572.34"
,306 Credit Card Payable,09/18/2023,Expense,,Google,,Advertising,2.16,"34,574.50"
,306 Credit Card Payable,09/18/2023,Expense,,7-Eleven,,Meals,121.73,"34,696.23"
,306 Credit Card Payable,09/18/2023,Expense,,AcLU,,Contributions,25.00,"34,721.23"
,306 Credit Card Payable,09/18/2023,Expense,,Mio Sushi,,Meals,85.90,"34,807.13"
,306 Credit Card Payable,09/18/2023,Expense,,Panda Express,,Staff Meetings,13.53,"34,820.66"
,306 Credit Card Payable,09/19/2023,Expense,,Amazon,,Office Supplies,60.64,"34,881.30"
,306 Credit Card Payable,09/19/2023,Expense,,Dress Code,,Laundry & Uniforms,123.50,"35,004.80"
,306 Credit Card Payable,09/20/2023,Expense,,Chick-Fil-A,,Meals,12.15,"35,016.95"
,306 Credit Card Payable,09/20/2023,Expense,,Amazon,,Office Supplies,44.51,"35,061.46"
,306 Credit Card Payable,09/20/2023,Expense,,Amazon,,Office Supplies,18.46,"35,079.92"
,306 Credit Card Payable,09/20/2023,Expense,,Amazon,,Office Supplies,28.92,"35,108.84"
,306 Credit Card Payable,09/20/2023,Expense,,Dollar Tree,,Office Supplies,16.17,"35,125.01"
,306 Credit Card Payable,09/20/2023,Expense,,Safeway,,Office Supplies,11.35,"35,136.36"
,306 Credit Card Payable,09/21/2023,Expense,,Pho House,,Staff Meetings,40.27,"35,176.63"
,306 Credit Card Payable,09/21/2023,Expense,,figs,,Laundry & Uniforms,326.66,"35,503.29"
,306 Credit Card Payable,09/21/2023,Expense,,Macpractice Inc,,Data Processing,326.96,"35,830.25"
,306 Credit Card Payable,09/21/2023,Expense,,MOD PIZZA,,Staff Meetings,17.55,"35,847.80"
,306 Credit Card Payable,09/22/2023,Expense,,Dollar Tree,,Office Supplies,13.59,"35,861.39"
,306 Credit Card Payable,09/22/2023,Expense,,Excel Orthodontics,,Lab Fees & X-Ray,505.50,"36,366.89"
,306 Credit Card Payable,09/22/2023,Expense,,Sonic,,Meals,7.03,"36,373.92"
,306 Credit Card Payable,09/25/2023,Expense,,Google,,Advertising,13.04,"36,386.96"
,306 Credit Card Payable,09/25/2023,Expense,,Jersey Mike's,,Meals,54.72,"36,441.68"
,306 Credit Card Payable,09/25/2023,Expense,,Starbucks,,Staff Meetings,17.77,"36,459.45"
,306 Credit Card Payable,09/25/2023,Expense,,7-Eleven,,Meals,5.74,"36,465.19"
,306 Credit Card Payable,09/25/2023,Expense,,Uber,,Auto Expense,9.91,"36,475.10"
,306 Credit Card Payable,09/25/2023,Expense,,Uber,,Auto Expense,13.96,"36,489.06"
,306 Credit Card Payable,09/25/2023,Expense,,Wholesale Filters,,Dental Supplies,360.00,"36,849.06"
,306 Credit Card Payable,09/26/2023,Expense,,Amazon,,Office Supplies,112.93,"36,961.99"
,306 Credit Card Payable,09/26/2023,Expense,,Amazon,,Office Supplies,43.47,"37,005.46"
,306 Credit Card Payable,09/26/2023,Expense,,Clark Public utilities,,Utilities,257.48,"37,262.94"
,306 Credit Card Payable,09/26/2023,Expense,,Clark Public utilities,,Utilities,241.16,"37,504.10"
,306 Credit Card Payable,09/26/2023,Expense,,Sling.com,,Telephone,15.00,"37,519.10"
,306 Credit Card Payable,09/26/2023,Expense,,Henry Schein,,Dental Supplies,37.86,"37,556.96"
,306 Credit Card Payable,09/26/2023,Expense,,Henry Schein,,Dental Supplies,"2,115.78","39,672.74"
,306 Credit Card Payable,09/26/2023,Expense,,2 Levy,,Auto Expense,14.95,"39,687.69"
,306 Credit Card Payable,09/26/2023,Expense,,Amazon Free Time,,Office Supplies,5.42,"39,693.11"
,306 Credit Card Payable,09/27/2023,Expense,,Apple,,Office Supplies,286.31,"39,979.42"
,306 Credit Card Payable,09/27/2023,Expense,,NuSmile,,Dental Supplies,225.00,"40,204.42"
,306 Credit Card Payable,09/27/2023,Expense,,Apple,,710.1 Office Supplies - PPT,"1,412.01","41,616.43"
,306 Credit Card Payable,09/28/2023,Expense,,Starbucks,,Staff Meetings,9.23,"41,625.66"
,306 Credit Card Payable,09/28/2023,Expense,,Birdeye.com,,Office Supplies,271.75,"41,897.41"
,306 Credit Card Payable,09/28/2023,Expense,,PBHS,,Office Supplies,10.00,"41,907.41"
,306 Credit Card Payable,09/28/2023,Expense,,Arby's,,Meals,11.95,"41,919.36"
,306 Credit Card Payable,09/28/2023,Expense,,Panda Express,,Staff Meetings,11.89,"41,931.25"
,306 Credit Card Payable,09/29/2023,Expense,,on hold,,Telephone,129.00,"42,060.25"
,306 Credit Card Payable,10/02/2023,Expense,,Google,,Advertising,58.70,"42,118.95"
,306 Credit Card Payable,10/02/2023,Expense,,Indeed,,Recruitment Costs,146.79,"42,265.74"
,306 Credit Card Payable,10/02/2023,Expense,,Lighthouse,,Advertising,29.00,"42,294.74"
,306 Credit Card Payable,10/02/2023,Expense,,Lighthouse,,Advertising,291.87,"42,586.61"
,306 Credit Card Payable,10/02/2023,Expense,,Netflix,,Office Supplies,21.73,"42,608.34"
,306 Credit Card Payable,10/02/2023,Expense,,T-Mobile,,Telephone,189.00,"42,797.34"
,306 Credit Card Payable,10/02/2023,Expense,,Menchies,,Meals,9.32,"42,806.66"
,306 Credit Card Payable,10/02/2023,Expense,,Veritas Dental Resources,,Seminars & Continuing Education,589.46,"43,396.12"
,306 Credit Card Payable,10/03/2023,Expense,,optisigns,,Advertising,20.00,"43,416.12"
,306 Credit Card Payable,10/03/2023,Expense,,Uber Eats,,Staff Meetings,23.71,"43,439.83"
,306 Credit Card Payable,10/03/2023,Expense,,Amazon,,Office Supplies,1.46,"43,441.29"
,306 Credit Card Payable,10/03/2023,Expense,,Iron Gate Storage,,Rent,112.50,"43,553.79"
,306 Credit Card Payable,10/03/2023,Expense,,Scentair Technologies,,Repairs & Maintenance,97.38,"43,651.17"
,306 Credit Card Payable,10/03/2023,Expense,,Cain Watters Associates,,Legal & Professional Fees,"1,125.00","44,776.17"
,306 Credit Card Payable,10/03/2023,Expense,,Comcast,,Telephone,101.66,"44,877.83"
,306 Credit Card Payable,10/04/2023,Expense,,figs,,Laundry & Uniforms,160.01,"45,037.84"
,306 Credit Card Payable,10/04/2023,Expense,,Party City,,Office Supplies,8.58,"45,046.42"
,306 Credit Card Payable,10/04/2023,Expense,,vyne dental,,Advertising,43.48,"45,089.90"
,306 Credit Card Payable,10/04/2023,Expense,,Clark County Comm Dev Dep,,Office Supplies,27.00,"45,116.90"
,306 Credit Card Payable,10/04/2023,Credit Card Expense,,Late Fee,,Office Supplies,49.00,"45,165.90"
,306 Credit Card Payable,10/05/2023,Expense,,Jameson Management,,Practice Consultants,"2,994.00","48,159.90"
,306 Credit Card Payable,10/05/2023,Expense,,Amazon,,Office Supplies,42.37,"48,202.27"
,306 Credit Card Payable,10/05/2023,Expense,,Fred Meyer,,Office Supplies,8.99,"48,211.26"
,306 Credit Card Payable,10/05/2023,Expense,,Target,,Office Supplies,177.09,"48,388.35"
,306 Credit Card Payable,10/06/2023,Expense,,Banfield,,Other General Costs,56.95,"48,445.30"
,306 Credit Card Payable,10/06/2023,Expense,,Henry Schein,,Dental Supplies,574.17,"49,019.47"
,306 Credit Card Payable,10/06/2023,Expense,,Nothing Bundt Cakes,,Advertising,31.00,"49,050.47"
,306 Credit Card Payable,10/06/2023,Credit Card Expense,,Finance Charge,,Interest Expense,528.46,"49,578.93"
,306 Credit Card Payable,10/09/2023,Expense,,USPS,,Office Supplies,81.50,"49,660.43"
,306 Credit Card Payable,10/09/2023,Expense,,Amazon,,Office Supplies,30.76,"49,691.19"
,306 Credit Card Payable,10/09/2023,Expense,,Ring Unlimited,,Telephone,10.87,"49,702.06"
,306 Credit Card Payable,10/09/2023,Expense,,Amazon,,Office Supplies,9.77,"49,711.83"
,306 Credit Card Payable,10/09/2023,Credit Card Credit,,Apple.com,,Office Supplies,-152.18,"49,559.65"
,306 Credit Card Payable,10/09/2023,Expense,,Starbucks,,Staff Meetings,9.77,"49,569.42"
,306 Credit Card Payable,10/09/2023,Expense,,Bisco,,Dental Supplies,167.40,"49,736.82"
,306 Credit Card Payable,10/09/2023,Expense,,Party City,,Office Supplies,19.57,"49,756.39"
,306 Credit Card Payable,10/09/2023,Expense,,Wal-Mart,,Office Supplies,82.19,"49,838.58"
,306 Credit Card Payable,10/09/2023,Expense,,Starbucks,,Staff Meetings,81.31,"49,919.89"
,306 Credit Card Payable,10/09/2023,Expense,,Centprint,,Advertising,19.56,"49,939.45"
,306 Credit Card Payable,10/09/2023,Expense,,Canva,,Office Supplies,14.99,"49,954.44"
,306 Credit Card Payable,10/09/2023,Expense,,Michaels,,Office Supplies,56.06,"50,010.50"
,306 Credit Card Payable,10/10/2023,Expense,,Henry Schein,,Dental Supplies,31.14,"50,041.64"
,306 Credit Card Payable,10/10/2023,Expense,,Amazon,,Office Supplies,252.07,"50,293.71"
,306 Credit Card Payable,10/10/2023,Expense,,Amazon,,Office Supplies,65.83,"50,359.54"
,306 Credit Card Payable,10/10/2023,Expense,,Netflix,,Office Supplies,21.73,"50,381.27"
,306 Credit Card Payable,10/10/2023,Expense,,Pho House,,Staff Meetings,28.61,"50,409.88"
,306 Credit Card Payable,10/11/2023,Expense,,GoTo Connect,,Office Supplies,333.92,"50,743.80"
,306 Credit Card Payable,10/11/2023,Expense,,Parks Foundation of Clark co,,Advertising,100.00,"50,843.80"
,306 Credit Card Payable,10/12/2023,Expense,,Trader Joe's,,Office Supplies,2.99,"50,846.79"
,306 Credit Card Payable,10/12/2023,Expense,,Target,,Office Supplies,37.07,"50,883.86"
,306 Credit Card Payable,10/13/2023,Expense,,Excel Orthodontics,,Lab Fees & X-Ray,360.00,"51,243.86"
,306 Credit Card Payable,10/13/2023,Expense,,Small Tech LLC,,Repairs & Maintenance,182.08,"51,425.94"
,306 Credit Card Payable,10/13/2023,Expense,,Safeway,,Office Supplies,37.99,"51,463.93"
,306 Credit Card Payable,10/13/2023,Expense,,Starbucks,,Staff Meetings,7.77,"51,471.70"
,306 Credit Card Payable,10/13/2023,Expense,,Clear Checks,,Office Supplies,24.99,"51,496.69"
,306 Credit Card Payable,10/13/2023,Expense,,Mr Maple Donuts LLC,,Meals,21.65,"51,518.34"
,306 Credit Card Payable,10/16/2023,Credit Card Payment,,Bank Of America,,Cash in BOA 0693,"-29,718.50","21,799.84"
,306 Credit Card Payable,10/16/2023,Expense,,Costco,,Office Supplies,28.79,"21,828.63"
,306 Credit Card Payable,10/16/2023,Expense,,Zayo Group,,Practice Consultants,461.38,"22,290.01"
,306 Credit Card Payable,10/16/2023,Expense,,Amazon,,Office Supplies,131.83,"22,421.84"
,306 Credit Card Payable,10/16/2023,Expense,,PDX Airport Parking,,Travel & Lodging,80.00,"22,501.84"
,306 Credit Card Payable,10/16/2023,Expense,,Uber,,Auto Expense,9.99,"22,511.83"
,306 Credit Card Payable,10/17/2023,Expense,,AcLU,,Contributions,25.00,"22,536.83"
,306 Credit Card Payable,10/17/2023,Expense,,Dress Code,,Laundry & Uniforms,30.97,"22,567.80"
,306 Credit Card Payable,10/17/2023,Expense,,Google,,Advertising,2.16,"22,569.96"
,306 Credit Card Payable,10/17/2023,Expense,,Second Story,,Advertising,"1,504.26","24,074.22"
,306 Credit Card Payable,10/17/2023,Expense,,Health First Corp,,Dental Supplies,399.84,"24,474.06"
,306 Credit Card Payable,10/17/2023,Expense,,Pho House,,Staff Meetings,17.92,"24,491.98"
,306 Credit Card Payable,10/17/2023,Expense,,Wal-Mart,,Office Supplies,58.17,"24,550.15"
,306 Credit Card Payable,10/17/2023,Expense,,Target,,Office Supplies,49.44,"24,599.59"
,306 Credit Card Payable,10/18/2023,Credit Card Credit,,Dress Code,,Laundry & Uniforms,-86.72,"24,512.87"
,306 Credit Card Payable,10/18/2023,Expense,,Health First Corp,,Dental Supplies,199.99,"24,712.86"
,306 Credit Card Payable,10/18/2023,Expense,,Amazon,,Office Supplies,103.25,"24,816.11"
,306 Credit Card Payable,10/18/2023,Expense,,7-Eleven,,Meals,11.84,"24,827.95"
,306 Credit Card Payable,10/18/2023,Expense,,Nekter Juice Bar,,Meals,11.95,"24,839.90"
,306 Credit Card Payable,10/18/2023,Expense,,Safeway,,Office Supplies,45.50,"24,885.40"
,306 Credit Card Payable,10/18/2023,Expense,,BlackRock Coffee,,Staff Meetings,12.24,"24,897.64"
,306 Credit Card Payable,10/19/2023,Expense,,Second Story,,Advertising,767.01,"25,664.65"
,306 Credit Card Payable,10/19/2023,Expense,,Second Story,,Advertising,770.87,"26,435.52"
,306 Credit Card Payable,10/19/2023,Expense,,Uber,,Auto Expense,9.97,"26,445.49"
,306 Credit Card Payable,10/19/2023,Expense,,Uber,,Auto Expense,3.00,"26,448.49"
,306 Credit Card Payable,10/20/2023,Expense,,Uber,,Auto Expense,3.00,"26,451.49"
,306 Credit Card Payable,10/20/2023,Expense,,Uber,,Auto Expense,9.96,"26,461.45"
,306 Credit Card Payable,10/20/2023,Expense,,USPS,,Office Supplies,134.30,"26,595.75"
,306 Credit Card Payable,10/20/2023,Expense,,Burgerville USA,,Meals,39.08,"26,634.83"
,306 Credit Card Payable,10/20/2023,Expense,,BlackRock Coffee,,Staff Meetings,55.90,"26,690.73"
,306 Credit Card Payable,10/23/2023,Expense,,DC Dental,,Dental Supplies,695.20,"27,385.93"
,306 Credit Card Payable,10/23/2023,Expense,,Amazon,,Office Supplies,71.45,"27,457.38"
,306 Credit Card Payable,10/23/2023,Expense,,Amazon,,Office Supplies,16.27,"27,473.65"
,306 Credit Card Payable,10/23/2023,Expense,,Amazon,,Office Supplies,102.13,"27,575.78"
,306 Credit Card Payable,10/23/2023,Expense,,Shell,,Auto Expense,80.10,"27,655.88"
,306 Credit Card Payable,10/23/2023,Expense,,Cascade I Max,,Withdrawals,26.80,"27,682.68"
,306 Credit Card Payable,10/23/2023,Expense,,Starbucks,,Staff Meetings,7.77,"27,690.45"
,306 Credit Card Payable,10/24/2023,Expense,,Clark Public utilities,,Utilities,195.05,"27,885.50"
,306 Credit Card Payable,10/24/2023,Expense,,Clark Public utilities,,Utilities,196.11,"28,081.61"
,306 Credit Card Payable,10/24/2023,Expense,,Party City,,Office Supplies,47.60,"28,129.21"
,306 Credit Card Payable,10/25/2023,Expense,,Google,,Advertising,13.04,"28,142.25"
,306 Credit Card Payable,10/25/2023,Expense,,Thai Terrace,,Meals,17.31,"28,159.56"
,306 Credit Card Payable,10/25/2023,Expense,,Fred Meyer,,Office Supplies,43.96,"28,203.52"
,306 Credit Card Payable,10/25/2023,Expense,,Fred Meyer,,Office Supplies,9.49,"28,213.01"
,306 Credit Card Payable,10/25/2023,Expense,,BlackRock Coffee,,Staff Meetings,13.12,"28,226.13"
,306 Credit Card Payable,10/26/2023,Expense,,Henry Schein,,Dental Supplies,"2,696.18","30,922.31"
,306 Credit Card Payable,10/26/2023,Expense,,Sling.com,,Telephone,15.00,"30,937.31"
,306 Credit Card Payable,10/26/2023,Expense,,BlackRock Coffee,,Staff Meetings,6.33,"30,943.64"
,306 Credit Card Payable,10/26/2023,Expense,,Amazon Free Time,,Office Supplies,5.42,"30,949.06"
,306 Credit Card Payable,10/27/2023,Expense,,Chief Priest,,Contributions,300.00,"31,249.06"
,306 Credit Card Payable,10/27/2023,Expense,,Amazon,,Office Supplies,10.86,"31,259.92"
,306 Credit Card Payable,10/27/2023,Expense,,Costco,,Office Supplies,58.13,"31,318.05"
,306 Credit Card Payable,10/27/2023,Expense,,Seize The Bagel,,Meals,37.11,"31,355.16"
,306 Credit Card Payable,10/27/2023,Expense,,BlackRock Coffee,,Staff Meetings,72.00,"31,427.16"
,306 Credit Card Payable,10/30/2023,Expense,,Birdeye.com,,Office Supplies,271.75,"31,698.91"
,306 Credit Card Payable,10/30/2023,Expense,,Netflix,,Office Supplies,21.73,"31,720.64"
,306 Credit Card Payable,10/30/2023,Expense,,Amazon,,Office Supplies,41.10,"31,761.74"
,306 Credit Card Payable,10/30/2023,Expense,,Uber,,Auto Expense,8.43,"31,770.17"
,306 Credit Card Payable,10/30/2023,Expense,,Uber,,Auto Expense,33.75,"31,803.92"
,306 Credit Card Payable,10/30/2023,Expense,,Uber,,Auto Expense,34.88,"31,838.80"
,306 Credit Card Payable,10/30/2023,Expense,,Amazon,,Office Supplies,38.34,"31,877.14"
,306 Credit Card Payable,10/30/2023,Expense,,Macpractice Inc,,Data Processing,326.96,"32,204.10"
,306 Credit Card Payable,10/30/2023,Expense,,Doordash,,Meals,26.02,"32,230.12"
,306 Credit Card Payable,10/30/2023,Expense,,PBHS,,Office Supplies,10.00,"32,240.12"
,306 Credit Card Payable,11/01/2023,Expense,,Wal-Mart,,Office Supplies,46.80,"32,286.92"
,306 Credit Card Payable,11/01/2023,Expense,,Starbucks,,Staff Meetings,10.00,"32,296.92"
,306 Credit Card Payable,11/02/2023,Expense,,Cain Watters Associates,,Legal & Professional Fees,"1,125.00","33,421.92"
,306 Credit Card Payable,11/02/2023,Expense,,GSuite,,Office Supplies,58.70,"33,480.62"
,306 Credit Card Payable,11/02/2023,Expense,,Lighthouse,,Advertising,291.87,"33,772.49"
,306 Credit Card Payable,11/02/2023,Expense,,Lighthouse,,Advertising,29.00,"33,801.49"
,306 Credit Card Payable,11/02/2023,Expense,,Indeed,,Recruitment Costs,377.83,"34,179.32"
,306 Credit Card Payable,11/02/2023,Expense,,Scentair Technologies,,Repairs & Maintenance,97.38,"34,276.70"
,306 Credit Card Payable,11/02/2023,Expense,,T-Mobile,,Telephone,189.00,"34,465.70"
,306 Credit Card Payable,11/02/2023,Expense,,Veritas Dental Resources,,Seminars & Continuing Education,589.46,"35,055.16"
,306 Credit Card Payable,11/02/2023,Expense,,Pho House,,Staff Meetings,36.97,"35,092.13"
,306 Credit Card Payable,11/02/2023,Expense,,NuSmile,,Dental Supplies,527.30,"35,619.43"
,306 Credit Card Payable,11/03/2023,Expense,,Amazon,,Office Supplies,1.48,"35,620.91"
,306 Credit Card Payable,11/03/2023,Expense,,Comcast,,Telephone,120.00,"35,740.91"
,306 Credit Card Payable,11/03/2023,Expense,,optisigns,,Advertising,20.00,"35,760.91"
,306 Credit Card Payable,11/03/2023,Expense,,7-Eleven,,Meals,11.27,"35,772.18"
,306 Credit Card Payable,11/03/2023,Expense,,Iron Gate Storage,,Rent,112.50,"35,884.68"
,306 Credit Card Payable,11/06/2023,Expense,,vyne dental,,Advertising,43.48,"35,928.16"
,306 Credit Card Payable,11/06/2023,Expense,,Jameson Management,,Practice Consultants,"2,994.00","38,922.16"
,306 Credit Card Payable,11/06/2023,Expense,,Banfield,,Other General Costs,56.95,"38,979.11"
,306 Credit Card Payable,11/06/2023,Expense,,Five Guys,,Staff Meetings,43.70,"39,022.81"
,306 Credit Card Payable,11/06/2023,Expense,,Denovo,,Dental Supplies,355.25,"39,378.06"
,306 Credit Card Payable,11/06/2023,Expense,,Quiznos,,Meals,16.03,"39,394.09"
,306 Credit Card Payable,11/06/2023,Expense,,Thai BBQ,,Meals,16.66,"39,410.75"
,306 Credit Card Payable,11/06/2023,Expense,,Chick-Fil-A,,Meals,64.08,"39,474.83"
,306 Credit Card Payable,11/06/2023,Expense,,Fred Meyer,,Office Supplies,43.32,"39,518.15"
,306 Credit Card Payable,11/07/2023,Expense,,Pho House,,Staff Meetings,47.96,"39,566.11"
,306 Credit Card Payable,11/07/2023,Expense,,Costa Vida,,Meals,70.87,"39,636.98"
,306 Credit Card Payable,11/07/2023,Expense,,Friends of Cloud Mountain,,Travel & Lodging,100.00,"39,736.98"
,306 Credit Card Payable,11/07/2023,Credit Card Credit,,Purchase Finance Charge,,Interest Expense,-519.67,"39,217.31"
,306 Credit Card Payable,11/07/2023,Expense,,Fred Meyer,,Office Supplies,60.00,"39,277.31"
,306 Credit Card Payable,11/07/2023,Expense,,Fred Meyer,,Office Supplies,23.79,"39,301.10"
,306 Credit Card Payable,11/07/2023,Credit Card Expense,,,finance charge,Interest Expense,519.67,"39,820.77"
,306 Credit Card Payable,11/08/2023,Expense,,Starbucks,,Staff Meetings,13.97,"39,834.74"
,306 Credit Card Payable,11/08/2023,Expense,,Target,,Office Supplies,48.74,"39,883.48"
,306 Credit Card Payable,11/08/2023,Expense,,Ring Unlimited,,Telephone,10.87,"39,894.35"
,306 Credit Card Payable,11/08/2023,Expense,,DC Dental,,Dental Supplies,498.78,"40,393.13"
,306 Credit Card Payable,11/08/2023,Expense,,Canva,,Office Supplies,14.99,"40,408.12"
,306 Credit Card Payable,11/09/2023,Expense,,Chick-Fil-A,,Meals,12.15,"40,420.27"
,306 Credit Card Payable,11/09/2023,Expense,,Uber Eats,,Staff Meetings,24.77,"40,445.04"
,306 Credit Card Payable,11/10/2023,Expense,,Pho House,,Staff Meetings,28.04,"40,473.08"
,306 Credit Card Payable,11/10/2023,Expense,,Amazon,,Office Supplies,73.75,"40,546.83"
,306 Credit Card Payable,11/10/2023,Expense,,Costco,,Office Supplies,34.99,"40,581.82"
,306 Credit Card Payable,11/10/2023,Expense,,Netflix,,Office Supplies,21.73,"40,603.55"
,306 Credit Card Payable,11/10/2023,Expense,,DC Dental,,Dental Supplies,40.85,"40,644.40"
,306 Credit Card Payable,11/13/2023,Expense,,Starbucks,,Staff Meetings,73.05,"40,717.45"
,306 Credit Card Payable,11/13/2023,Expense,,Starbucks,,Staff Meetings,24.61,"40,742.06"
,306 Credit Card Payable,11/13/2023,Expense,,ABPD,,Dues & Subscriptions,200.00,"40,942.06"
,306 Credit Card Payable,11/13/2023,Expense,,ABPD,,Dues & Subscriptions,200.00,"41,142.06"
,306 Credit Card Payable,11/13/2023,Expense,,ABPD,,Dues & Subscriptions,200.00,"41,342.06"
,306 Credit Card Payable,11/13/2023,Expense,,ABPD,,Dues & Subscriptions,200.00,"41,542.06"
,306 Credit Card Payable,11/13/2023,Expense,,American Academy of Pediatric Dent,,Dues & Subscriptions,690.00,"42,232.06"
,306 Credit Card Payable,11/13/2023,Expense,,American Academy of Pediatric Dent,,Dues & Subscriptions,915.00,"43,147.06"
,306 Credit Card Payable,11/13/2023,Expense,,Amazon,,Office Supplies,79.11,"43,226.17"
,306 Credit Card Payable,11/13/2023,Expense,,Adobe,,Office Supplies,21.73,"43,247.90"
,306 Credit Card Payable,11/13/2023,Expense,,DC Dental,,Dental Supplies,59.73,"43,307.63"
,306 Credit Card Payable,11/13/2023,Expense,,GoTo Connect,,Office Supplies,333.92,"43,641.55"
,306 Credit Card Payable,11/14/2023,Expense,,Uber Eats,,Staff Meetings,24.27,"43,665.82"
,306 Credit Card Payable,11/15/2023,Expense,,Zayo Group,,Practice Consultants,461.38,"44,127.20"
,306 Credit Card Payable,11/15/2023,Expense,,Amazon,,Office Supplies,734.80,"44,862.00"
,306 Credit Card Payable,11/15/2023,Expense,,Uber,,Auto Expense,9.99,"44,871.99"
,306 Credit Card Payable,11/16/2023,Expense,,Amazon,,Office Supplies,78.83,"44,950.82"
,306 Credit Card Payable,11/16/2023,Expense,,Amazon,,Office Supplies,24.16,"44,974.98"
,306 Credit Card Payable,11/16/2023,Expense,,Henry Schein,,Dental Supplies,119.55,"45,094.53"
,306 Credit Card Payable,11/16/2023,Expense,,Henry Schein,,Dental Supplies,371.48,"45,466.01"
,306 Credit Card Payable,11/16/2023,Expense,,Frontier Dental,,Dental Supplies,288.06,"45,754.07"
,306 Credit Card Payable,11/16/2023,Expense,,Ultradent,,Dental Supplies,192.82,"45,946.89"
,306 Credit Card Payable,11/16/2023,Expense,,Lewis River Dental,,Dental Supplies,154.58,"46,101.47"
,306 Credit Card Payable,11/16/2023,Expense,,Gateway Dental,,Dental Supplies,161.22,"46,262.69"
,306 Credit Card Payable,11/16/2023,Expense,,MVP Dental Supply,,Dental Supplies,33.36,"46,296.05"
,306 Credit Card Payable,11/17/2023,Expense,,Google,,Advertising,2.16,"46,298.21"
,306 Credit Card Payable,11/17/2023,Expense,,Uber Eats,,Staff Meetings,23.67,"46,321.88"
,306 Credit Card Payable,11/17/2023,Expense,,AcLU,,Contributions,25.00,"46,346.88"
,306 Credit Card Payable,11/17/2023,Expense,,Amazon,,Office Supplies,13.69,"46,360.57"
,306 Credit Card Payable,11/17/2023,Expense,,Dollar Tree,,Office Supplies,1.36,"46,361.93"
,306 Credit Card Payable,11/17/2023,Expense,,Cinnabon,,Meals,199.91,"46,561.84"
,306 Credit Card Payable,11/17/2023,Expense,,First Dental Supply,,Dental Supplies,239.70,"46,801.54"
,306 Credit Card Payable,11/17/2023,Expense,,PA Dental,,Dental Supplies,229.99,"47,031.53"
,306 Credit Card Payable,11/17/2023,Expense,,El Viejon,,Meals,21.87,"47,053.40"
,306 Credit Card Payable,11/20/2023,Expense,,Amazon,,Office Supplies,217.39,"47,270.79"
,306 Credit Card Payable,11/20/2023,Expense,,Amazon,,Office Supplies,10.82,"47,281.61"
,306 Credit Card Payable,11/20/2023,Expense,,Amazon,,Office Supplies,166.29,"47,447.90"
,306 Credit Card Payable,11/20/2023,Expense,,Amazon,,Office Supplies,45.61,"47,493.51"
,306 Credit Card Payable,11/20/2023,Expense,,Amazon,,Office Supplies,11.40,"47,504.91"
,306 Credit Card Payable,11/20/2023,Expense,,"Discus Dental, LLC",,Dental Supplies,567.18,"48,072.09"
,306 Credit Card Payable,11/20/2023,Expense,,Uber Eats,,Staff Meetings,17.08,"48,089.17"
,306 Credit Card Payable,11/20/2023,Expense,,Starbucks,,Staff Meetings,69.95,"48,159.12"
,306 Credit Card Payable,11/20/2023,Expense,,Excel Orthodontics,,Lab Fees & X-Ray,363.00,"48,522.12"
,306 Credit Card Payable,11/20/2023,Expense,,Michaels,,Office Supplies,66.25,"48,588.37"
,306 Credit Card Payable,11/20/2023,Expense,,Michaels,,Office Supplies,15.21,"48,603.58"
,306 Credit Card Payable,11/20/2023,Credit Card Credit,,Google,,Office Supplies,-2.09,"48,601.49"
,306 Credit Card Payable,11/20/2023,Expense,,adcoa,,Dental Supplies,110.80,"48,712.29"
,306 Credit Card Payable,11/20/2023,Expense,,Lily Rose,,Office Supplies,23.80,"48,736.09"
,306 Credit Card Payable,11/21/2023,Expense,,Amazon,,Office Supplies,40.52,"48,776.61"
,306 Credit Card Payable,11/21/2023,Expense,,Maintenance Man,,Repairs & Maintenance,825.25,"49,601.86"
,306 Credit Card Payable,11/22/2023,Expense,,Dominos,,Staff Meetings,41.27,"49,643.13"
,306 Credit Card Payable,11/22/2023,Expense,,,personal expense in India,Withdrawals,170.36,"49,813.49"
,306 Credit Card Payable,11/24/2023,Expense,,Clark Public utilities,,Utilities,214.31,"50,027.80"
,306 Credit Card Payable,11/24/2023,Expense,,Clark Public utilities,,Utilities,211.37,"50,239.17"
,306 Credit Card Payable,11/24/2023,Expense,,Henry Schein,,Dental Supplies,452.34,"50,691.51"
,306 Credit Card Payable,11/24/2023,Credit Card Credit,,Michaels,,Office Supplies,-13.26,"50,678.25"
,306 Credit Card Payable,11/24/2023,Expense,,DC Dental,,Dental Supplies,707.19,"51,385.44"
,306 Credit Card Payable,11/27/2023,Expense,,Macpractice Inc,,Data Processing,326.96,"51,712.40"
,306 Credit Card Payable,11/27/2023,Expense,,Google,,Advertising,16.31,"51,728.71"
,306 Credit Card Payable,11/27/2023,Expense,,Amazon,,Office Supplies,49.98,"51,778.69"
,306 Credit Card Payable,11/27/2023,Expense,,Amazon,,Office Supplies,35.28,"51,813.97"
,306 Credit Card Payable,11/27/2023,Expense,,Amazon Free Time,,Office Supplies,5.42,"51,819.39"
,306 Credit Card Payable,11/28/2023,Expense,,Netflix,,Office Supplies,24.99,"51,844.38"
,306 Credit Card Payable,11/28/2023,Expense,,PBHS,,Office Supplies,10.00,"51,854.38"
,306 Credit Card Payable,11/28/2023,Expense,,hobby lobby,,Office Supplies,247.26,"52,101.64"
,306 Credit Card Payable,11/28/2023,Expense,,Birdeye.com,,Office Supplies,271.75,"52,373.39"
,306 Credit Card Payable,11/28/2023,Expense,,Uber Eats,,Staff Meetings,24.07,"52,397.46"
,306 Credit Card Payable,11/29/2023,Expense,,Wal-Mart,,Office Supplies,25.75,"52,423.21"
,306 Credit Card Payable,11/29/2023,Expense,,Target,,Office Supplies,66.05,"52,489.26"
,306 Credit Card Payable,11/29/2023,Expense,,Party City,,Office Supplies,21.09,"52,510.35"
,306 Credit Card Payable,11/30/2023,Expense,,NuSmile,,Dental Supplies,606.30,"53,116.65"
,306 Credit Card Payable,11/30/2023,Expense,,Home Depot,,Repairs & Maintenance,29.29,"53,145.94"
,306 Credit Card Payable,11/30/2023,Expense,,Michaels,,Office Supplies,41.08,"53,187.02"
,306 Credit Card Payable,11/30/2023,Expense,,Amazon,,Office Supplies,31.51,"53,218.53"
,306 Credit Card Payable,11/30/2023,Expense,,Amazon,,Office Supplies,17.39,"53,235.92"
,306 Credit Card Payable,11/30/2023,Credit Card Credit,,Amazon,,Office Supplies,-82.20,"53,153.72"
,306 Credit Card Payable,12/01/2023,Expense,,Name Tag Country,,Laundry & Uniforms,158.15,"53,311.87"
,306 Credit Card Payable,12/01/2023,Expense,,Fred Meyer,,Office Supplies,24.88,"53,336.75"
,306 Credit Card Payable,12/01/2023,Credit Card Credit,,Amazon,,Office Supplies,-31.51,"53,305.24"
,306 Credit Card Payable,12/01/2023,Expense,,Clear Checks,,Office Supplies,34.98,"53,340.22"
,306 Credit Card Payable,12/01/2023,Expense,,Trirock Dental,,Dental Supplies,86.94,"53,427.16"
,306 Credit Card Payable,12/04/2023,Expense,,Henry Schein,,Dental Supplies,750.77,"54,177.93"
,306 Credit Card Payable,12/04/2023,Expense,,T-Mobile,,Telephone,139.00,"54,316.93"
,306 Credit Card Payable,12/04/2023,Expense,,Comcast,,Telephone,120.00,"54,436.93"
,306 Credit Card Payable,12/04/2023,Expense,,Amazon,,Office Supplies,186.02,"54,622.95"
,306 Credit Card Payable,12/04/2023,Expense,,Amazon,,Office Supplies,10.86,"54,633.81"
,306 Credit Card Payable,12/04/2023,Expense,,Amazon,,Office Supplies,35.74,"54,669.55"
,306 Credit Card Payable,12/04/2023,Expense,,Amazon,,Office Supplies,40.19,"54,709.74"
,306 Credit Card Payable,12/04/2023,Expense,,Lighthouse,,Advertising,291.87,"55,001.61"
,306 Credit Card Payable,12/04/2023,Expense,,Lighthouse,,Advertising,29.00,"55,030.61"
,306 Credit Card Payable,12/04/2023,Expense,,Scentair Technologies,,Repairs & Maintenance,97.38,"55,127.99"
,306 Credit Card Payable,12/04/2023,Expense,,Iron Gate Storage,,Rent,112.50,"55,240.49"
,306 Credit Card Payable,12/04/2023,Expense,,Jameson Management,,Practice Consultants,"2,994.00","58,234.49"
,306 Credit Card Payable,12/04/2023,Expense,,Amazon,,Office Supplies,1.49,"58,235.98"
,306 Credit Card Payable,12/04/2023,Expense,,Late Payment Fee,,Office Supplies,49.00,"58,284.98"
,306 Credit Card Payable,12/04/2023,Expense,,Cain Watters Associates,,Legal & Professional Fees,"1,125.00","59,409.98"
,306 Credit Card Payable,12/04/2023,Expense,,optisigns,,Advertising,20.00,"59,429.98"
,306 Credit Card Payable,12/04/2023,Expense,,GSuite,,Office Supplies,58.70,"59,488.68"
,306 Credit Card Payable,12/04/2023,Expense,,Veritas Dental Resources,,Seminars & Continuing Education,589.46,"60,078.14"
,306 Credit Card Payable,12/06/2023,Credit Card Payment,,Bank Of America,,Cash in BOA 0693,"-20,000.00","40,078.14"
,306 Credit Card Payable,12/06/2023,Expense,,vyne dental,,Advertising,43.48,"40,121.62"
,306 Credit Card Payable,12/06/2023,Expense,,Wal-Mart,,Office Supplies,191.99,"40,313.61"
,306 Credit Card Payable,12/06/2023,Expense,,Party City,,Office Supplies,22.80,"40,336.41"
,306 Credit Card Payable,12/06/2023,Expense,,Fred Meyer,,Office Supplies,38.30,"40,374.71"
,306 Credit Card Payable,12/06/2023,Credit Card Credit,,Amazon,,Office Supplies,-13.69,"40,361.02"
,306 Credit Card Payable,12/06/2023,Expense,,Banfield,,Other General Costs,56.95,"40,417.97"
,306 Credit Card Payable,12/06/2023,Expense,,Trader Joe's,,Meals,11.95,"40,429.92"
,306 Credit Card Payable,12/07/2023,Expense,,Henry Schein,,Dental Supplies,412.00,"40,841.92"
,306 Credit Card Payable,12/07/2023,Expense,,Henry Schein,,Dental Supplies,211.83,"41,053.75"
,306 Credit Card Payable,12/07/2023,Expense,,Party City,,Office Supplies,26.09,"41,079.84"
,306 Credit Card Payable,12/07/2023,Expense,,Nothing Bundt Cakes,,Staff Meetings,31.00,"41,110.84"
,306 Credit Card Payable,12/07/2023,Expense,,Starbucks,,Staff Meetings,12.39,"41,123.23"
,306 Credit Card Payable,12/07/2023,Expense,,Purchase Finance Charge,,Interest Expense,680.07,"41,803.30"
,306 Credit Card Payable,12/08/2023,Expense,,USPS,,Office Supplies,134.30,"41,937.60"
,306 Credit Card Payable,12/08/2023,Expense,,Amazon,,Office Supplies,30.42,"41,968.02"
,306 Credit Card Payable,12/08/2023,Expense,,Ring Unlimited,,Telephone,10.87,"41,978.89"
,306 Credit Card Payable,12/08/2023,Expense,,Canva,,Office Supplies,14.99,"41,993.88"
,306 Credit Card Payable,12/08/2023,Expense,,Centprint,,Advertising,19.56,"42,013.44"
,306 Credit Card Payable,12/11/2023,Expense,,Amazon,,Office Supplies,154.59,"42,168.03"
,306 Credit Card Payable,12/11/2023,Expense,,Amazon,,Office Supplies,79.42,"42,247.45"
,306 Credit Card Payable,12/11/2023,Expense,,Wal-Mart,,Office Supplies,7.53,"42,254.98"
,306 Credit Card Payable,12/11/2023,Expense,,Netflix,,Office Supplies,24.99,"42,279.97"
,306 Credit Card Payable,12/11/2023,Expense,,Adobe,,Office Supplies,21.73,"42,301.70"
,306 Credit Card Payable,12/11/2023,Expense,,The Hammond Neighbor Camas,,Meals,"1,508.99","43,810.69"
,306 Credit Card Payable,12/11/2023,Expense,,GoTo Connect,,Office Supplies,333.92,"44,144.61"
,306 Credit Card Payable,12/12/2023,Expense,,Amazon,,Office Supplies,5.95,"44,150.56"
,306 Credit Card Payable,12/12/2023,Expense,,Leukemia & Lymphoma,,Advertising,100.00,"44,250.56"
,306 Credit Card Payable,12/13/2023,Expense,,Chipotle,,Staff Meetings,28.97,"44,279.53"
,306 Credit Card Payable,12/13/2023,Expense,,Uber Eats,,Staff Meetings,23.67,"44,303.20"
,306 Credit Card Payable,12/13/2023,Expense,,Henry Schein,,Dental Supplies,124.10,"44,427.30"
,306 Credit Card Payable,12/14/2023,Expense,,Uber Eats,,Staff Meetings,22.50,"44,449.80"
,306 Credit Card Payable,12/14/2023,Expense,,Denovo,,Dental Supplies,171.14,"44,620.94"
,306 Credit Card Payable,12/14/2023,Expense,,NuSmile,,Dental Supplies,"1,020.50","45,641.44"
,306 Credit Card Payable,12/14/2023,Credit Card Credit,,hobby lobby,,Office Supplies,-7.85,"45,633.59"
,306 Credit Card Payable,12/15/2023,Expense,,Zayo Group,,Practice Consultants,461.38,"46,094.97"
,306 Credit Card Payable,12/15/2023,Expense,,Uber,,Auto Expense,9.99,"46,104.96"
,306 Credit Card Payable,12/18/2023,Expense,,Starbucks,,Staff Meetings,70.98,"46,175.94"
,306 Credit Card Payable,12/18/2023,Expense,,Lighthouse,,Advertising,255.61,"46,431.55"
,306 Credit Card Payable,12/18/2023,Expense,,AcLU,,Contributions,25.00,"46,456.55"
,306 Credit Card Payable,12/18/2023,Expense,,Ortho Select LLC,,Dental Supplies,39.00,"46,495.55"
,306 Credit Card Payable,12/18/2023,Expense,,Ortho Select LLC,,Dental Supplies,121.00,"46,616.55"
,306 Credit Card Payable,12/18/2023,Expense,,Ortho Select LLC,,Dental Supplies,102.00,"46,718.55"
,306 Credit Card Payable,12/18/2023,Expense,,Macpractice Inc,,Data Processing,326.96,"47,045.51"
,306 Credit Card Payable,12/18/2023,Expense,,Excel Orthodontics,,Lab Fees & X-Ray,401.00,"47,446.51"
,306 Credit Card Payable,12/18/2023,Expense,,adcoa,,Dental Supplies,69.82,"47,516.33"
,306 Credit Card Payable,12/19/2023,Expense,,Amazon,,Office Supplies,32.99,"47,549.32"
,306 Credit Card Payable,12/19/2023,Expense,,Dollar Tree,,Office Supplies,4.08,"47,553.40"
,306 Credit Card Payable,12/19/2023,Expense,,Costco,,Office Supplies,86.80,"47,640.20"
,306 Credit Card Payable,12/20/2023,Expense,,Amazon,,Office Supplies,112.68,"47,752.88"
,306 Credit Card Payable,12/20/2023,Expense,,Amazon,,Office Supplies,49.22,"47,802.10"
,306 Credit Card Payable,12/20/2023,Expense,,Target,,Office Supplies,83.05,"47,885.15"
,306 Credit Card Payable,12/21/2023,Expense,,Amazon,,Office Supplies,40.21,"47,925.36"
,306 Credit Card Payable,12/21/2023,Expense,,Henry Schein,,Dental Supplies,"1,086.94","49,012.30"
,306 Credit Card Payable,12/21/2023,Expense,,Safeway,,Office Supplies,97.77,"49,110.07"
,306 Credit Card Payable,12/21/2023,Expense,,Fred Meyer,,Office Supplies,79.66,"49,189.73"
,306 Credit Card Payable,12/22/2023,Expense,,Target,,Office Supplies,3.26,"49,192.99"
,306 Credit Card Payable,12/22/2023,Expense,,Fred Meyer,,Office Supplies,65.23,"49,258.22"
,306 Credit Card Payable,12/26/2023,Credit Card Payment,,Bank Of America,,Cash in BOA 0693,"-20,350.00","28,908.22"
,306 Credit Card Payable,12/26/2023,Expense,,Clark Public utilities,,Utilities,199.45,"29,107.67"
,306 Credit Card Payable,12/26/2023,Expense,,Clark Public utilities,,Utilities,201.41,"29,309.08"
,306 Credit Card Payable,12/26/2023,Expense,,Pacific NW Specialty,,Dental Supplies,143.00,"29,452.08"
,306 Credit Card Payable,12/26/2023,Expense,,Google,,Advertising,16.31,"29,468.39"
,306 Credit Card Payable,12/26/2023,Expense,,Fred Meyer,,Office Supplies,15.29,"29,483.68"
,306 Credit Card Payable,12/26/2023,Expense,,Nothing Bundt Cakes,,Meals,41.87,"29,525.55"
,306 Credit Card Payable,12/26/2023,Expense,,Amazon Free Time,,Office Supplies,5.42,"29,530.97"
,306 Credit Card Payable,12/26/2023,Expense,,Untitled Hotels,,Travel & Lodging,257.94,"29,788.91"
,306 Credit Card Payable,12/28/2023,Expense,,Henry Schein,,Dental Supplies,"2,665.89","32,454.80"
,306 Credit Card Payable,12/28/2023,Expense,,Netflix,,Office Supplies,24.99,"32,479.79"
,306 Credit Card Payable,12/28/2023,Expense,,Wal-Mart,,Office Supplies,26.14,"32,505.93"
,306 Credit Card Payable,12/28/2023,Expense,,PBHS,,Office Supplies,10.00,"32,515.93"
,306 Credit Card Payable,12/28/2023,Expense,,Party City,,Office Supplies,21.74,"32,537.67"
,306 Credit Card Payable,12/28/2023,Expense,,Birdeye.com,,Office Supplies,271.75,"32,809.42"
,306 Credit Card Payable,12/28/2023,Expense,,Pho House,,Staff Meetings,48.80,"32,858.22"
,306 Credit Card Payable,12/28/2023,Expense,,Pho House,,Staff Meetings,7.55,"32,865.77"
,306 Credit Card Payable,12/28/2023,Expense,,Fluence,,Bookkeeping,"5,350.00","38,215.77"
,306 Credit Card Payable,12/29/2023,Expense,,on hold,,Telephone,129.00,"38,344.77"
,306 Credit Card Payable,12/31/2023,Journal Entry,CPA 04,,,,519.67,"38,864.44"
Total for 306 Credit Card Payable,,,,,,,,"$3,434.16",
105 Riverview Checking 6958,,,,,,,,,
,Beginning Balance,,,,,,,,"4,336.74"
,105 Riverview Checking 6958,01/03/2023,Deposit,,Credit Card,,Fees,500.00,"4,836.74"
,105 Riverview Checking 6958,01/05/2023,Expense,,Merchant Fees,,Credit Card Fees,-140.37,"4,696.37"
,105 Riverview Checking 6958,01/05/2023,Deposit,,Credit Card,,Fees,757.00,"5,453.37"
,105 Riverview Checking 6958,01/06/2023,Deposit,,Credit Card,,Fees,222.00,"5,675.37"
,105 Riverview Checking 6958,01/18/2023,Deposit,,Credit Card,,Fees,"1,819.00","7,494.37"
,105 Riverview Checking 6958,01/25/2023,Expense,,Wa Dor Bus,,Sales & Use Tax,"-3,096.03","4,398.34"
,105 Riverview Checking 6958,01/27/2023,Expense,,JP Morgan Chase,,Auto Expense,-983.89,"3,414.45"
,105 Riverview Checking 6958,01/27/2023,Deposit,,Credit Card,,Fees,970.00,"4,384.45"
,105 Riverview Checking 6958,01/31/2023,Expense,,Analysis Charge,,Office Supplies,-89.95,"4,294.50"
,105 Riverview Checking 6958,02/02/2023,Deposit,,Credit Card,,Fees,868.00,"5,162.50"
,105 Riverview Checking 6958,02/03/2023,Expense,,Merchant Fees,,Credit Card Fees,-118.88,"5,043.62"
,105 Riverview Checking 6958,02/17/2023,Deposit,,Credit Card,,Fees,669.00,"5,712.62"
,105 Riverview Checking 6958,02/21/2023,Deposit,,Credit Card,,Fees,780.00,"6,492.62"
,105 Riverview Checking 6958,02/23/2023,Deposit,,Credit Card,,Fees,780.00,"7,272.62"
,105 Riverview Checking 6958,02/24/2023,Expense,,Merchant Fees,,Credit Card Fees,-780.00,"6,492.62"
,105 Riverview Checking 6958,02/27/2023,Expense,,Wa Department Of,,Sales & Use Tax,"-2,809.77","3,682.85"
,105 Riverview Checking 6958,02/27/2023,Expense,,July Business Services,,Trust Fees,-722.84,"2,960.01"
,105 Riverview Checking 6958,02/28/2023,Expense,,Analysis Charge,,Office Supplies,-90.21,"2,869.80"
,105 Riverview Checking 6958,02/28/2023,Expense,,JP Morgan Chase,,Auto Expense,-983.89,"1,885.91"
,105 Riverview Checking 6958,03/01/2023,Deposit,,Credit Card,,Fees,500.00,"2,385.91"
,105 Riverview Checking 6958,03/03/2023,Deposit,,Credit Card,,Fees,868.00,"3,253.91"
,105 Riverview Checking 6958,03/06/2023,Expense,,Merchant Fees,,Credit Card Fees,-114.37,"3,139.54"
,105 Riverview Checking 6958,03/09/2023,Deposit,,cash,,Fees,"2,220.00","5,359.54"
,105 Riverview Checking 6958,03/13/2023,Deposit,,Credit Card,,Fees,500.00,"5,859.54"
,105 Riverview Checking 6958,03/17/2023,Deposit,,Credit Card,,Fees,659.00,"6,518.54"
,105 Riverview Checking 6958,03/24/2023,Deposit,,Credit Card,,Fees,165.60,"6,684.14"
,105 Riverview Checking 6958,03/28/2023,Expense,,Wa Department Of,,Sales & Use Tax,"-3,535.10","3,149.04"
,105 Riverview Checking 6958,03/28/2023,Expense,,JP Morgan Chase,,Auto Expense,-983.89,"2,165.15"
,105 Riverview Checking 6958,03/28/2023,Deposit,,Credit Card,,Fees,195.00,"2,360.15"
,105 Riverview Checking 6958,03/29/2023,Deposit,,Credit Card,,Fees,"1,000.00","3,360.15"
,105 Riverview Checking 6958,03/31/2023,Expense,,Analysis Charge,,Office Supplies,-94.76,"3,265.39"
,105 Riverview Checking 6958,04/03/2023,Expense,,Merchant Fees,,Credit Card Fees,-159.77,"3,105.62"
,105 Riverview Checking 6958,04/12/2023,Deposit,,Credit Card,,Fees,888.00,"3,993.62"
,105 Riverview Checking 6958,04/27/2023,Expense,,JP Morgan Chase,,Auto Expense,-983.89,"3,009.73"
,105 Riverview Checking 6958,04/27/2023,Expense,,Wa Department Of,,Sales & Use Tax,"-3,099.83",-90.10
,105 Riverview Checking 6958,04/27/2023,Expense,,,,Office Supplies,-35.00,-125.10
,105 Riverview Checking 6958,04/30/2023,Expense,,Analysis Charge,,Office Supplies,-89.90,-215.00
,105 Riverview Checking 6958,05/03/2023,Deposit,,Transfer,,Withdrawals,300.00,85.00
,105 Riverview Checking 6958,05/04/2023,Expense,,Merchant Fees,,Credit Card Fees,-68.79,16.21
,105 Riverview Checking 6958,06/30/2023,Journal Entry,CPA 01,,,,-16.21,0.00
Total for 105 Riverview Checking 6958,,,,,,,,"-$4,336.74",
109 Summit Checking 5809,,,,,,,,,
,Beginning Balance,,,,,,,,"62,960.37"
,109 Summit Checking 5809,01/03/2023,Expense,,Transfer,,Summit Bank MM 5906,-500.00,"62,460.37"
,109 Summit Checking 5809,01/03/2023,Expense,,Johnson Properties LLC,,Rent,"-4,000.00","58,460.37"
,109 Summit Checking 5809,01/04/2023,Deposit,,Credit Card,,Fees,373.80,"58,834.17"
,109 Summit Checking 5809,01/05/2023,Deposit,,Checks,,Fees,"3,525.00","62,359.17"
,109 Summit Checking 5809,01/05/2023,Expense,,Summit Bank,,,"-9,049.16","53,310.01"
,109 Summit Checking 5809,01/05/2023,Expense,,Merchant Solutions Billing,,Credit Card Fees,-383.31,"52,926.70"
,109 Summit Checking 5809,01/05/2023,Deposit,,Credit Card,,Fees,"1,016.80","53,943.50"
,109 Summit Checking 5809,01/05/2023,Expense,,Johnson Properties LLC,,Rent,"-8,500.00","45,443.50"
,109 Summit Checking 5809,01/06/2023,Expense,,Matrix Trust Co,,Retirement Withdrawals,"-10,000.00","35,443.50"
,109 Summit Checking 5809,01/09/2023,Expense,,Transfer,,Summit Bank MM 5906,-500.00,"34,943.50"
,109 Summit Checking 5809,01/10/2023,Deposit,,Credit Card,,Fees,111.25,"35,054.75"
,109 Summit Checking 5809,01/11/2023,Deposit,,Credit Card,,Fees,"1,108.00","36,162.75"
,109 Summit Checking 5809,01/12/2023,Expense,,Matrix Trust Co,,Retirement Deferrals Payable,-800.66,"35,362.09"
,109 Summit Checking 5809,01/12/2023,Deposit,,Checks,,Fees,"7,565.12","42,927.21"
,109 Summit Checking 5809,01/12/2023,Deposit,,Credit Card,,Fees,677.37,"43,604.58"
,109 Summit Checking 5809,01/13/2023,Deposit,,Credit Card,,Fees,391.10,"43,995.68"
,109 Summit Checking 5809,01/17/2023,Expense,,Transfer,,Summit Bank MM 5906,-500.00,"43,495.68"
,109 Summit Checking 5809,01/17/2023,Deposit,,Credit Card,,Fees,720.90,"44,216.58"
,109 Summit Checking 5809,01/18/2023,Deposit,,Credit Card,,Fees,316.80,"44,533.38"
,109 Summit Checking 5809,01/19/2023,Deposit,,Checks,,Fees,"4,120.35","48,653.73"
,109 Summit Checking 5809,01/19/2023,Deposit,,Credit Card,,Fees,472.00,"49,125.73"
,109 Summit Checking 5809,01/19/2023,Deposit,,American Express,,Fees,149.59,"49,275.32"
,109 Summit Checking 5809,01/20/2023,Deposit,,Credit Card,,Fees,257.60,"49,532.92"
,109 Summit Checking 5809,01/20/2023,Deposit,,American Express,,Fees,919.28,"50,452.20"
,109 Summit Checking 5809,01/23/2023,Deposit,,Credit Card,,Fees,757.28,"51,209.48"
,109 Summit Checking 5809,01/23/2023,Expense,,Transfer,,Summit Bank MM 5906,-500.00,"50,709.48"
,109 Summit Checking 5809,01/24/2023,Deposit,,Credit Card,,Fees,445.40,"51,154.88"
,109 Summit Checking 5809,01/26/2023,Deposit,,Checks,,Fees,"1,927.03","53,081.91"
,109 Summit Checking 5809,01/26/2023,Deposit,,Credit Card,,Fees,"1,610.98","54,692.89"
,109 Summit Checking 5809,01/27/2023,Deposit,,Checks,,Fees,"1,579.21","56,272.10"
,109 Summit Checking 5809,01/27/2023,Deposit,,Credit Card,,Fees,477.00,"56,749.10"
,109 Summit Checking 5809,01/30/2023,Deposit,,Credit Card,,Fees,532.90,"57,282.00"
,109 Summit Checking 5809,01/30/2023,Expense,,Matrix Trust Co,,Retirement Deferrals Payable,-893.34,"56,388.66"
,109 Summit Checking 5809,01/30/2023,Expense,,Transfer,,Summit Bank MM 5906,-500.00,"55,888.66"
,109 Summit Checking 5809,01/31/2023,Deposit,,Credit Card,,Fees,492.84,"56,381.50"
,109 Summit Checking 5809,01/31/2023,Deposit,,Interest Earned,,Interest Income,29.90,"56,411.40"
,109 Summit Checking 5809,02/01/2023,Deposit,,Checks,,Fees,"5,008.65","61,420.05"
,109 Summit Checking 5809,02/01/2023,Deposit,,Credit Card,,Fees,565.20,"61,985.25"
,109 Summit Checking 5809,02/02/2023,Deposit,,Checks,,Fees,"1,862.10","63,847.35"
,109 Summit Checking 5809,02/02/2023,Deposit,,Credit Card,,Fees,224.15,"64,071.50"
,109 Summit Checking 5809,02/03/2023,Deposit,,Checks,,Fees,717.40,"64,788.90"
,109 Summit Checking 5809,02/03/2023,Deposit,,Credit Card,,Fees,102.16,"64,891.06"
,109 Summit Checking 5809,02/03/2023,Expense,,Merchant Solutions Billing,,Credit Card Fees,-326.73,"64,564.33"
,109 Summit Checking 5809,02/03/2023,Expense,,Johnson Properties LLC,,Rent,"-4,000.00","60,564.33"
,109 Summit Checking 5809,02/06/2023,Deposit,,Credit Card,,Fees,934.87,"61,499.20"
,109 Summit Checking 5809,02/06/2023,Expense,,Transfer,,Summit Bank MM 5906,-500.00,"60,999.20"
,109 Summit Checking 5809,02/06/2023,Expense,,Johnson Properties LLC,,Rent,"-8,500.00","52,499.20"
,109 Summit Checking 5809,02/06/2023,Expense,,Summit Bank,,,"-9,049.16","43,450.04"
,109 Summit Checking 5809,02/07/2023,Deposit,,Checks,,Fees,"1,333.00","44,783.04"
,109 Summit Checking 5809,02/07/2023,Deposit,,Credit Card,,Fees,596.70,"45,379.74"
,109 Summit Checking 5809,02/07/2023,Deposit,,American Express,,Fees,60.20,"45,439.94"
,109 Summit Checking 5809,02/08/2023,Deposit,,Credit Card,,Fees,921.60,"46,361.54"
,109 Summit Checking 5809,02/09/2023,Deposit,,Checks,,Fees,"1,352.45","47,713.99"
,109 Summit Checking 5809,02/09/2023,Deposit,,Credit Card,,Fees,568.63,"48,282.62"
,109 Summit Checking 5809,02/10/2023,Deposit,,Credit Card,,Fees,295.40,"48,578.02"
,109 Summit Checking 5809,02/13/2023,Expense,,Transfer,,Summit Bank MM 5906,-500.00,"48,078.02"
,109 Summit Checking 5809,02/14/2023,Deposit,,Credit Card,,Fees,60.00,"48,138.02"
,109 Summit Checking 5809,02/14/2023,Expense,,Matrix Trust Co,,Retirement Withdrawals,"-10,000.00","38,138.02"
,109 Summit Checking 5809,02/14/2023,Expense,,Matrix Trust Co,,Retirement Deferrals Payable,"-1,118.16","37,019.86"
,109 Summit Checking 5809,02/15/2023,Deposit,,Checks,,Fees,"7,457.26","44,477.12"
,109 Summit Checking 5809,02/15/2023,Deposit,,Credit Card,,Fees,28.00,"44,505.12"
,109 Summit Checking 5809,02/16/2023,Deposit,,Credit Card,,Fees,390.70,"44,895.82"
,109 Summit Checking 5809,02/16/2023,Deposit,,Checks,,Fees,178.40,"45,074.22"
,109 Summit Checking 5809,02/17/2023,Deposit,,Credit Card,,Fees,26.85,"45,101.07"
,109 Summit Checking 5809,02/21/2023,Expense,,Matrix Trust Co,,Retirement Withdrawals,"-10,000.00","35,101.07"
,109 Summit Checking 5809,02/21/2023,Expense,,Transfer,,Summit Bank MM 5906,-500.00,"34,601.07"
,109 Summit Checking 5809,02/27/2023,Deposit,,Checks,,Fees,"4,059.38","38,660.45"
,109 Summit Checking 5809,02/27/2023,Deposit,,Credit Card,,Fees,136.00,"38,796.45"
,109 Summit Checking 5809,02/27/2023,Deposit,,Credit Card,,Fees,28.00,"38,824.45"
,109 Summit Checking 5809,02/27/2023,Expense,,Transfer,,Summit Bank MM 5906,-500.00,"38,324.45"
,109 Summit Checking 5809,02/28/2023,Deposit,,Credit Card,,Fees,"1,006.60","39,331.05"
,109 Summit Checking 5809,02/28/2023,Deposit,,Credit Card,,Fees,287.00,"39,618.05"
,109 Summit Checking 5809,02/28/2023,Deposit,,Interest Earned,,Interest Income,26.26,"39,644.31"
,109 Summit Checking 5809,03/01/2023,Deposit,,Credit Card,,Fees,444.00,"40,088.31"
,109 Summit Checking 5809,03/02/2023,Expense,,Matrix Trust Co,,Retirement Deferrals Payable,-707.70,"39,380.61"
,109 Summit Checking 5809,03/02/2023,Deposit,,Checks,,Fees,"3,766.52","43,147.13"
,109 Summit Checking 5809,03/02/2023,Deposit,,Credit Card,,Fees,650.00,"43,797.13"
,109 Summit Checking 5809,03/03/2023,Deposit,,Credit Card,,Fees,284.00,"44,081.13"
,109 Summit Checking 5809,03/03/2023,Expense,,Johnson Properties LLC,,Rent,"-4,000.00","40,081.13"
,109 Summit Checking 5809,03/06/2023,Expense,,Johnson Properties LLC,,Rent,"-8,500.00","31,581.13"
,109 Summit Checking 5809,03/06/2023,Expense,,Merchant Solutions Billing,,Credit Card Fees,-221.72,"31,359.41"
,109 Summit Checking 5809,03/06/2023,Expense,,Summit Bank,,,"-9,049.16","22,310.25"
,109 Summit Checking 5809,03/06/2023,Expense,,Transfer,,Summit Bank MM 5906,-500.00,"21,810.25"
,109 Summit Checking 5809,03/07/2023,Deposit,,Checks,,Fees,"1,130.58","22,940.83"
,109 Summit Checking 5809,03/07/2023,Deposit,,Credit Card,,Fees,39.00,"22,979.83"
,109 Summit Checking 5809,03/08/2023,Deposit,,Credit Card,,Fees,"1,951.00","24,930.83"
,109 Summit Checking 5809,03/09/2023,Deposit,,Checks,,Fees,474.34,"25,405.17"
,109 Summit Checking 5809,03/09/2023,Deposit,,Credit Card,,Fees,290.16,"25,695.33"
,109 Summit Checking 5809,03/10/2023,Expense,,Matrix Trust Co,,Retirement Withdrawals,"-10,000.00","15,695.33"
,109 Summit Checking 5809,03/10/2023,Deposit,,Credit Card,,Fees,336.40,"16,031.73"
,109 Summit Checking 5809,03/13/2023,Deposit,,Credit Card,,Fees,37.00,"16,068.73"
,109 Summit Checking 5809,03/13/2023,Expense,,Transfer,,Summit Bank MM 5906,-500.00,"15,568.73"
,109 Summit Checking 5809,03/14/2023,Expense,,Matrix Trust Co,,Retirement Deferrals Payable,-871.94,"14,696.79"
,109 Summit Checking 5809,03/14/2023,Deposit,,Credit Card,,Fees,218.70,"14,915.49"
,109 Summit Checking 5809,03/15/2023,Deposit,,Checks,,Fees,890.95,"15,806.44"
,109 Summit Checking 5809,03/15/2023,Deposit,,Credit Card,,Fees,327.30,"16,133.74"
,109 Summit Checking 5809,03/16/2023,Deposit,,Checks,,Fees,502.00,"16,635.74"
,109 Summit Checking 5809,03/17/2023,Deposit,,Credit Card,,Fees,"1,120.30","17,756.04"
,109 Summit Checking 5809,03/17/2023,Deposit,,Credit Card,,Fees,64.00,"17,820.04"
,109 Summit Checking 5809,03/20/2023,Deposit,,Credit Card,,Fees,74.00,"17,894.04"
,109 Summit Checking 5809,03/20/2023,Expense,,Transfer,,Summit Bank MM 5906,-500.00,"17,394.04"
,109 Summit Checking 5809,03/21/2023,Deposit,,Checks,,Fees,"3,472.51","20,866.55"
,109 Summit Checking 5809,03/22/2023,Deposit,,Credit Card,,Fees,573.38,"21,439.93"
,109 Summit Checking 5809,03/23/2023,Deposit,,Credit Card,,Fees,865.20,"22,305.13"
,109 Summit Checking 5809,03/23/2023,Deposit,,Checks,,Fees,24.00,"22,329.13"
,109 Summit Checking 5809,03/24/2023,Deposit,,Credit Card,,Fees,477.06,"22,806.19"
,109 Summit Checking 5809,03/27/2023,Deposit,,Checks,,Fees,891.97,"23,698.16"
,109 Summit Checking 5809,03/27/2023,Deposit,,Credit Card,,Fees,36.70,"23,734.86"
,109 Summit Checking 5809,03/27/2023,Expense,,Transfer,,Summit Bank MM 5906,-500.00,"23,234.86"
,109 Summit Checking 5809,03/28/2023,Expense,,Matrix Trust Co,,Retirement Deferrals Payable,"-1,040.26","22,194.60"
,109 Summit Checking 5809,03/28/2023,Deposit,,Credit Card,,Fees,244.60,"22,439.20"
,109 Summit Checking 5809,03/29/2023,Deposit,,Checks,,Fees,"3,207.71","25,646.91"
,109 Summit Checking 5809,03/29/2023,Deposit,,Credit Card,,Fees,566.20,"26,213.11"
,109 Summit Checking 5809,03/30/2023,Deposit,,Credit Card,,Fees,40.00,"26,253.11"
,109 Summit Checking 5809,03/31/2023,Deposit,,Credit Card,,Fees,434.00,"26,687.11"
,109 Summit Checking 5809,03/31/2023,Deposit,,Interest Earned,,Interest Income,15.20,"26,702.31"
,109 Summit Checking 5809,04/03/2023,Expense,,Transfer,,Summit Bank MM 5906,-500.00,"26,202.31"
,109 Summit Checking 5809,04/03/2023,Expense,,Transfer,,Rent,"-4,000.00","22,202.31"
,109 Summit Checking 5809,04/03/2023,Expense,,Merchant Solutions Billing,,Credit Card Fees,-293.99,"21,908.32"
,109 Summit Checking 5809,04/04/2023,Deposit,,Credit Card,,Fees,642.45,"22,550.77"
,109 Summit Checking 5809,04/05/2023,Expense,,Matrix Trust Co,,Retirement Withdrawals,"-10,000.00","12,550.77"
,109 Summit Checking 5809,04/05/2023,Deposit,,Checks,,Fees,"2,704.01","15,254.78"
,109 Summit Checking 5809,04/05/2023,Deposit,,Checks,,Fees,"2,591.92","17,846.70"
,109 Summit Checking 5809,04/05/2023,Deposit,,Credit Card,,Fees,707.00,"18,553.70"
,109 Summit Checking 5809,04/05/2023,Expense,,Summit Bank,,,"-9,049.16","9,504.54"
,109 Summit Checking 5809,04/05/2023,Expense,,Johnson Properties LLC,,Rent,"-8,500.00","1,004.54"
,109 Summit Checking 5809,04/05/2023,Expense,,Transfer,,Summit Bank MM 5906,"10,000.00","11,004.54"
,109 Summit Checking 5809,04/06/2023,Deposit,,Credit Card,,Fees,192.00,"11,196.54"
,109 Summit Checking 5809,04/07/2023,Deposit,,Credit Card,,Fees,355.70,"11,552.24"
,109 Summit Checking 5809,04/10/2023,Expense,,Transfer,,Summit Bank MM 5906,-500.00,"11,052.24"
,109 Summit Checking 5809,04/11/2023,Deposit,,Checks,,Fees,"11,261.80","22,314.04"
,109 Summit Checking 5809,04/11/2023,Deposit,,Credit Card,,Fees,574.90,"22,888.94"
,109 Summit Checking 5809,04/12/2023,Deposit,,Credit Card,,Fees,89.80,"22,978.74"
,109 Summit Checking 5809,04/13/2023,Expense,,Matrix Trust Co,,Retirement Deferrals Payable,-952.85,"22,025.89"
,109 Summit Checking 5809,04/13/2023,Deposit,,Credit Card,,Fees,185.20,"22,211.09"
,109 Summit Checking 5809,04/14/2023,Deposit,,American Express,,Fees,496.07,"22,707.16"
,109 Summit Checking 5809,04/14/2023,Deposit,,Credit Card,,Fees,663.40,"23,370.56"
,109 Summit Checking 5809,04/17/2023,Expense,,Transfer,,Summit Bank MM 5906,-500.00,"22,870.56"
,109 Summit Checking 5809,04/18/2023,Deposit,,Checks,,Fees,"2,632.86","25,503.42"
,109 Summit Checking 5809,04/18/2023,Deposit,,Credit Card,,Fees,449.68,"25,953.10"
,109 Summit Checking 5809,04/19/2023,Deposit,,Credit Card,,Fees,619.00,"26,572.10"
,109 Summit Checking 5809,04/19/2023,Deposit,,Credit Card,,Fees,336.68,"26,908.78"
,109 Summit Checking 5809,04/20/2023,Deposit,,Checks,,Fees,"1,139.57","28,048.35"
,109 Summit Checking 5809,04/20/2023,Deposit,,Credit Card,,Fees,351.60,"28,399.95"
,109 Summit Checking 5809,04/24/2023,Expense,,Transfer,,Summit Bank MM 5906,-500.00,"27,899.95"
,109 Summit Checking 5809,04/25/2023,Deposit,,Checks,,Fees,"4,818.80","32,718.75"
,109 Summit Checking 5809,04/25/2023,Deposit,,Credit Card,,Fees,671.40,"33,390.15"
,109 Summit Checking 5809,04/26/2023,Deposit,,Checks,,Fees,"5,187.78","38,577.93"
,109 Summit Checking 5809,04/26/2023,Deposit,,Credit Card,,Fees,170.80,"38,748.73"
,109 Summit Checking 5809,04/27/2023,Deposit,,Credit Card,,Fees,"1,006.40","39,755.13"
,109 Summit Checking 5809,04/28/2023,Deposit,,Credit Card,,Fees,700.00,"40,455.13"
,109 Summit Checking 5809,04/28/2023,Deposit,,Credit Card,,Fees,481.15,"40,936.28"
,109 Summit Checking 5809,04/28/2023,Deposit,,Interest Earned,,Interest Income,13.85,"40,950.13"
,109 Summit Checking 5809,05/01/2023,Expense,,Matrix Trust Co,,Retirement Deferrals Payable,-897.12,"40,053.01"
,109 Summit Checking 5809,05/01/2023,Expense,,Transfer,,Summit Bank MM 5906,-500.00,"39,553.01"
,109 Summit Checking 5809,05/02/2023,Deposit,,American Express,,Fees,262.40,"39,815.41"
,109 Summit Checking 5809,05/02/2023,Deposit,,Checks,,Fees,"5,115.60","44,931.01"
,109 Summit Checking 5809,05/02/2023,Deposit,,Credit Card,,Fees,804.00,"45,735.01"
,109 Summit Checking 5809,05/02/2023,Deposit,,Credit Card,,Fees,325.60,"46,060.61"
,109 Summit Checking 5809,05/03/2023,Deposit,,Credit Card,,Fees,799.40,"46,860.01"
,109 Summit Checking 5809,05/03/2023,Expense,,Johnson Properties LLC,,Rent,"-4,000.00","42,860.01"
,109 Summit Checking 5809,05/04/2023,Deposit,,Credit Card,,Fees,"1,183.20","44,043.21"
,109 Summit Checking 5809,05/04/2023,Deposit,,American Express,,Fees,222.00,"44,265.21"
,109 Summit Checking 5809,05/04/2023,Expense,,Merchant Solutions Billing,,Credit Card Fees,-267.22,"43,997.99"
,109 Summit Checking 5809,05/05/2023,Deposit,,Checks,,Fees,925.12,"44,923.11"
,109 Summit Checking 5809,05/05/2023,Deposit,,Credit Card,,Fees,497.90,"45,421.01"
,109 Summit Checking 5809,05/05/2023,Expense,,Summit Bank,,,"-9,049.16","36,371.85"
,109 Summit Checking 5809,05/05/2023,Expense,,Johnson Properties LLC,,Rent,"-8,500.00","27,871.85"
,109 Summit Checking 5809,05/08/2023,Deposit,,Credit Card,,Fees,70.00,"27,941.85"
,109 Summit Checking 5809,05/08/2023,Expense,,Matrix Trust Co,,Retirement Withdrawals,"-10,000.00","17,941.85"
,109 Summit Checking 5809,05/08/2023,Expense,,Transfer,,Summit Bank MM 5906,-500.00,"17,441.85"
,109 Summit Checking 5809,05/09/2023,Deposit,,Checks,,Fees,"4,694.03","22,135.88"
,109 Summit Checking 5809,05/09/2023,Deposit,,Credit Card,,Fees,742.00,"22,877.88"
,109 Summit Checking 5809,05/09/2023,Deposit,,Credit Card,,Fees,121.60,"22,999.48"
,109 Summit Checking 5809,05/10/2023,Deposit,,Credit Card,,Fees,"1,148.80","24,148.28"
,109 Summit Checking 5809,05/12/2023,Deposit,,Credit Card,,Fees,"1,707.80","25,856.08"
,109 Summit Checking 5809,05/12/2023,Deposit,,Credit Card,,Fees,"1,000.00","26,856.08"
,109 Summit Checking 5809,05/15/2023,Expense,,Matrix Trust Co,,Retirement Deferrals Payable,-828.19,"26,027.89"
,109 Summit Checking 5809,05/15/2023,Expense,,Transfer,,Summit Bank MM 5906,-500.00,"25,527.89"
,109 Summit Checking 5809,05/16/2023,Deposit,,Checks,,Fees,"6,559.81","32,087.70"
,109 Summit Checking 5809,05/16/2023,Deposit,,Credit Card,,Fees,619.00,"32,706.70"
,109 Summit Checking 5809,05/16/2023,Deposit,,Credit Card,,Fees,558.00,"33,264.70"
,109 Summit Checking 5809,05/17/2023,Deposit,,Credit Card,,Fees,295.20,"33,559.90"
,109 Summit Checking 5809,05/17/2023,Deposit,,American Express,,Fees,222.40,"33,782.30"
,109 Summit Checking 5809,05/18/2023,Deposit,,Checks,,Fees,"2,157.91","35,940.21"
,109 Summit Checking 5809,05/18/2023,Deposit,,Credit Card,,Fees,849.80,"36,790.01"
,109 Summit Checking 5809,05/19/2023,Deposit,,Credit Card,,Fees,336.18,"37,126.19"
,109 Summit Checking 5809,05/22/2023,Deposit,,Transfer,,Summit Bank MM 5906,-500.00,"36,626.19"
,109 Summit Checking 5809,05/23/2023,Deposit,,Credit Card,,Fees,"1,420.39","38,046.58"
,109 Summit Checking 5809,05/23/2023,Deposit,,American Express,,Fees,500.00,"38,546.58"
,109 Summit Checking 5809,05/24/2023,Deposit,,Checks,,Fees,"3,841.49","42,388.07"
,109 Summit Checking 5809,05/24/2023,Deposit,,Credit Card,,Fees,371.90,"42,759.97"
,109 Summit Checking 5809,05/25/2023,Deposit,,Credit Card,,Fees,"1,013.61","43,773.58"
,109 Summit Checking 5809,05/30/2023,Deposit,,Transfer,,Summit Bank MM 5906,-500.00,"43,273.58"
,109 Summit Checking 5809,05/31/2023,Deposit,,Checks,,Fees,"3,723.65","46,997.23"
,109 Summit Checking 5809,05/31/2023,Deposit,,Credit Card,,Fees,870.00,"47,867.23"
,109 Summit Checking 5809,05/31/2023,Expense,,Matrix Trust Co,,Retirement Deferrals Payable,-699.92,"47,167.31"
,109 Summit Checking 5809,05/31/2023,Deposit,,Interest Earned,,Interest Income,24.16,"47,191.47"
,109 Summit Checking 5809,06/01/2023,Deposit,,American Express,,Fees,400.00,"47,591.47"
,109 Summit Checking 5809,06/01/2023,Deposit,,Credit Card,,Fees,245.40,"47,836.87"
,109 Summit Checking 5809,06/01/2023,Deposit,,Credit Card,,Fees,910.00,"48,746.87"
,109 Summit Checking 5809,06/01/2023,Deposit,,Checks,,Fees,"1,475.64","50,222.51"
,109 Summit Checking 5809,06/02/2023,Deposit,,Credit Card,,Fees,148.00,"50,370.51"
,109 Summit Checking 5809,06/05/2023,Deposit,,Transfer,,Summit Bank MM 5906,-500.00,"49,870.51"
,109 Summit Checking 5809,06/05/2023,Deposit,,Credit Card,,Fees,"1,071.25","50,941.76"
,109 Summit Checking 5809,06/05/2023,Expense,,Johnson Properties LLC,,Rent,"-8,500.00","42,441.76"
,109 Summit Checking 5809,06/05/2023,Expense,,Merchant Solutions Billing,,Credit Card Fees,-462.84,"41,978.92"
,109 Summit Checking 5809,06/05/2023,Expense,,Johnson Properties LLC,,Rent,"-4,000.00","37,978.92"
,109 Summit Checking 5809,06/05/2023,Expense,,Summit Bank,,,"-9,049.16","28,929.76"
,109 Summit Checking 5809,06/06/2023,Deposit,,Checks,,Fees,"2,559.82","31,489.58"
,109 Summit Checking 5809,06/06/2023,Deposit,,Credit Card,,Fees,"4,363.98","35,853.56"
,109 Summit Checking 5809,06/07/2023,Expense,,Matrix Trust Co,,Retirement Withdrawals,"-10,000.00","25,853.56"
,109 Summit Checking 5809,06/07/2023,Deposit,,Credit Card,,Fees,491.24,"26,344.80"
,109 Summit Checking 5809,06/07/2023,Deposit,,Wealthfront,,Office Supplies,0.23,"26,345.03"
,109 Summit Checking 5809,06/07/2023,Deposit,,Wealthfront,,Office Supplies,0.37,"26,345.40"
,109 Summit Checking 5809,06/07/2023,Expense,,Wealthfront,,Office Supplies,-0.60,"26,344.80"
,109 Summit Checking 5809,06/08/2023,Deposit,,American Express,,Fees,360.00,"26,704.80"
,109 Summit Checking 5809,06/08/2023,Deposit,,Credit Card,,Fees,300.80,"27,005.60"
,109 Summit Checking 5809,06/08/2023,Deposit,,Checks,,Fees,38.08,"27,043.68"
,109 Summit Checking 5809,06/09/2023,Deposit,,Credit Card,,Fees,133.20,"27,176.88"
,109 Summit Checking 5809,06/12/2023,Deposit,,Transfer,,Summit Bank MM 5906,-500.00,"26,676.88"
,109 Summit Checking 5809,06/13/2023,Deposit,,American Express,,Fees,86.80,"26,763.68"
,109 Summit Checking 5809,06/13/2023,Deposit,,Credit Card,,Fees,"1,258.79","28,022.47"
,109 Summit Checking 5809,06/13/2023,Expense,,Merchant Solutions Billing,,Credit Card Fees,-49.62,"27,972.85"
,109 Summit Checking 5809,06/14/2023,Expense,,Matrix Trust Co,,Retirement Deferrals Payable,-734.82,"27,238.03"
,109 Summit Checking 5809,06/14/2023,Deposit,,Credit Card,,Fees,193.23,"27,431.26"
,109 Summit Checking 5809,06/14/2023,Deposit,,Checks,,Fees,"4,262.36","31,693.62"
,109 Summit Checking 5809,06/15/2023,Deposit,,Credit Card,,Fees,452.40,"32,146.02"
,109 Summit Checking 5809,06/16/2023,Deposit,,Credit Card,,Fees,986.74,"33,132.76"
,109 Summit Checking 5809,06/20/2023,Expense,,Transfer,,Summit Bank MM 5906,-500.00,"32,632.76"
,109 Summit Checking 5809,06/21/2023,Deposit,,Credit Card,,Fees,550.68,"33,183.44"
,109 Summit Checking 5809,06/21/2023,Deposit,,Credit Card,,Fees,948.00,"34,131.44"
,109 Summit Checking 5809,06/22/2023,Deposit,,Credit Card,,Fees,150.60,"34,282.04"
,109 Summit Checking 5809,06/22/2023,Deposit,,Checks,,Fees,"7,313.48","41,595.52"
,109 Summit Checking 5809,06/23/2023,Deposit,,Credit Card,,Fees,923.70,"42,519.22"
,109 Summit Checking 5809,06/26/2023,Expense,,Transfer,,Summit Bank MM 5906,-500.00,"42,019.22"
,109 Summit Checking 5809,06/27/2023,Deposit,,Credit Card,,Fees,"1,434.10","43,453.32"
,109 Summit Checking 5809,06/28/2023,Expense,,Matrix Trust Co,,Retirement Deferrals Payable,-735.16,"42,718.16"
,109 Summit Checking 5809,06/28/2023,Deposit,,Credit Card,,Fees,520.54,"43,238.70"
,109 Summit Checking 5809,06/29/2023,Deposit,,Checks,,Fees,"3,180.22","46,418.92"
,109 Summit Checking 5809,06/29/2023,Deposit,,Credit Card,,Fees,961.20,"47,380.12"
,109 Summit Checking 5809,06/29/2023,Deposit,,American Express,,Fees,100.00,"47,480.12"
,109 Summit Checking 5809,06/30/2023,Deposit,,Credit Card,,Fees,316.50,"47,796.62"
,109 Summit Checking 5809,06/30/2023,Deposit,,Interest Earned,,Interest Income,22.86,"47,819.48"
,109 Summit Checking 5809,07/03/2023,Expense,,Transfer,,Summit Bank MM 5906,-500.00,"47,319.48"
,109 Summit Checking 5809,07/03/2023,Expense,,Johnson Properties LLC,,Rent,"-4,000.00","43,319.48"
,109 Summit Checking 5809,07/05/2023,Expense,,Johnson Properties LLC,,Rent,"-8,500.00","34,819.48"
,109 Summit Checking 5809,07/05/2023,Expense,,Summit Bank,,,"-9,049.16","25,770.32"
,109 Summit Checking 5809,07/06/2023,Deposit,,Credit Card,,Fees,"1,039.00","26,809.32"
,109 Summit Checking 5809,07/06/2023,Expense,,Merchant Solutions Billing,,Credit Card Fees,-470.82,"26,338.50"
,109 Summit Checking 5809,07/06/2023,Deposit,,Credit Card,,Fees,"1,229.60","27,568.10"
,109 Summit Checking 5809,07/07/2023,Expense,,Matrix Trust Co,,Retirement Withdrawals,"-10,000.00","17,568.10"
,109 Summit Checking 5809,07/07/2023,Deposit,,Credit Card,,Fees,"1,111.75","18,679.85"
,109 Summit Checking 5809,07/10/2023,Expense,,Transfer,,Summit Bank MM 5906,-500.00,"18,179.85"
,109 Summit Checking 5809,07/11/2023,Deposit,,Checks,,Fees,"7,512.19","25,692.04"
,109 Summit Checking 5809,07/11/2023,Deposit,,Credit Card,,Fees,384.48,"26,076.52"
,109 Summit Checking 5809,07/12/2023,Deposit,,Credit Card,,Fees,"1,499.40","27,575.92"
,109 Summit Checking 5809,07/13/2023,Expense,,Matrix Trust Co,,Retirement Deferrals Payable,-736.84,"26,839.08"
,109 Summit Checking 5809,07/13/2023,Deposit,,Credit Card,,Fees,"1,279.40","28,118.48"
,109 Summit Checking 5809,07/13/2023,Expense,,Merchant Solutions Billing,,Credit Card Fees,-49.62,"28,068.86"
,109 Summit Checking 5809,07/14/2023,Deposit,,Credit Card,,Fees,785.81,"28,854.67"
,109 Summit Checking 5809,07/14/2023,Deposit,,Credit Card,,Fees,800.00,"29,654.67"
,109 Summit Checking 5809,07/17/2023,Expense,,Transfer,,Summit Bank MM 5906,-500.00,"29,154.67"
,109 Summit Checking 5809,07/17/2023,Deposit,,Credit Card,,Fees,"1,300.00","30,454.67"
,109 Summit Checking 5809,07/17/2023,Deposit,,Credit Card,,Fees,739.80,"31,194.47"
,109 Summit Checking 5809,07/18/2023,Deposit,,American Express,,Fees,106.00,"31,300.47"
,109 Summit Checking 5809,07/18/2023,Deposit,,Credit Card,,Fees,498.50,"31,798.97"
,109 Summit Checking 5809,07/18/2023,Deposit,,Checks,,Fees,"6,000.80","37,799.77"
,109 Summit Checking 5809,07/19/2023,Deposit,,Credit Card,,Fees,948.00,"38,747.77"
,109 Summit Checking 5809,07/19/2023,Deposit,,Credit Card,,Fees,339.40,"39,087.17"
,109 Summit Checking 5809,07/20/2023,Deposit,,Checks,,Fees,"1,772.82","40,859.99"
,109 Summit Checking 5809,07/20/2023,Deposit,,Credit Card,,Fees,63.20,"40,923.19"
,109 Summit Checking 5809,07/21/2023,Deposit,,Credit Card,,Fees,943.66,"41,866.85"
,109 Summit Checking 5809,07/24/2023,Deposit,,Transfer,,Summit Bank MM 5906,-500.00,"41,366.85"
,109 Summit Checking 5809,07/25/2023,Deposit,,Checks,,Fees,"3,291.70","44,658.55"
,109 Summit Checking 5809,07/25/2023,Deposit,,Credit Card,,Fees,125.80,"44,784.35"
,109 Summit Checking 5809,07/26/2023,Deposit,,Credit Card,,Fees,985.55,"45,769.90"
,109 Summit Checking 5809,07/27/2023,Deposit,,Credit Card,,Fees,686.20,"46,456.10"
,109 Summit Checking 5809,07/28/2023,Deposit,,Credit Card,,Fees,"1,015.60","47,471.70"
,109 Summit Checking 5809,07/28/2023,Deposit,,Credit Card,,Fees,"1,300.00","48,771.70"
,109 Summit Checking 5809,07/31/2023,Deposit,,Transfer,,Summit Bank MM 5906,-500.00,"48,271.70"
,109 Summit Checking 5809,07/31/2023,Expense,,Matrix Trust Co,,Retirement Deferrals Payable,-833.08,"47,438.62"
,109 Summit Checking 5809,07/31/2023,Deposit,,Interest Earned,,Interest Income,23.17,"47,461.79"
,109 Summit Checking 5809,08/01/2023,Deposit,,Checks,,Fees,"3,215.53","50,677.32"
,109 Summit Checking 5809,08/01/2023,Deposit,,Credit Card,,Fees,"1,392.60","52,069.92"
,109 Summit Checking 5809,08/02/2023,Deposit,,Credit Card,,Fees,375.30,"52,445.22"
,109 Summit Checking 5809,08/02/2023,Deposit,,Credit Card,,Fees,500.00,"52,945.22"
,109 Summit Checking 5809,08/02/2023,Deposit,,Credit Card,,Fees,839.00,"53,784.22"
,109 Summit Checking 5809,08/03/2023,Expense,,Merchant Solutions Billing,,Credit Card Fees,-530.10,"53,254.12"
,109 Summit Checking 5809,08/03/2023,Deposit,,Credit Card,,Fees,915.40,"54,169.52"
,109 Summit Checking 5809,08/03/2023,Deposit,,Checks,,Fees,"1,687.81","55,857.33"
,109 Summit Checking 5809,08/03/2023,Expense,,Johnson Properties LLC,,Rent,"-4,000.00","51,857.33"
,109 Summit Checking 5809,08/04/2023,Deposit,,Credit Card,,Fees,68.10,"51,925.43"
,109 Summit Checking 5809,08/07/2023,Expense,,Johnson Properties LLC,,Rent,"-8,500.00","43,425.43"
,109 Summit Checking 5809,08/07/2023,Deposit,,Transfer,,Summit Bank MM 5906,-500.00,"42,925.43"
,109 Summit Checking 5809,08/07/2023,Expense,,Summit Bank,,,"-7,049.16","35,876.27"
,109 Summit Checking 5809,08/08/2023,Deposit,,Credit Card,,Fees,"1,432.50","37,308.77"
,109 Summit Checking 5809,08/08/2023,Deposit,,Checks,,Fees,"2,737.00","40,045.77"
,109 Summit Checking 5809,08/08/2023,Expense,,Matrix Trust Co,,Retirement Withdrawals,"-10,000.00","30,045.77"
,109 Summit Checking 5809,08/09/2023,Deposit,,Credit Card,,Fees,326.40,"30,372.17"
,109 Summit Checking 5809,08/10/2023,Deposit,,American Express,,Fees,679.00,"31,051.17"
,109 Summit Checking 5809,08/10/2023,Deposit,,Checks,,Fees,281.00,"31,332.17"
,109 Summit Checking 5809,08/10/2023,Deposit,,Credit Card,,Fees,546.08,"31,878.25"
,109 Summit Checking 5809,08/10/2023,Expense,,Merchant Solutions Billing,,Credit Card Fees,-49.62,"31,828.63"
,109 Summit Checking 5809,08/11/2023,Deposit,,Credit Card,,Fees,457.80,"32,286.43"
,109 Summit Checking 5809,08/11/2023,Deposit,,Credit Card,,Fees,"1,100.00","33,386.43"
,109 Summit Checking 5809,08/14/2023,Expense,,Matrix Trust Co,,Retirement Deferrals Payable,-755.24,"32,631.19"
,109 Summit Checking 5809,08/14/2023,Deposit,,Transfer,,Summit Bank MM 5906,-500.00,"32,131.19"
,109 Summit Checking 5809,08/15/2023,Deposit,,Credit Card,,Fees,"1,874.10","34,005.29"
,109 Summit Checking 5809,08/15/2023,Deposit,,Checks,,Fees,"6,212.80","40,218.09"
,109 Summit Checking 5809,08/16/2023,Deposit,,Credit Card,,Fees,"1,245.00","41,463.09"
,109 Summit Checking 5809,08/16/2023,Deposit,,Credit Card,,Fees,"1,000.00","42,463.09"
,109 Summit Checking 5809,08/16/2023,Deposit,,Credit Card,,Fees,510.20,"42,973.29"
,109 Summit Checking 5809,08/17/2023,Deposit,,Credit Card,,Fees,"1,350.83","44,324.12"
,109 Summit Checking 5809,08/17/2023,Deposit,,Checks,,Fees,462.92,"44,787.04"
,109 Summit Checking 5809,08/18/2023,Deposit,,Credit Card,,Fees,665.20,"45,452.24"
,109 Summit Checking 5809,08/18/2023,Deposit,,Credit Card,,Fees,300.00,"45,752.24"
,109 Summit Checking 5809,08/21/2023,Deposit,,Transfer,,Summit Bank MM 5906,-500.00,"45,252.24"
,109 Summit Checking 5809,08/22/2023,Deposit,,Checks,,Fees,"2,715.01","47,967.25"
,109 Summit Checking 5809,08/22/2023,Deposit,,Credit Card,,Fees,102.00,"48,069.25"
,109 Summit Checking 5809,08/23/2023,Deposit,,Credit Card,,Fees,"1,158.80","49,228.05"
,109 Summit Checking 5809,08/23/2023,Deposit,,Credit Card,,Fees,"3,200.00","52,428.05"
,109 Summit Checking 5809,08/24/2023,Deposit,,Credit Card,,Fees,176.40,"52,604.45"
,109 Summit Checking 5809,08/24/2023,Deposit,,Checks,,Fees,"2,590.25","55,194.70"
,109 Summit Checking 5809,08/25/2023,Deposit,,Credit Card,,Fees,316.20,"55,510.90"
,109 Summit Checking 5809,08/28/2023,Deposit,,Transfer,,Summit Bank MM 5906,-500.00,"55,010.90"
,109 Summit Checking 5809,08/29/2023,Deposit,,Checks,,Fees,"3,190.85","58,201.75"
,109 Summit Checking 5809,08/29/2023,Deposit,,Credit Card,,Fees,93.00,"58,294.75"
,109 Summit Checking 5809,08/30/2023,Deposit,,Credit Card,,Fees,124.45,"58,419.20"
,109 Summit Checking 5809,08/31/2023,Expense,,Matrix Trust Co,,Retirement Deferrals Payable,-644.85,"57,774.35"
,109 Summit Checking 5809,08/31/2023,Deposit,,Credit Card,,Fees,407.20,"58,181.55"
,109 Summit Checking 5809,08/31/2023,Deposit,,Interest Earned,,Interest Income,29.58,"58,211.13"
,109 Summit Checking 5809,08/31/2023,Deposit,,Checks,,Fees,"2,650.25","60,861.38"
,109 Summit Checking 5809,09/01/2023,Deposit,,Credit Card,,Fees,"4,000.00","64,861.38"
,109 Summit Checking 5809,09/01/2023,Deposit,,Credit Card,,Fees,"1,003.00","65,864.38"
,109 Summit Checking 5809,09/05/2023,Deposit,,Transfer,,Summit Bank MM 5906,-500.00,"65,364.38"
,109 Summit Checking 5809,09/05/2023,Expense,,Merchant Solutions Billing,,Credit Card Fees,-564.33,"64,800.05"
,109 Summit Checking 5809,09/05/2023,Expense,,Johnson Properties LLC,,Rent,"-8,500.00","56,300.05"
,109 Summit Checking 5809,09/05/2023,Expense,,Summit Bank,,,"-7,049.16","49,250.89"
,109 Summit Checking 5809,09/05/2023,Expense,,Johnson Properties LLC,,Rent,"-4,000.00","45,250.89"
,109 Summit Checking 5809,09/06/2023,Deposit,,American Express,,Fees,111.00,"45,361.89"
,109 Summit Checking 5809,09/06/2023,Deposit,,Credit Card,,Fees,193.00,"45,554.89"
,109 Summit Checking 5809,09/06/2023,Deposit,,Checks,,Fees,"6,553.65","52,108.54"
,109 Summit Checking 5809,09/07/2023,Expense,,Matrix Trust Co,,Retirement Withdrawals,"-10,000.00","42,108.54"
,109 Summit Checking 5809,09/07/2023,Deposit,,Credit Card,,Fees,207.81,"42,316.35"
,109 Summit Checking 5809,09/08/2023,Deposit,,Credit Card,,Fees,801.84,"43,118.19"
,109 Summit Checking 5809,09/11/2023,Expense,,Transfer,,Summit Bank MM 5906,-500.00,"42,618.19"
,109 Summit Checking 5809,09/12/2023,Deposit,,Credit Card,,Fees,63.40,"42,681.59"
,109 Summit Checking 5809,09/13/2023,Expense,,Matrix Trust Co,,Retirement Deferrals Payable,-636.89,"42,044.70"
,109 Summit Checking 5809,09/13/2023,Deposit,,Checks,,Fees,"2,498.95","44,543.65"
,109 Summit Checking 5809,09/13/2023,Deposit,,Credit Card,,Fees,70.00,"44,613.65"
,109 Summit Checking 5809,09/14/2023,Deposit,,Credit Card,,Fees,74.00,"44,687.65"
,109 Summit Checking 5809,09/15/2023,Deposit,,Credit Card,,Fees,357.16,"45,044.81"
,109 Summit Checking 5809,09/18/2023,Expense,,Transfer,,Summit Bank MM 5906,-500.00,"44,544.81"
,109 Summit Checking 5809,09/19/2023,Deposit,,Checks,,Fees,"3,266.23","47,811.04"
,109 Summit Checking 5809,09/20/2023,Deposit,,Credit Card,,Fees,116.00,"47,927.04"
,109 Summit Checking 5809,09/21/2023,Deposit,,Checks,,Fees,226.96,"48,154.00"
,109 Summit Checking 5809,09/21/2023,Deposit,,Credit Card,,Fees,42.00,"48,196.00"
,109 Summit Checking 5809,09/21/2023,Deposit,,Credit Card,,Fees,"1,272.00","49,468.00"
,109 Summit Checking 5809,09/22/2023,Deposit,,Credit Card,,Fees,523.00,"49,991.00"
,109 Summit Checking 5809,09/25/2023,Expense,,Transfer,,Summit Bank MM 5906,-500.00,"49,491.00"
,109 Summit Checking 5809,09/25/2023,Deposit,,Checks,,Fees,"3,739.13","53,230.13"
,109 Summit Checking 5809,09/26/2023,Deposit,,Credit Card,,Fees,565.00,"53,795.13"
,109 Summit Checking 5809,09/27/2023,Deposit,,Credit Card,,Fees,31.00,"53,826.13"
,109 Summit Checking 5809,09/28/2023,Expense,,Matrix Trust Co,,Retirement Deferrals Payable,-702.06,"53,124.07"
,109 Summit Checking 5809,09/29/2023,Deposit,,Interest Earned,,Interest Income,29.78,"53,153.85"
,109 Summit Checking 5809,10/02/2023,Expense,,Transfer,,Summit Bank MM 5906,-500.00,"52,653.85"
,109 Summit Checking 5809,10/03/2023,Expense,,Johnson Properties LLC,,Rent,"-4,000.00","48,653.85"
,109 Summit Checking 5809,10/03/2023,Expense,,Merchant Solutions Billing,,Credit Card Fees,-416.47,"48,237.38"
,109 Summit Checking 5809,10/03/2023,Deposit,,Credit Card,,Fees,301.15,"48,538.53"
,109 Summit Checking 5809,10/04/2023,Deposit,,Credit Card,,Fees,280.00,"48,818.53"
,109 Summit Checking 5809,10/04/2023,Deposit,,Checks,,Fees,"4,687.46","53,505.99"
,109 Summit Checking 5809,10/05/2023,Deposit,,Credit Card,,Fees,223.00,"53,728.99"
,109 Summit Checking 5809,10/05/2023,Deposit,,Credit Card,,Fees,"1,469.00","55,197.99"
,109 Summit Checking 5809,10/05/2023,Expense,,Summit Bank,,,"-7,049.16","48,148.83"
,109 Summit Checking 5809,10/05/2023,Expense,,Johnson Properties LLC,,Rent,"-8,500.00","39,648.83"
,109 Summit Checking 5809,10/05/2023,Deposit,,Credit Card,,Fees,"1,285.54","40,934.37"
,109 Summit Checking 5809,10/05/2023,Expense,,Matrix Trust Co,,Retirement Withdrawals,"-10,000.00","30,934.37"
,109 Summit Checking 5809,10/06/2023,Deposit,,Checks,,Fees,363.00,"31,297.37"
,109 Summit Checking 5809,10/06/2023,Deposit,,Credit Card,,Fees,209.60,"31,506.97"
,109 Summit Checking 5809,10/10/2023,Expense,,Transfer,,Summit Bank MM 5906,-500.00,"31,006.97"
,109 Summit Checking 5809,10/10/2023,Deposit,,Credit Card,,Fees,108.40,"31,115.37"
,109 Summit Checking 5809,10/10/2023,Deposit,,Credit Card,,Fees,682.70,"31,798.07"
,109 Summit Checking 5809,10/10/2023,Expense,,moneyline,,Withdrawals,"-2,000.00","29,798.07"
,109 Summit Checking 5809,10/11/2023,Deposit,,Credit Card,,Fees,"1,019.92","30,817.99"
,109 Summit Checking 5809,10/11/2023,Deposit,,Credit Card,,Fees,800.00,"31,617.99"
,109 Summit Checking 5809,10/12/2023,Deposit,,Credit Card,,Fees,257.25,"31,875.24"
,109 Summit Checking 5809,10/13/2023,Deposit,,Credit Card,,Fees,312.20,"32,187.44"
,109 Summit Checking 5809,10/13/2023,Expense,,Matrix Trust Co,,Retirement Deferrals Payable,-740.13,"31,447.31"
,109 Summit Checking 5809,10/16/2023,Expense,,Transfer,,Summit Bank MM 5906,-500.00,"30,947.31"
,109 Summit Checking 5809,10/17/2023,Deposit,,Credit Card,,Fees,"1,245.00","32,192.31"
,109 Summit Checking 5809,10/17/2023,Deposit,,Credit Card,,Fees,804.60,"32,996.91"
,109 Summit Checking 5809,10/18/2023,Deposit,,,,Fees,328.00,"33,324.91"
,109 Summit Checking 5809,10/18/2023,Deposit,,Credit Card,,Fees,407.00,"33,731.91"
,109 Summit Checking 5809,10/18/2023,Deposit,,Checks,,Fees,"6,347.75","40,079.66"
,109 Summit Checking 5809,10/19/2023,Deposit,,Credit Card,,Fees,"1,291.24","41,370.90"
,109 Summit Checking 5809,10/19/2023,Deposit,,Checks,,Fees,87.50,"41,458.40"
,109 Summit Checking 5809,10/20/2023,Deposit,,Credit Card,,Fees,349.80,"41,808.20"
,109 Summit Checking 5809,10/23/2023,Deposit,,Transfer,,Summit Bank MM 5906,-500.00,"41,308.20"
,109 Summit Checking 5809,10/24/2023,Deposit,,Checks,,Fees,"2,434.90","43,743.10"
,109 Summit Checking 5809,10/24/2023,Deposit,,Credit Card,,Fees,628.88,"44,371.98"
,109 Summit Checking 5809,10/25/2023,Deposit,,Credit Card,,Fees,475.00,"44,846.98"
,109 Summit Checking 5809,10/26/2023,Deposit,,Credit Card,,Fees,665.56,"45,512.54"
,109 Summit Checking 5809,10/27/2023,Deposit,,Credit Card,,Fees,138.00,"45,650.54"
,109 Summit Checking 5809,10/30/2023,Expense,,Matrix Trust Co,,Retirement Deferrals Payable,-696.85,"44,953.69"
,109 Summit Checking 5809,10/30/2023,Deposit,,Transfer,,Summit Bank MM 5906,-500.00,"44,453.69"
,109 Summit Checking 5809,10/31/2023,Deposit,,Checks,,Fees,"4,493.68","48,947.37"
,109 Summit Checking 5809,10/31/2023,Deposit,,Credit Card,,Fees,108.00,"49,055.37"
,109 Summit Checking 5809,10/31/2023,Deposit,,Interest Earned,,Interest Income,26.37,"49,081.74"
,109 Summit Checking 5809,11/01/2023,Deposit,,Credit Card,,Fees,250.00,"49,331.74"
,109 Summit Checking 5809,11/01/2023,Deposit,,Credit Card,,Fees,"1,029.00","50,360.74"
,109 Summit Checking 5809,11/02/2023,Expense,,Merchant Solutions Billing,,Credit Card Fees,-428.62,"49,932.12"
,109 Summit Checking 5809,11/02/2023,Deposit,,Credit Card,,Fees,544.86,"50,476.98"
,109 Summit Checking 5809,11/02/2023,Expense,,Washington State Department of Revenue,,Real Property Tax,"-9,331.06","41,145.92"
,109 Summit Checking 5809,11/03/2023,Deposit,,Credit Card,,Fees,"1,504.44","42,650.36"
,109 Summit Checking 5809,11/03/2023,Expense,,Johnson Properties LLC,,Rent,"-4,000.00","38,650.36"
,109 Summit Checking 5809,11/06/2023,Expense,,Johnson Properties LLC,,Rent,"-8,500.00","30,150.36"
,109 Summit Checking 5809,11/06/2023,Expense,,Summit Bank,,,"-7,049.16","23,101.20"
,109 Summit Checking 5809,11/06/2023,Deposit,,Transfer,Recurring Savings,Summit Bank MM 5906,-500.00,"22,601.20"
,109 Summit Checking 5809,11/07/2023,Deposit,,Credit Card,,Fees,681.50,"23,282.70"
,109 Summit Checking 5809,11/08/2023,Deposit,,Credit Card,,Fees,917.55,"24,200.25"
,109 Summit Checking 5809,11/08/2023,Expense,,moneyline,,Withdrawals,"-2,000.00","22,200.25"
,109 Summit Checking 5809,11/09/2023,Deposit,,Credit Card,,Fees,339.70,"22,539.95"
,109 Summit Checking 5809,11/09/2023,Deposit,,Checks,,Fees,"6,150.21","28,690.16"
,109 Summit Checking 5809,11/10/2023,Deposit,,Credit Card,,Fees,234.00,"28,924.16"
,109 Summit Checking 5809,11/10/2023,Deposit,,Credit Card,,Fees,184.40,"29,108.56"
,109 Summit Checking 5809,11/13/2023,Deposit,,Transfer,,Summit Bank MM 5906,-500.00,"28,608.56"
,109 Summit Checking 5809,11/14/2023,Deposit,,Credit Card,,Fees,283.30,"28,891.86"
,109 Summit Checking 5809,11/15/2023,Expense,,Matrix Trust Co,,Retirement Deferrals Payable,-698.49,"28,193.37"
,109 Summit Checking 5809,11/15/2023,Deposit,,Credit Card,,Fees,470.10,"28,663.47"
,109 Summit Checking 5809,11/16/2023,Deposit,,Checks,,Fees,"1,959.06","30,622.53"
,109 Summit Checking 5809,11/17/2023,Deposit,,Checks,,Fees,180.97,"30,803.50"
,109 Summit Checking 5809,11/17/2023,Deposit,,Credit Card,,Fees,106.08,"30,909.58"
,109 Summit Checking 5809,11/20/2023,Deposit,,Transfer,,Summit Bank MM 5906,-500.00,"30,409.58"
,109 Summit Checking 5809,11/20/2023,Deposit,,Credit Card,,Fees,957.00,"31,366.58"
,109 Summit Checking 5809,11/20/2023,Deposit,,Credit Card,,Fees,506.30,"31,872.88"
,109 Summit Checking 5809,11/21/2023,Deposit,,Checks,,Fees,"2,261.78","34,134.66"
,109 Summit Checking 5809,11/22/2023,Deposit,,Credit Card,,Fees,298.60,"34,433.26"
,109 Summit Checking 5809,11/24/2023,Deposit,,Credit Card,,Fees,684.56,"35,117.82"
,109 Summit Checking 5809,11/27/2023,Deposit,,Transfer,,Summit Bank MM 5906,-500.00,"34,617.82"
,109 Summit Checking 5809,11/28/2023,Deposit,,Checks,,Fees,"2,176.54","36,794.36"
,109 Summit Checking 5809,11/28/2023,Deposit,,Credit Card,,Fees,28.00,"36,822.36"
,109 Summit Checking 5809,11/29/2023,Deposit,,American Express,,Fees,72.00,"36,894.36"
,109 Summit Checking 5809,11/29/2023,Deposit,,Credit Card,,Fees,70.21,"36,964.57"
,109 Summit Checking 5809,11/30/2023,Expense,,Matrix Trust Co,,Retirement Deferrals Payable,-597.56,"36,367.01"
,109 Summit Checking 5809,11/30/2023,Deposit,,Checks,,Fees,"1,869.52","38,236.53"
,109 Summit Checking 5809,11/30/2023,Deposit,,Credit Card,,Fees,220.00,"38,456.53"
,109 Summit Checking 5809,11/30/2023,Deposit,,Interest Earned,,Interest Income,20.31,"38,476.84"
,109 Summit Checking 5809,12/01/2023,Deposit,,American Express,,Fees,147.30,"38,624.14"
,109 Summit Checking 5809,12/01/2023,Deposit,,Credit Card,,Fees,"1,123.00","39,747.14"
,109 Summit Checking 5809,12/01/2023,Deposit,,Credit Card,,Fees,664.00,"40,411.14"
,109 Summit Checking 5809,12/04/2023,Deposit,,Transfer,,Summit Bank MM 5906,-500.00,"39,911.14"
,109 Summit Checking 5809,12/04/2023,Expense,,Johnson Properties LLC,,Rent,"-4,000.00","35,911.14"
,109 Summit Checking 5809,12/04/2023,Expense,,Merchant Solutions Billing,,Credit Card Fees,-330.64,"35,580.50"
,109 Summit Checking 5809,12/05/2023,Deposit,,American Express,,Fees,88.00,"35,668.50"
,109 Summit Checking 5809,12/05/2023,Deposit,,Credit Card,,Fees,221.60,"35,890.10"
,109 Summit Checking 5809,12/05/2023,Expense,,Johnson Properties LLC,,Rent,"-8,500.00","27,390.10"
,109 Summit Checking 5809,12/05/2023,Expense,,Summit Bank,,,"-7,049.16","20,340.94"
,109 Summit Checking 5809,12/06/2023,Deposit,,Credit Card,,Fees,950.70,"21,291.64"
,109 Summit Checking 5809,12/07/2023,Deposit,,Credit Card,,Fees,132.40,"21,424.04"
,109 Summit Checking 5809,12/07/2023,Deposit,,Checks,,Fees,"3,120.54","24,544.58"
,109 Summit Checking 5809,12/07/2023,Deposit,,Credit Card,,Fees,174.00,"24,718.58"
,109 Summit Checking 5809,12/08/2023,Deposit,,Credit Card,,Fees,240.15,"24,958.73"
,109 Summit Checking 5809,12/08/2023,Expense,,moneyline,,Withdrawals,"-2,000.00","22,958.73"
,109 Summit Checking 5809,12/11/2023,Deposit,,Transfer,,Summit Bank MM 5906,-500.00,"22,458.73"
,109 Summit Checking 5809,12/12/2023,Deposit,,Credit Card,,Fees,601.80,"23,060.53"
,109 Summit Checking 5809,12/13/2023,Deposit,,Credit Card,,Fees,263.10,"23,323.63"
,109 Summit Checking 5809,12/14/2023,Expense,,Matrix Trust Co,,Retirement Deferrals Payable,-718.12,"22,605.51"
,109 Summit Checking 5809,12/14/2023,Deposit,,Credit Card,,Fees,302.20,"22,907.71"
,109 Summit Checking 5809,12/15/2023,Deposit,,Credit Card,,Fees,500.00,"23,407.71"
,109 Summit Checking 5809,12/15/2023,Deposit,,Checks,,Fees,"2,169.50","25,577.21"
,109 Summit Checking 5809,12/18/2023,Deposit,,Transfer,,Summit Bank MM 5906,-500.00,"25,077.21"
,109 Summit Checking 5809,12/18/2023,Deposit,,Credit Card,,Fees,938.00,"26,015.21"
,109 Summit Checking 5809,12/19/2023,Deposit,,Credit Card,,Fees,574.70,"26,589.91"
,109 Summit Checking 5809,12/20/2023,Deposit,,Checks,,Fees,"4,797.30","31,387.21"
,109 Summit Checking 5809,12/20/2023,Deposit,,Credit Card,,Fees,"1,095.96","32,483.17"
,109 Summit Checking 5809,12/21/2023,Deposit,,Credit Card,,Fees,292.60,"32,775.77"
,109 Summit Checking 5809,12/22/2023,Deposit,,Credit Card,,Fees,862.78,"33,638.55"
,109 Summit Checking 5809,12/26/2023,Deposit,,Transfer,,Summit Bank MM 5906,-500.00,"33,138.55"
,109 Summit Checking 5809,12/27/2023,Deposit,,Credit Card,,Fees,421.48,"33,560.03"
,109 Summit Checking 5809,12/28/2023,Deposit,,Checks,,Fees,"5,741.61","39,301.64"
,109 Summit Checking 5809,12/28/2023,Deposit,,Credit Card,,Fees,645.20,"39,946.84"
,109 Summit Checking 5809,12/29/2023,Deposit,,American Express,,Fees,90.95,"40,037.79"
,109 Summit Checking 5809,12/29/2023,Deposit,,Interest Earned,,Interest Income,17.67,"40,055.46"
,109 Summit Checking 5809,12/29/2023,Deposit,,Credit Card,,Fees,168.00,"40,223.46"
Total for 109 Summit Checking 5809,,,,,,,,"-$22,736.91",
110 Summit Bank MM 5906,,,,,,,,,
,Beginning Balance,,,,,,,,"30,378.85"
,110 Summit Bank MM 5906,01/03/2023,Expense,,Transfer,,Summit Checking 5809,500.00,"30,878.85"
,110 Summit Bank MM 5906,01/09/2023,Expense,,Transfer,,Summit Checking 5809,500.00,"31,378.85"
,110 Summit Bank MM 5906,01/17/2023,Expense,,Transfer,,Summit Checking 5809,500.00,"31,878.85"
,110 Summit Bank MM 5906,01/23/2023,Expense,,Transfer,,Summit Checking 5809,500.00,"32,378.85"
,110 Summit Bank MM 5906,01/30/2023,Expense,,Transfer,,Summit Checking 5809,500.00,"32,878.85"
,110 Summit Bank MM 5906,01/31/2023,Deposit,,Interest Earned,,Interest Income,33.22,"32,912.07"
,110 Summit Bank MM 5906,02/06/2023,Expense,,Transfer,,Summit Checking 5809,500.00,"33,412.07"
,110 Summit Bank MM 5906,02/13/2023,Expense,,Transfer,,Summit Checking 5809,500.00,"33,912.07"
,110 Summit Bank MM 5906,02/21/2023,Expense,,Transfer,,Summit Checking 5809,500.00,"34,412.07"
,110 Summit Bank MM 5906,02/27/2023,Expense,,Transfer,,Summit Checking 5809,500.00,"34,912.07"
,110 Summit Bank MM 5906,02/28/2023,Deposit,,Interest Earned,,Interest Income,32.41,"34,944.48"
,110 Summit Bank MM 5906,03/06/2023,Expense,,Transfer,,Summit Checking 5809,500.00,"35,444.48"
,110 Summit Bank MM 5906,03/13/2023,Expense,,Transfer,,Summit Checking 5809,500.00,"35,944.48"
,110 Summit Bank MM 5906,03/20/2023,Expense,,Transfer,,Summit Checking 5809,500.00,"36,444.48"
,110 Summit Bank MM 5906,03/27/2023,Expense,,Transfer,,Summit Checking 5809,500.00,"36,944.48"
,110 Summit Bank MM 5906,03/31/2023,Deposit,,Interest Earned,,Interest Income,38.18,"36,982.66"
,110 Summit Bank MM 5906,04/03/2023,Expense,,Transfer,,Summit Checking 5809,500.00,"37,482.66"
,110 Summit Bank MM 5906,04/05/2023,Expense,,Transfer,,Summit Checking 5809,"-10,000.00","27,482.66"
,110 Summit Bank MM 5906,04/10/2023,Expense,,Transfer,,Summit Checking 5809,500.00,"27,982.66"
,110 Summit Bank MM 5906,04/17/2023,Expense,,Transfer,,Summit Checking 5809,500.00,"28,482.66"
,110 Summit Bank MM 5906,04/24/2023,Expense,,Transfer,,Summit Checking 5809,500.00,"28,982.66"
,110 Summit Bank MM 5906,04/28/2023,Deposit,,Interest Earned,,Interest Income,28.32,"29,010.98"
,110 Summit Bank MM 5906,05/01/2023,Expense,,Transfer,,Summit Checking 5809,500.00,"29,510.98"
,110 Summit Bank MM 5906,05/08/2023,Expense,,Transfer,,Summit Checking 5809,500.00,"30,010.98"
,110 Summit Bank MM 5906,05/15/2023,Expense,,Transfer,,Summit Checking 5809,500.00,"30,510.98"
,110 Summit Bank MM 5906,05/22/2023,Deposit,,Transfer,,Summit Checking 5809,500.00,"31,010.98"
,110 Summit Bank MM 5906,05/30/2023,Deposit,,Transfer,,Summit Checking 5809,500.00,"31,510.98"
,110 Summit Bank MM 5906,05/31/2023,Deposit,,Interest Earned,,Interest Income,34.24,"31,545.22"
,110 Summit Bank MM 5906,06/05/2023,Deposit,,Transfer,,Summit Checking 5809,500.00,"32,045.22"
,110 Summit Bank MM 5906,06/12/2023,Deposit,,Transfer,,Summit Checking 5809,500.00,"32,545.22"
,110 Summit Bank MM 5906,06/20/2023,Expense,,Transfer,,Summit Checking 5809,500.00,"33,045.22"
,110 Summit Bank MM 5906,06/26/2023,Expense,,Transfer,,Summit Checking 5809,500.00,"33,545.22"
,110 Summit Bank MM 5906,06/30/2023,Deposit,,Interest Earned,,Interest Income,33.47,"33,578.69"
,110 Summit Bank MM 5906,07/03/2023,Expense,,Transfer,,Summit Checking 5809,500.00,"34,078.69"
,110 Summit Bank MM 5906,07/10/2023,Expense,,Transfer,,Summit Checking 5809,500.00,"34,578.69"
,110 Summit Bank MM 5906,07/17/2023,Expense,,Transfer,,Summit Checking 5809,500.00,"35,078.69"
,110 Summit Bank MM 5906,07/24/2023,Deposit,,Transfer,,Summit Checking 5809,500.00,"35,578.69"
,110 Summit Bank MM 5906,07/31/2023,Deposit,,Interest Earned,,Interest Income,36.95,"35,615.64"
,110 Summit Bank MM 5906,07/31/2023,Deposit,,Transfer,,Summit Checking 5809,500.00,"36,115.64"
,110 Summit Bank MM 5906,08/07/2023,Deposit,,Transfer,,Summit Checking 5809,500.00,"36,615.64"
,110 Summit Bank MM 5906,08/14/2023,Deposit,,Transfer,,Summit Checking 5809,500.00,"37,115.64"
,110 Summit Bank MM 5906,08/21/2023,Deposit,,Transfer,,Summit Checking 5809,500.00,"37,615.64"
,110 Summit Bank MM 5906,08/28/2023,Deposit,,Transfer,,Summit Checking 5809,500.00,"38,115.64"
,110 Summit Bank MM 5906,08/31/2023,Deposit,,Interest Earned,,Interest Income,39.36,"38,155.00"
,110 Summit Bank MM 5906,09/05/2023,Deposit,,Transfer,,Summit Checking 5809,500.00,"38,655.00"
,110 Summit Bank MM 5906,09/11/2023,Expense,,Transfer,,Summit Checking 5809,500.00,"39,155.00"
,110 Summit Bank MM 5906,09/15/2023,Expense,,IRS,,Tax Estimates,"-37,100.00","2,055.00"
,110 Summit Bank MM 5906,09/18/2023,Expense,,Transfer,,Summit Checking 5809,500.00,"2,555.00"
,110 Summit Bank MM 5906,09/25/2023,Expense,,Transfer,,Summit Checking 5809,500.00,"3,055.00"
,110 Summit Bank MM 5906,09/29/2023,Deposit,,Interest Earned,,Interest Income,19.89,"3,074.89"
,110 Summit Bank MM 5906,10/02/2023,Expense,,Transfer,,Summit Checking 5809,500.00,"3,574.89"
,110 Summit Bank MM 5906,10/10/2023,Expense,,Transfer,,Summit Checking 5809,500.00,"4,074.89"
,110 Summit Bank MM 5906,10/16/2023,Expense,,Transfer,,Summit Checking 5809,500.00,"4,574.89"
,110 Summit Bank MM 5906,10/23/2023,Deposit,,Transfer,,Summit Checking 5809,500.00,"5,074.89"
,110 Summit Bank MM 5906,10/30/2023,Deposit,,Transfer,,Summit Checking 5809,500.00,"5,574.89"
,110 Summit Bank MM 5906,10/31/2023,Deposit,,Interest Earned,,Interest Income,4.72,"5,579.61"
,110 Summit Bank MM 5906,11/06/2023,Deposit,,Transfer,Recurring Savings,Summit Checking 5809,500.00,"6,079.61"
,110 Summit Bank MM 5906,11/13/2023,Deposit,,Transfer,,Summit Checking 5809,500.00,"6,579.61"
,110 Summit Bank MM 5906,11/20/2023,Deposit,,Transfer,,Summit Checking 5809,500.00,"7,079.61"
,110 Summit Bank MM 5906,11/27/2023,Deposit,,Transfer,,Summit Checking 5809,500.00,"7,579.61"
,110 Summit Bank MM 5906,11/30/2023,Deposit,,Interest Earned,,Interest Income,6.73,"7,586.34"
,110 Summit Bank MM 5906,12/04/2023,Deposit,,Transfer,,Summit Checking 5809,500.00,"8,086.34"
,110 Summit Bank MM 5906,12/11/2023,Deposit,,Transfer,,Summit Checking 5809,500.00,"8,586.34"
,110 Summit Bank MM 5906,12/18/2023,Deposit,,Transfer,,Summit Checking 5809,500.00,"9,086.34"
,110 Summit Bank MM 5906,12/26/2023,Deposit,,Transfer,,Summit Checking 5809,500.00,"9,586.34"
,110 Summit Bank MM 5906,12/29/2023,Deposit,,Interest Earned,,Interest Income,8.58,"9,594.92"
Total for 110 Summit Bank MM 5906,,,,,,,,"-$20,783.93",
303 Summit Bank Note Payable,,,,,,,,,
,Beginning Balance,,,,,,,,"605,865.92"
,303 Summit Bank Note Payable,01/05/2023,Expense,,Summit Bank,,Summit Checking 5809,"-7,016.61","598,849.31"
,303 Summit Bank Note Payable,02/06/2023,Expense,,Summit Bank,,Summit Checking 5809,"-6,975.34","591,873.97"
,303 Summit Bank Note Payable,03/06/2023,Expense,,Summit Bank,,Summit Checking 5809,"-7,255.71","584,618.26"
,303 Summit Bank Note Payable,04/05/2023,Expense,,Summit Bank,,Summit Checking 5809,"-7,151.16","577,467.10"
,303 Summit Bank Note Payable,05/05/2023,Expense,,Summit Bank,,Summit Checking 5809,"-7,174.37","570,292.73"
,303 Summit Bank Note Payable,06/05/2023,Expense,,Summit Bank,,Summit Checking 5809,"-7,135.95","563,156.78"
,303 Summit Bank Note Payable,07/05/2023,Expense,,Summit Bank,,Summit Checking 5809,"-7,220.83","555,935.95"
,303 Summit Bank Note Payable,08/07/2023,Expense,,Summit Bank,,Summit Checking 5809,"-5,063.79","550,872.16"
,303 Summit Bank Note Payable,09/05/2023,Expense,,Summit Bank,,Summit Checking 5809,"-5,320.33","545,551.83"
,303 Summit Bank Note Payable,10/05/2023,Expense,,Summit Bank,,Summit Checking 5809,"-5,277.99","540,273.84"
,303 Summit Bank Note Payable,11/06/2023,Expense,,Summit Bank,,Summit Checking 5809,"-5,178.19","535,095.65"
,303 Summit Bank Note Payable,12/05/2023,Expense,,Summit Bank,,Summit Checking 5809,"-5,369.84","529,725.81"
Total for 303 Summit Bank Note Payable,,,,,,,,"-$76,140.11",
327 Retirement Deferrals Payable,,,,,,,,,
,Beginning Balance,,,,,,,,0.00
,327 Retirement Deferrals Payable,01/12/2023,Expense,,Matrix Trust Co,,Summit Checking 5809,-800.66,-800.66
,327 Retirement Deferrals Payable,01/30/2023,Expense,,Matrix Trust Co,,Summit Checking 5809,-893.34,"-1,694.00"
,327 Retirement Deferrals Payable,02/14/2023,Expense,,Matrix Trust Co,,Summit Checking 5809,"-1,118.16","-2,812.16"
,327 Retirement Deferrals Payable,03/02/2023,Expense,,Matrix Trust Co,,Summit Checking 5809,-707.70,"-3,519.86"
,327 Retirement Deferrals Payable,03/14/2023,Expense,,Matrix Trust Co,,Summit Checking 5809,-871.94,"-4,391.80"
,327 Retirement Deferrals Payable,03/28/2023,Expense,,Matrix Trust Co,,Summit Checking 5809,"-1,040.26","-5,432.06"
,327 Retirement Deferrals Payable,03/31/2023,Journal Entry,BK1,,,,"3,377.83","-2,054.23"
,327 Retirement Deferrals Payable,03/31/2023,Journal Entry,CPA 02,,,,"2,054.23",0.00
,327 Retirement Deferrals Payable,04/13/2023,Expense,,Matrix Trust Co,,Summit Checking 5809,-952.85,-952.85
,327 Retirement Deferrals Payable,05/01/2023,Expense,,Matrix Trust Co,,Summit Checking 5809,-897.12,"-1,849.97"
,327 Retirement Deferrals Payable,05/15/2023,Expense,,Matrix Trust Co,,Summit Checking 5809,-828.19,"-2,678.16"
,327 Retirement Deferrals Payable,05/31/2023,Expense,,Matrix Trust Co,,Summit Checking 5809,-699.92,"-3,378.08"
,327 Retirement Deferrals Payable,06/14/2023,Expense,,Matrix Trust Co,,Summit Checking 5809,-734.82,"-4,112.90"
,327 Retirement Deferrals Payable,06/28/2023,Expense,,Matrix Trust Co,,Summit Checking 5809,-735.16,"-4,848.06"
,327 Retirement Deferrals Payable,06/30/2023,Journal Entry,BK 2,,,,"4,848.06",0.00
,327 Retirement Deferrals Payable,07/13/2023,Expense,,Matrix Trust Co,,Summit Checking 5809,-736.84,-736.84
,327 Retirement Deferrals Payable,07/31/2023,Expense,,Matrix Trust Co,,Summit Checking 5809,-833.08,"-1,569.92"
,327 Retirement Deferrals Payable,08/14/2023,Expense,,Matrix Trust Co,,Summit Checking 5809,-755.24,"-2,325.16"
,327 Retirement Deferrals Payable,08/31/2023,Expense,,Matrix Trust Co,,Summit Checking 5809,-644.85,"-2,970.01"
,327 Retirement Deferrals Payable,09/13/2023,Expense,,Matrix Trust Co,,Summit Checking 5809,-636.89,"-3,606.90"
,327 Retirement Deferrals Payable,09/28/2023,Expense,,Matrix Trust Co,,Summit Checking 5809,-702.06,"-4,308.96"
,327 Retirement Deferrals Payable,09/30/2023,Journal Entry,BK 1,,,,"2,575.99","-1,732.97"
,327 Retirement Deferrals Payable,09/30/2023,Journal Entry,BK 1,,,,"1,732.97",0.00
,327 Retirement Deferrals Payable,10/12/2023,Expense,,ADP,,Cash in BOA 0693,423.12,423.12
,327 Retirement Deferrals Payable,10/13/2023,Expense,,Matrix Trust Co,,Summit Checking 5809,-740.13,-317.01
,327 Retirement Deferrals Payable,10/30/2023,Expense,,Matrix Trust Co,,Summit Checking 5809,-696.85,"-1,013.86"
,327 Retirement Deferrals Payable,10/30/2023,Expense,,ADP,,Cash in BOA 0693,411.67,-602.19
,327 Retirement Deferrals Payable,11/14/2023,Expense,,ADP,,Cash in BOA 0693,404.21,-197.98
,327 Retirement Deferrals Payable,11/15/2023,Expense,,Matrix Trust Co,,Summit Checking 5809,-698.49,-896.47
,327 Retirement Deferrals Payable,11/29/2023,Expense,,ADP,,Cash in BOA 0693,348.01,-548.46
,327 Retirement Deferrals Payable,11/30/2023,Expense,,Matrix Trust Co,,Summit Checking 5809,-597.56,"-1,146.02"
,327 Retirement Deferrals Payable,12/14/2023,Expense,,Matrix Trust Co,,Summit Checking 5809,-718.12,"-1,864.14"
,327 Retirement Deferrals Payable,12/14/2023,Expense,,ADP,,Cash in BOA 0693,419.60,"-1,444.54"
,327 Retirement Deferrals Payable,12/28/2023,Expense,,ADP,,Cash in BOA 0693,414.44,"-1,030.10"
,327 Retirement Deferrals Payable,12/31/2023,Journal Entry,CPA 01,,,,"2,195.09","1,164.99"
Total for 327 Retirement Deferrals Payable,,,,,,,,"$1,164.99",
108 BOA Secondary Checking 0246,,,,,,,,,
,Beginning Balance,,,,,,,,"31,283.94"
,108 BOA Secondary Checking 0246,01/17/2023,Expense,,Transfer,,Cash in BOA 0693,"-30,000.00","1,283.94"
,108 BOA Secondary Checking 0246,01/27/2023,Deposit,,Transfer,,Cash in BOA 0693,"5,000.00","6,283.94"
,108 BOA Secondary Checking 0246,06/15/2023,Expense,,Patterson,,Dental Supplies,-325.38,"5,958.56"
,108 BOA Secondary Checking 0246,06/29/2023,Expense,,adcoa,,Repairs & Maintenance,-326.00,"5,632.56"
,108 BOA Secondary Checking 0246,06/29/2023,Expense,,Pacific Crest Plaza Condo Assoc,,Rent,"-1,952.87","3,679.69"
,108 BOA Secondary Checking 0246,06/30/2023,Expense,,Fluence,,Bookkeeping,"-1,500.00","2,179.69"
,108 BOA Secondary Checking 0246,06/30/2023,Expense,,Reliable mechanical,,Repairs & Maintenance,-161.56,"2,018.13"
,108 BOA Secondary Checking 0246,07/07/2023,Deposit,,Transfer,,Cash in BOA 0693,"20,000.00","22,018.13"
,108 BOA Secondary Checking 0246,07/07/2023,Expense,,Fluence,,Legal & Professional Fees,"-2,000.00","20,018.13"
,108 BOA Secondary Checking 0246,07/07/2023,Expense,,adcoa,,Dental Supplies,-35.81,"19,982.32"
,108 BOA Secondary Checking 0246,07/21/2023,Expense,,Henry Schein,,Dental Supplies,"-4,243.38","15,738.94"
,108 BOA Secondary Checking 0246,07/27/2023,Expense,,Tess Oral Health,,Dental Supplies,-144.24,"15,594.70"
,108 BOA Secondary Checking 0246,07/27/2023,Expense,,Patterson,,Dental Supplies,-163.67,"15,431.03"
,108 BOA Secondary Checking 0246,07/27/2023,Expense,,Fire Extinguisher Service Center,,Repairs & Maintenance,-158.41,"15,272.62"
,108 BOA Secondary Checking 0246,07/27/2023,Expense,,Reliable mechanical,,Repairs & Maintenance,-161.56,"15,111.06"
,108 BOA Secondary Checking 0246,07/27/2023,Expense,,Fluence,,Legal & Professional Fees,"-5,365.00","9,746.06"
,108 BOA Secondary Checking 0246,08/04/2023,Expense,,OrthoSelect,,Dental Supplies,-107.00,"9,639.06"
,108 BOA Secondary Checking 0246,08/04/2023,Expense,,Regence Blue Cross,,,"-2,585.83","7,053.23"
,108 BOA Secondary Checking 0246,08/04/2023,Expense,,OrthoSelect,,Dental Supplies,-175.00,"6,878.23"
,108 BOA Secondary Checking 0246,08/08/2023,Deposit,,Transfer,,Cash in BOA 0693,"10,000.00","16,878.23"
,108 BOA Secondary Checking 0246,08/08/2023,Expense,,Wa Dept of Ecology,,Repairs & Maintenance,-65.00,"16,813.23"
,108 BOA Secondary Checking 0246,08/10/2023,Expense,,Tess Oral Health,,Dental Supplies,-902.23,"15,911.00"
,108 BOA Secondary Checking 0246,08/11/2023,Expense,,Henry Schein,,Dental Supplies,-332.26,"15,578.74"
,108 BOA Secondary Checking 0246,08/11/2023,Expense,,adcoa,,Dental Supplies,-81.00,"15,497.74"
,108 BOA Secondary Checking 0246,08/15/2023,Expense,,AFLAC,,Employee Benefits,-125.52,"15,372.22"
,108 BOA Secondary Checking 0246,08/17/2023,Expense,,Shred NW,,Repairs & Maintenance,-59.79,"15,312.43"
,108 BOA Secondary Checking 0246,08/18/2023,Expense,,Patterson,,Dental Supplies,-161.96,"15,150.47"
,108 BOA Secondary Checking 0246,08/18/2023,Expense,,adcoa,,Dental Supplies,-35.81,"15,114.66"
,108 BOA Secondary Checking 0246,08/18/2023,Expense,,Allen Dental,,Dental Supplies,-187.51,"14,927.15"
,108 BOA Secondary Checking 0246,08/18/2023,Expense,,Reliable mechanical,,Repairs & Maintenance,-161.56,"14,765.59"
,108 BOA Secondary Checking 0246,08/24/2023,Expense,,Pacific Crest Plaza Condo Assoc,,Rent,"-1,966.19","12,799.40"
,108 BOA Secondary Checking 0246,09/01/2023,Expense,,Regence Blue Cross,,,"-2,585.83","10,213.57"
,108 BOA Secondary Checking 0246,09/01/2023,Expense,,Debra Jensen,,Janitorial Services & Supplies,-700.00,"9,513.57"
,108 BOA Secondary Checking 0246,09/07/2023,Expense,,Shred NW,,Repairs & Maintenance,-59.79,"9,453.78"
,108 BOA Secondary Checking 0246,09/08/2023,Expense,,Fluence,,Bookkeeping,-340.00,"9,113.78"
,108 BOA Secondary Checking 0246,09/22/2023,Expense,,OrthoSelect,,Dental Supplies,-302.00,"8,811.78"
,108 BOA Secondary Checking 0246,09/25/2023,Expense,,AFLAC,,Employee Benefits,-125.52,"8,686.26"
,108 BOA Secondary Checking 0246,09/28/2023,Expense,,Tess Oral Health,,Dental Supplies,-392.23,"8,294.03"
,108 BOA Secondary Checking 0246,09/28/2023,Expense,,Allen Dental,,Dental Supplies,-20.87,"8,273.16"
,108 BOA Secondary Checking 0246,09/28/2023,Expense,,Patterson,,Dental Supplies,-161.96,"8,111.20"
,108 BOA Secondary Checking 0246,09/28/2023,Expense,,Reliable mechanical,,Repairs & Maintenance,-161.56,"7,949.64"
,108 BOA Secondary Checking 0246,09/28/2023,Expense,,Pacific Crest Plaza Condo Assoc,,Rent,"-1,970.63","5,979.01"
,108 BOA Secondary Checking 0246,09/28/2023,Expense,,adcoa,,Dental Supplies,-322.00,"5,657.01"
,108 BOA Secondary Checking 0246,09/28/2023,Expense,,Benco Dental,,Dental Supplies,-56.33,"5,600.68"
,108 BOA Secondary Checking 0246,09/29/2023,Expense,,Debra Jensen,,Janitorial Services & Supplies,-700.00,"4,900.68"
,108 BOA Secondary Checking 0246,10/05/2023,Expense,,Shred NW,,Repairs & Maintenance,-59.79,"4,840.89"
,108 BOA Secondary Checking 0246,10/13/2023,Expense,,Regence Blue Cross,,,"-3,253.55","1,587.34"
,108 BOA Secondary Checking 0246,10/16/2023,Deposit,,Transfer,,Cash in BOA 0693,"1,500.00","3,087.34"
,108 BOA Secondary Checking 0246,10/20/2023,Expense,,adcoa,,Dental Supplies,-35.81,"3,051.53"
,108 BOA Secondary Checking 0246,10/20/2023,Expense,,Benco Dental,,Dental Supplies,"-1,041.95","2,009.58"
,108 BOA Secondary Checking 0246,10/26/2023,Deposit,,Transfer,,Cash in BOA 0693,"4,500.00","6,509.58"
,108 BOA Secondary Checking 0246,10/30/2023,Expense,,AFLAC,,Employee Benefits,-125.52,"6,384.06"
,108 BOA Secondary Checking 0246,11/01/2023,Expense,,Account Fee,,Office Supplies,-16.00,"6,368.06"
,108 BOA Secondary Checking 0246,11/01/2023,Expense,,Debra Jensen,,Janitorial Services & Supplies,-700.00,"5,668.06"
,108 BOA Secondary Checking 0246,11/02/2023,Expense,,adcoa,,Dental Supplies,-35.81,"5,632.25"
,108 BOA Secondary Checking 0246,11/02/2023,Expense,,Reliable mechanical,,Repairs & Maintenance,-161.56,"5,470.69"
,108 BOA Secondary Checking 0246,11/02/2023,Expense,,Benco Dental,,Dental Supplies,-24.28,"5,446.41"
,108 BOA Secondary Checking 0246,11/02/2023,Expense,,Patterson,,Dental Supplies,-161.96,"5,284.45"
,108 BOA Secondary Checking 0246,11/02/2023,Expense,,Allen Dental,,Lab Fees & X-Ray,-146.75,"5,137.70"
,108 BOA Secondary Checking 0246,11/02/2023,Expense,,Pacific Crest Plaza Condo Assoc,,Rent,"-2,093.93","3,043.77"
,108 BOA Secondary Checking 0246,11/02/2023,Expense,,Shred NW,,Repairs & Maintenance,-59.79,"2,983.98"
,108 BOA Secondary Checking 0246,11/09/2023,Expense,,,,Cash in BOA 0693,"10,000.00","12,983.98"
,108 BOA Secondary Checking 0246,11/09/2023,Expense,,Allen Dental,,Lab Fees & X-Ray,-241.86,"12,742.12"
,108 BOA Secondary Checking 0246,11/20/2023,Expense,,Regence Blue Cross,,,"-4,578.41","8,163.71"
,108 BOA Secondary Checking 0246,11/21/2023,Expense,,AFLAC,,Employee Benefits,-125.52,"8,038.19"
,108 BOA Secondary Checking 0246,11/22/2023,Expense,,Procter & Gamble,,Dental Supplies,-178.44,"7,859.75"
,108 BOA Secondary Checking 0246,11/27/2023,Expense,,Motschenbacher & Blattner,,Legal & Professional Fees,"-1,556.25","6,303.50"
,108 BOA Secondary Checking 0246,11/29/2023,Expense,,Reliable mechanical,,Repairs & Maintenance,-161.56,"6,141.94"
,108 BOA Secondary Checking 0246,11/29/2023,Expense,,Pacific Crest Plaza Condo Assoc,,Rent,"-2,018.93","4,123.01"
,108 BOA Secondary Checking 0246,11/29/2023,Expense,,Shred NW,,Repairs & Maintenance,-59.79,"4,063.22"
,108 BOA Secondary Checking 0246,11/29/2023,Expense,,Tess Oral Health,,Dental Supplies,-902.23,"3,160.99"
,108 BOA Secondary Checking 0246,12/01/2023,Expense,,Debra Jensen,,Janitorial Services & Supplies,-700.00,"2,460.99"
,108 BOA Secondary Checking 0246,12/08/2023,Expense,,Regence Blue Cross,,,"-4,578.41","-2,117.42"
,108 BOA Secondary Checking 0246,12/11/2023,Expense,,,,Cash in BOA 0716,"4,000.00","1,882.58"
,108 BOA Secondary Checking 0246,12/11/2023,Deposit,,,,Cash in BOA 0716,"4,000.00","5,882.58"
,108 BOA Secondary Checking 0246,12/14/2023,Expense,,Patterson,,Dental Supplies,-161.96,"5,720.62"
,108 BOA Secondary Checking 0246,12/15/2023,Expense,,Pacific Crest Plaza Condo Assoc,,Rent,"-1,947.63","3,772.99"
,108 BOA Secondary Checking 0246,12/22/2023,Expense,,Pacific Crest Plaza Condo Assoc,,Rent,"-1,895.63","1,877.36"
,108 BOA Secondary Checking 0246,12/22/2023,Expense,,Reliable mechanical,,Repairs & Maintenance,-161.56,"1,715.80"
,108 BOA Secondary Checking 0246,12/22/2023,Expense,,Patterson,,Dental Supplies,-163.42,"1,552.38"
,108 BOA Secondary Checking 0246,12/22/2023,Expense,,Fluence,,Bookkeeping,-710.00,842.38
,108 BOA Secondary Checking 0246,12/28/2023,Expense,,Shred NW,,Repairs & Maintenance,-59.79,782.59
,108 BOA Secondary Checking 0246,12/29/2023,Expense,,,,Cash in BOA 0693,"4,000.00","4,782.59"
,108 BOA Secondary Checking 0246,12/29/2023,Expense,,Debra Jensen,,Janitorial Services & Supplies,-700.00,"4,082.59"
,108 BOA Secondary Checking 0246,12/29/2023,Expense,,Fluence,,Legal & Professional Fees,"-2,675.00","1,407.59"
Total for 108 BOA Secondary Checking 0246,,,,,,,,"-$29,876.35",
482 Withdrawals,,,,,,,,,
,Beginning Balance,,,,,,,,"-445,291.00"
,482 Withdrawals,01/27/2023,Expense,,Mt Adams Zen,,Credit Card Payable,-200.00,"-445,491.00"
,482 Withdrawals,02/27/2023,Expense,,Mt Adams Zen,,Credit Card Payable,-200.00,"-445,691.00"
,482 Withdrawals,03/23/2023,Expense,,Ritu Kumar,,Credit Card Payable,-677.57,"-446,368.57"
,482 Withdrawals,03/27/2023,Expense,,Mt Adams Zen,,Credit Card Payable,-200.00,"-446,568.57"
,482 Withdrawals,03/31/2023,Journal Entry,CPA 01,,,,"445,291.00","-1,277.57"
,482 Withdrawals,04/26/2023,Expense,,Mt Adams Zen,,Credit Card Payable,-200.00,"-1,477.57"
,482 Withdrawals,05/03/2023,Deposit,,Transfer,,Riverview Checking 6958,300.00,"-1,177.57"
,482 Withdrawals,05/22/2023,Expense,,Fluence,,Cash in BOA 0693,-935.00,"-2,112.57"
,482 Withdrawals,05/25/2023,Expense,,Getaway Hous,,Credit Card Payable,-300.00,"-2,412.57"
,482 Withdrawals,05/29/2023,Expense,,Planet Hollywood,,Credit Card Payable,-108.49,"-2,521.06"
,482 Withdrawals,05/29/2023,Expense,,Coco,,Credit Card Payable,-12.25,"-2,533.31"
,482 Withdrawals,05/29/2023,Expense,,Mt Adams Zen,,Credit Card Payable,-200.00,"-2,733.31"
,482 Withdrawals,05/29/2023,Expense,,Pop Bar,,Credit Card Payable,-6.85,"-2,740.16"
,482 Withdrawals,05/30/2023,Expense,,WDW Connections,,Credit Card Payable,-19.04,"-2,759.20"
,482 Withdrawals,06/16/2023,Expense,,Heigladhesi,,Credit Card Payable,-39.74,"-2,798.94"
,482 Withdrawals,06/19/2023,Expense,,Glenwood Station,,Credit Card Payable,-56.31,"-2,855.25"
,482 Withdrawals,06/30/2023,Journal Entry,CPA 01,,,,-101.17,"-2,956.42"
,482 Withdrawals,10/10/2023,Expense,,moneyline,,Summit Checking 5809,"-2,000.00","-4,956.42"
,482 Withdrawals,10/23/2023,Expense,,Cascade I Max,,Credit Card Payable,-26.80,"-4,983.22"
,482 Withdrawals,11/02/2023,Expense,,Wealthfront,,Cash in BOA 0716,"-175,000.00","-179,983.22"
,482 Withdrawals,11/08/2023,Expense,,moneyline,,Summit Checking 5809,"-2,000.00","-181,983.22"
,482 Withdrawals,11/10/2023,Expense,,Dr. Johnson's Withdrawal,,Cash in BOA 0693,"-4,000.00","-185,983.22"
,482 Withdrawals,11/16/2023,Expense,,Dr. Johnson's Withdrawal,,Cash in BOA 0693,"-6,000.00","-191,983.22"
,482 Withdrawals,11/22/2023,Expense,,Holiday Moods Adventures,,Cash in BOA 0693,"-3,594.61","-195,577.83"
,482 Withdrawals,11/22/2023,Expense,,,personal expense in India,Credit Card Payable,-170.36,"-195,748.19"
,482 Withdrawals,11/24/2023,Expense,,Dr. Johnson's Withdrawal,,Cash in BOA 0693,"-2,500.00","-198,248.19"
,482 Withdrawals,11/27/2023,Expense,,Dr. Johnson's Withdrawal,,Cash in BOA 0693,"-4,000.00","-202,248.19"
,482 Withdrawals,12/01/2023,Expense,,Dr. Johnson's Withdrawal,,Cash in BOA 0693,"-6,000.00","-208,248.19"
,482 Withdrawals,12/01/2023,Expense,,GS Bank,,Cash in BOA 0693,"-2,952.29","-211,200.48"
,482 Withdrawals,12/08/2023,Expense,,moneyline,,Summit Checking 5809,"-2,000.00","-213,200.48"
,482 Withdrawals,12/12/2023,Expense,,Dr. Johnson's Withdrawal,,Cash in BOA 0693,"-4,000.00","-217,200.48"
,482 Withdrawals,12/15/2023,Expense,,Dr. Johnson's Withdrawal,,Cash in BOA 0693,"-6,000.00","-223,200.48"
,482 Withdrawals,12/22/2023,Expense,,Dr. Johnson's Withdrawal,,Cash in BOA 0693,"-2,500.00","-225,700.48"
,482 Withdrawals,12/27/2023,Expense,,Dr. Johnson's Withdrawal,,Cash in BOA 0693,"-4,000.00","-229,700.48"
,482 Withdrawals,12/29/2023,Expense,,Dr. Johnson's Withdrawal,,Cash in BOA 0693,"-6,000.00","-235,700.48"
,482 Withdrawals,12/31/2023,Journal Entry,CPA 02,,,,"-7,900.00","-243,600.48"
,482 Withdrawals,12/31/2023,Journal Entry,CPA 03,,,,-3.52,"-243,604.00"
,482 Withdrawals,12/31/2023,Journal Entry,CPA 05,,,,"-1,835.00","-245,439.00"
,482 Withdrawals,12/31/2023,Journal Entry,CPA 06,,,,"-167,664.73","-413,103.73"
,482 Withdrawals,12/31/2023,Journal Entry,CPA 07,,,,"-1,248.08","-414,351.81"
Total for 482 Withdrawals,,,,,,,,"$30,939.19",
486 Johnson Transfer Withdrawals,,,,,,,,,
,486 Johnson Transfer Withdrawals,01/05/2023,Expense,,Dr. Johnson's Withdrawal,,Cash in BOA 0693,"-6,000.00","-6,000.00"
,486 Johnson Transfer Withdrawals,01/13/2023,Expense,,Dr. Johnson's Withdrawal,,Cash in BOA 0693,"-4,000.00","-10,000.00"
,486 Johnson Transfer Withdrawals,01/20/2023,Expense,,Dr. Johnson's Withdrawal,,Cash in BOA 0693,"-6,000.00","-16,000.00"
,486 Johnson Transfer Withdrawals,01/31/2023,Expense,,Dr. Johnson's Withdrawal,,Cash in BOA 0693,"-4,000.00","-20,000.00"
,486 Johnson Transfer Withdrawals,02/03/2023,Expense,,Dr. Johnson's Withdrawal,,Cash in BOA 0693,"-6,000.00","-26,000.00"
,486 Johnson Transfer Withdrawals,02/15/2023,Expense,,Dr. Johnson's Withdrawal,,Cash in BOA 0693,"-4,000.00","-30,000.00"
,486 Johnson Transfer Withdrawals,02/17/2023,Expense,,Dr. Johnson's Withdrawal,,Cash in BOA 0693,"-6,000.00","-36,000.00"
,486 Johnson Transfer Withdrawals,03/02/2023,Expense,,Dr. Johnson's Withdrawal,,Cash in BOA 0693,"-4,000.00","-40,000.00"
,486 Johnson Transfer Withdrawals,03/06/2023,Expense,,Dr. Johnson's Withdrawal,,Cash in BOA 0693,"-6,000.00","-46,000.00"
,486 Johnson Transfer Withdrawals,03/17/2023,Expense,,Dr. Johnson's Withdrawal,,Cash in BOA 0693,"-4,000.00","-50,000.00"
,486 Johnson Transfer Withdrawals,03/21/2023,Expense,,Dr. Johnson's Withdrawal,,Cash in BOA 0693,"-6,000.00","-56,000.00"
,486 Johnson Transfer Withdrawals,03/31/2023,Expense,,Dr. Johnson's Withdrawal,,Cash in BOA 0693,"-4,000.00","-60,000.00"
,486 Johnson Transfer Withdrawals,04/05/2023,Expense,,Dr. Johnson's Withdrawal,,Cash in BOA 0693,"-6,000.00","-66,000.00"
,486 Johnson Transfer Withdrawals,04/14/2023,Expense,,Dr. Johnson's Withdrawal,,Cash in BOA 0693,"-4,000.00","-70,000.00"
,486 Johnson Transfer Withdrawals,04/20/2023,Expense,,Dr. Johnson's Withdrawal,,Cash in BOA 0693,"-6,000.00","-76,000.00"
,486 Johnson Transfer Withdrawals,05/01/2023,Expense,,Dr. Johnson's Withdrawal,,Cash in BOA 0693,"-4,000.00","-80,000.00"
,486 Johnson Transfer Withdrawals,05/05/2023,Expense,,Dr. Johnson's Withdrawal,,Cash in BOA 0693,"-6,000.00","-86,000.00"
,486 Johnson Transfer Withdrawals,05/16/2023,Expense,,Dr. Johnson's Withdrawal,,Cash in BOA 0693,"-4,000.00","-90,000.00"
,486 Johnson Transfer Withdrawals,05/19/2023,Expense,,Dr. Johnson's Withdrawal,,Cash in BOA 0693,"-6,000.00","-96,000.00"
,486 Johnson Transfer Withdrawals,05/31/2023,Expense,,Dr. Johnson's Withdrawal,,Cash in BOA 0693,"-4,000.00","-100,000.00"
,486 Johnson Transfer Withdrawals,06/02/2023,Expense,,Dr. Johnson's Withdrawal,,Cash in BOA 0693,"-6,000.00","-106,000.00"
,486 Johnson Transfer Withdrawals,06/15/2023,Expense,,Dr. Johnson's Withdrawal,,Cash in BOA 0693,"-4,000.00","-110,000.00"
,486 Johnson Transfer Withdrawals,06/16/2023,Expense,,Dr. Johnson's Withdrawal,,Cash in BOA 0693,"-6,000.00","-116,000.00"
,486 Johnson Transfer Withdrawals,06/30/2023,Expense,,Dr. Johnson's Withdrawal,,Cash in BOA 0693,"-4,000.00","-120,000.00"
,486 Johnson Transfer Withdrawals,07/03/2023,Expense,,Dr. Johnson's Withdrawal,,Cash in BOA 0693,"-6,000.00","-126,000.00"
,486 Johnson Transfer Withdrawals,07/14/2023,Expense,,Dr. Johnson's Withdrawal,,Cash in BOA 0693,"-4,000.00","-130,000.00"
,486 Johnson Transfer Withdrawals,07/19/2023,Expense,,Dr. Johnson's Withdrawal,,Cash in BOA 0693,"-6,000.00","-136,000.00"
,486 Johnson Transfer Withdrawals,07/28/2023,Expense,,Dr. Johnson's Withdrawal,,Cash in BOA 0693,"-4,000.00","-140,000.00"
,486 Johnson Transfer Withdrawals,08/03/2023,Expense,,Dr. Johnson's Withdrawal,,Cash in BOA 0693,"-6,000.00","-146,000.00"
,486 Johnson Transfer Withdrawals,08/14/2023,Expense,,Dr. Johnson's Withdrawal,,Cash in BOA 0693,"-4,000.00","-150,000.00"
,486 Johnson Transfer Withdrawals,08/18/2023,Expense,,Dr. Johnson's Withdrawal,,Cash in BOA 0693,"-6,000.00","-156,000.00"
,486 Johnson Transfer Withdrawals,08/23/2023,Expense,,Transfer,Withdrawal,Cash in BOA 0716,"-50,000.00","-206,000.00"
,486 Johnson Transfer Withdrawals,08/24/2023,Expense,,Dr. Johnson's Withdrawal,,Cash in BOA 0693,"-2,500.00","-208,500.00"
,486 Johnson Transfer Withdrawals,08/29/2023,Expense,,Dr. Johnson's Withdrawal,,Cash in BOA 0693,"-4,000.00","-212,500.00"
,486 Johnson Transfer Withdrawals,09/01/2023,Expense,,Dr. Johnson's Withdrawal,,Cash in BOA 0693,"-6,000.00","-218,500.00"
,486 Johnson Transfer Withdrawals,09/13/2023,Expense,,Dr. Johnson's Withdrawal,,Cash in BOA 0693,"-4,000.00","-222,500.00"
,486 Johnson Transfer Withdrawals,09/15/2023,Expense,,Dr. Johnson's Withdrawal,,Cash in BOA 0693,"-6,000.00","-228,500.00"
,486 Johnson Transfer Withdrawals,09/22/2023,Expense,,Dr. Johnson's Withdrawal,,Cash in BOA 0693,"-2,500.00","-231,000.00"
,486 Johnson Transfer Withdrawals,09/28/2023,Expense,,Dr. Johnson's Withdrawal,,Cash in BOA 0693,"-4,000.00","-235,000.00"
,486 Johnson Transfer Withdrawals,10/02/2023,Expense,,Dr. Johnson's Withdrawal,,Cash in BOA 0693,"-6,000.00","-241,000.00"
,486 Johnson Transfer Withdrawals,10/13/2023,Expense,,Dr. Johnson's Withdrawal,,Cash in BOA 0693,"-4,000.00","-245,000.00"
,486 Johnson Transfer Withdrawals,10/17/2023,Expense,,Dr. Johnson's Withdrawal,,Cash in BOA 0693,"-6,000.00","-251,000.00"
,486 Johnson Transfer Withdrawals,10/24/2023,Expense,,Dr. Johnson's Withdrawal,,Cash in BOA 0693,"-2,500.00","-253,500.00"
,486 Johnson Transfer Withdrawals,10/27/2023,Expense,,Dr. Johnson's Withdrawal,,Cash in BOA 0693,"-4,000.00","-257,500.00"
,486 Johnson Transfer Withdrawals,11/01/2023,Expense,,Dr. Johnson's Withdrawal,,Cash in BOA 0693,"-6,000.00","-263,500.00"
Total for 486 Johnson Transfer Withdrawals,,,,,,,,"-$263,500.00",
485 Retirement Withdrawals,,,,,,,,,
,Beginning Balance,,,,,,,,"-128,050.45"
,485 Retirement Withdrawals,01/06/2023,Expense,,Matrix Trust Co,,Summit Checking 5809,"-10,000.00","-138,050.45"
,485 Retirement Withdrawals,02/14/2023,Expense,,Matrix Trust Co,,Summit Checking 5809,"-10,000.00","-148,050.45"
,485 Retirement Withdrawals,02/21/2023,Expense,,Matrix Trust Co,,Summit Checking 5809,"-10,000.00","-158,050.45"
,485 Retirement Withdrawals,03/10/2023,Expense,,Matrix Trust Co,,Summit Checking 5809,"-10,000.00","-168,050.45"
,485 Retirement Withdrawals,03/31/2023,Journal Entry,CPA 01,,,,"128,050.45","-40,000.00"
,485 Retirement Withdrawals,04/05/2023,Expense,,Matrix Trust Co,,Summit Checking 5809,"-10,000.00","-50,000.00"
,485 Retirement Withdrawals,05/08/2023,Expense,,Matrix Trust Co,,Summit Checking 5809,"-10,000.00","-60,000.00"
,485 Retirement Withdrawals,06/07/2023,Expense,,Matrix Trust Co,,Summit Checking 5809,"-10,000.00","-70,000.00"
,485 Retirement Withdrawals,07/07/2023,Expense,,Matrix Trust Co,,Summit Checking 5809,"-10,000.00","-80,000.00"
,485 Retirement Withdrawals,08/08/2023,Expense,,Matrix Trust Co,,Summit Checking 5809,"-10,000.00","-90,000.00"
,485 Retirement Withdrawals,09/07/2023,Expense,,Matrix Trust Co,,Summit Checking 5809,"-10,000.00","-100,000.00"
,485 Retirement Withdrawals,10/05/2023,Expense,,Matrix Trust Co,,Summit Checking 5809,"-10,000.00","-110,000.00"
Total for 485 Retirement Withdrawals,,,,,,,,"$18,050.45",
483 Medical Withdrawals,,,,,,,,,
,Beginning Balance,,,,,,,,"-21,288.14"
,483 Medical Withdrawals,01/10/2023,Expense,,Kaiser Permanente,,Cash in BOA 0693,"-1,792.87","-23,081.01"
,483 Medical Withdrawals,02/07/2023,Expense,,Kaiser Permanente,,Cash in BOA 0693,"-1,792.87","-24,873.88"
,483 Medical Withdrawals,03/31/2023,Journal Entry,CPA 01,,,,"21,288.14","-3,585.74"
,483 Medical Withdrawals,05/08/2023,Expense,,Regence Blue Cross,,Cash in BOA 0693,"-1,837.64","-5,423.38"
,483 Medical Withdrawals,06/09/2023,Expense,,Regence Blue Cross,,Cash in BOA 0693,"-1,837.64","-7,261.02"
,483 Medical Withdrawals,06/30/2023,Expense,,Regence Blue Cross,,Cash in BOA 0693,"-1,837.64","-9,098.66"
,483 Medical Withdrawals,06/30/2023,Journal Entry,BK 1,,,,"-1,837.64","-10,936.30"
,483 Medical Withdrawals,06/30/2023,Journal Entry,BK 1,,,,"-1,837.64","-12,773.94"
,483 Medical Withdrawals,08/04/2023,Expense,,Regence Blue Cross,,BOA Secondary Checking 0246,"-1,837.64","-14,611.58"
,483 Medical Withdrawals,09/01/2023,Expense,,Regence Blue Cross,,BOA Secondary Checking 0246,"-1,837.64","-16,449.22"
,483 Medical Withdrawals,10/13/2023,Expense,,Regence Blue Cross,,BOA Secondary Checking 0246,"-1,837.64","-18,286.86"
,483 Medical Withdrawals,11/20/2023,Expense,,Regence Blue Cross,,BOA Secondary Checking 0246,"-1,837.64","-20,124.50"
,483 Medical Withdrawals,12/08/2023,Expense,,Regence Blue Cross,,BOA Secondary Checking 0246,"-1,837.64","-21,962.14"
Total for 483 Medical Withdrawals,,,,,,,,-$674.00,
484 Tax Estimates,,,,,,,,,
,484 Tax Estimates,01/17/2023,Expense,,IRS,,Cash in BOA 0693,"-87,500.00","-87,500.00"
,484 Tax Estimates,04/19/2023,Expense,,IRS,,Cash in BOA 0693,"-37,100.00","-124,600.00"
,484 Tax Estimates,07/20/2023,Expense,,IRS,,Cash in BOA 0693,"-37,100.00","-161,700.00"
,484 Tax Estimates,09/15/2023,Expense,,IRS,,Summit Bank MM 5906,"-37,100.00","-198,800.00"
Total for 484 Tax Estimates,,,,,,,,"-$198,800.00",
Total for 482 Withdrawals with sub-accounts,,,,,,,,"-$413,984.36",
104 Cash in BOA 0716,,,,,,,,,
,Beginning Balance,,,,,,,,"125,976.74"
,104 Cash in BOA 0716,01/31/2023,Expense,,Federal Withholding,,Office Supplies,-0.26,"125,976.48"
,104 Cash in BOA 0716,01/31/2023,Deposit,,Interest Earned,,Interest Income,1.07,"125,977.55"
,104 Cash in BOA 0716,02/28/2023,Expense,,Federal Withholding,,Office Supplies,-0.23,"125,977.32"
,104 Cash in BOA 0716,02/28/2023,Deposit,,Interest Earned,,Interest Income,0.97,"125,978.29"
,104 Cash in BOA 0716,03/31/2023,Deposit,,Interest Earned,,Interest Income,1.07,"125,979.36"
,104 Cash in BOA 0716,03/31/2023,Expense,,Federal Withholding,,Office Supplies,-0.26,"125,979.10"
,104 Cash in BOA 0716,04/03/2023,Deposit,,Transfer,,Cash in BOA 0693,"50,000.00","175,979.10"
,104 Cash in BOA 0716,04/28/2023,Expense,,Federal Withholding,,Office Supplies,-0.34,"175,978.76"
,104 Cash in BOA 0716,04/28/2023,Deposit,,Interest Earned,,Interest Income,1.42,"175,980.18"
,104 Cash in BOA 0716,05/31/2023,Expense,,Federal Withholding,,Office Supplies,-0.36,"175,979.82"
,104 Cash in BOA 0716,05/31/2023,Deposit,,Interest Earned,,Interest Income,1.49,"175,981.31"
,104 Cash in BOA 0716,06/23/2023,Deposit,,Transfer,,Cash in BOA 0693,"25,000.00","200,981.31"
,104 Cash in BOA 0716,06/30/2023,Deposit,,Interest Earned,,Interest Income,1.50,"200,982.81"
,104 Cash in BOA 0716,06/30/2023,Expense,,Federal Withholding,,Office Supplies,-0.36,"200,982.45"
,104 Cash in BOA 0716,07/31/2023,Expense,,Federal Withholding,,Office Supplies,-0.41,"200,982.04"
,104 Cash in BOA 0716,07/31/2023,Deposit,,Interest Earned,,Interest Income,1.71,"200,983.75"
,104 Cash in BOA 0716,08/23/2023,Expense,,Transfer,Withdrawal,Johnson Transfer Withdrawals,"-50,000.00","150,983.75"
,104 Cash in BOA 0716,08/24/2023,Expense,,Transfer Fee,,Office Supplies,-5.00,"150,978.75"
,104 Cash in BOA 0716,08/31/2023,Deposit,,Interest Earned,,Interest Income,1.58,"150,980.33"
,104 Cash in BOA 0716,08/31/2023,Expense,,Federal Withholding,,Office Supplies,-0.38,"150,979.95"
,104 Cash in BOA 0716,09/19/2023,Expense,,Transfer,,Cash in BOA 0693,"20,000.00","170,979.95"
,104 Cash in BOA 0716,09/29/2023,Expense,,Federal Withholding,,Office Supplies,-0.31,"170,979.64"
,104 Cash in BOA 0716,09/29/2023,Deposit,,Interest Earned,,Interest Income,1.31,"170,980.95"
,104 Cash in BOA 0716,10/30/2023,Deposit,,Bank Of America,,Cash in BOA 0693,"30,000.00","200,980.95"
,104 Cash in BOA 0716,10/31/2023,Deposit,,Interest Earned,,Interest Income,1.47,"200,982.42"
,104 Cash in BOA 0716,10/31/2023,Expense,,Federal Withholding,,Office Supplies,-0.35,"200,982.07"
,104 Cash in BOA 0716,11/02/2023,Expense,,Wealthfront,,Withdrawals,"-175,000.00","25,982.07"
,104 Cash in BOA 0716,11/09/2023,Expense,,Bank Of America,,Cash in BOA 0693,"10,000.00","35,982.07"
,104 Cash in BOA 0716,11/22/2023,Deposit,,,,Cash in BOA 0693,"50,000.00","85,982.07"
,104 Cash in BOA 0716,11/30/2023,Deposit,,Interest Earned,,Interest Income,0.44,"85,982.51"
,104 Cash in BOA 0716,11/30/2023,Expense,,Federal Withholding,,Office Supplies,-0.11,"85,982.40"
,104 Cash in BOA 0716,12/11/2023,Expense,,,,BOA Secondary Checking 0246,"-4,000.00","81,982.40"
,104 Cash in BOA 0716,12/11/2023,Deposit,,,,BOA Secondary Checking 0246,"-4,000.00","77,982.40"
,104 Cash in BOA 0716,12/11/2023,Expense,,,,Cash in BOA 0693,"-10,000.00","67,982.40"
,104 Cash in BOA 0716,12/29/2023,Deposit,,Interest Earned,,Interest Income,0.62,"67,983.02"
,104 Cash in BOA 0716,12/29/2023,Expense,,Federal Withholding,,Office Supplies,-0.15,"67,982.87"
Total for 104 Cash in BOA 0716,,,,,,,,"-$57,993.87",
107 Riverview Savings 3304,,,,,,,,,
,Beginning Balance,,,,,,,,104.94
,107 Riverview Savings 3304,01/31/2023,Expense,,Account Fee,,Office Supplies,-5.00,99.94
,107 Riverview Savings 3304,02/28/2023,Deposit,,Interest Earned,,Interest Income,0.01,99.95
,107 Riverview Savings 3304,02/28/2023,Expense,,Account Fee,,Office Supplies,-5.00,94.95
,107 Riverview Savings 3304,03/31/2023,Expense,,Account Fee,,Office Supplies,-5.00,89.95
,107 Riverview Savings 3304,04/30/2023,Expense,,Account Fee,,Office Supplies,-5.00,84.95
,107 Riverview Savings 3304,04/30/2023,Deposit,,Interest Earned,,Interest Income,0.01,84.96
,107 Riverview Savings 3304,06/30/2023,Journal Entry,CPA 01,,,,-84.96,0.00
Total for 107 Riverview Savings 3304,,,,,,,,-$104.94,
194 Prepaid Expenses,,,,,,,,,
,Beginning Balance,,,,,,,,0.00
,194 Prepaid Expenses,03/31/2023,Journal Entry,BK1,,,,163.98,163.98
,194 Prepaid Expenses,03/31/2023,Journal Entry,CPA 02,,,,"2,054.23","2,218.21"
,194 Prepaid Expenses,06/30/2023,Journal Entry,BK 2,,,,"1,785.02","4,003.23"
,194 Prepaid Expenses,09/30/2023,Journal Entry,BK 1,,,,"1,732.97","5,736.20"
,194 Prepaid Expenses,12/31/2023,Journal Entry,CPA 01,,,,"2,195.09","7,931.29"
,194 Prepaid Expenses,12/31/2023,Journal Entry,CPA 07,,,,"-7,931.29",0.00
Total for 194 Prepaid Expenses,,,,,,,,$0.00,
Retained Earnings,,,,,,,,,
,Beginning Balance,,,,,,,,"596,232.79"
,465 Capital Account,03/31/2023,Journal Entry,CPA 01,,,,"-594,629.59","1,603.20"
Total for Retained Earnings,,,,,,,,"-$594,629.59",
229 Note Receivable Johnson Properties,,,,,,,,,
,Beginning Balance,,,,,,,,"167,664.73"
,229 Note Receivable Johnson Properties,12/31/2023,Journal Entry,CPA 06,,,,"-167,664.73",0.00
Total for 229 Note Receivable Johnson Properties,,,,,,,,"-$167,664.73",
325 Accrued Retirement Plan Payable,,,,,,,,,
,Beginning Balance,,,,,,,,"8,399.58"
,325 Accrued Retirement Plan Payable,12/31/2023,Journal Entry,CPA 07,,,,"8,127.87","16,527.45"
Total for 325 Accrued Retirement Plan Payable,,,,,,,,"$8,127.87",
OTHER EXPENSES PAID,,,,,,,,,
791 Depreciation,,,,,,,,,
,791 Depreciation,01/01/2023,Journal Entry,CPA 09,,,,"1,657.75","1,657.75"
,791 Depreciation,02/01/2023,Journal Entry,CPA 10,,,,"1,657.75","3,315.50"
,791 Depreciation,03/01/2023,Journal Entry,CPA 11,,,,"1,657.75","4,973.25"
,791 Depreciation,04/01/2023,Journal Entry,CPA 7,,,,"1,657.75","6,631.00"
,791 Depreciation,05/01/2023,Journal Entry,CPA 9,,,,"1,657.75","8,288.75"
,791 Depreciation,06/01/2023,Journal Entry,BK2,,,,"1,657.75","9,946.50"
,791 Depreciation,07/01/2023,Journal Entry,CPA 03,,,,"1,657.75","11,604.25"
,791 Depreciation,08/01/2023,Journal Entry,BK 3,,,,"1,657.75","13,262.00"
,791 Depreciation,09/01/2023,Journal Entry,BK 4,,,,"1,657.75","14,919.75"
,791 Depreciation,10/01/2023,Journal Entry,CPA 03r,,,,"1,657.75","16,577.50"
,791 Depreciation,11/01/2023,Journal Entry,BK 2,,,,"1,657.75","18,235.25"
,791 Depreciation,12/01/2023,Journal Entry,BK 3,,,,"1,657.75","19,893.00"
Total for 791 Depreciation,,,,,,,,"$19,893.00",
936 Interest Expense,,,,,,,,,
,936 Interest Expense,01/05/2023,Expense,,Summit Bank,,Summit Checking 5809,"2,032.55","2,032.55"
,936 Interest Expense,02/06/2023,Expense,,Summit Bank,,Summit Checking 5809,"2,073.82","4,106.37"
,936 Interest Expense,03/06/2023,Expense,,Summit Bank,,Summit Checking 5809,"1,793.45","5,899.82"
,936 Interest Expense,04/05/2023,Expense,,Summit Bank,,Summit Checking 5809,"1,898.00","7,797.82"
,936 Interest Expense,05/05/2023,Expense,,Summit Bank,,Summit Checking 5809,"1,874.79","9,672.61"
,936 Interest Expense,06/05/2023,Expense,,Summit Bank,,Summit Checking 5809,"1,913.21","11,585.82"
,936 Interest Expense,07/05/2023,Expense,,Summit Bank,,Summit Checking 5809,"1,828.33","13,414.15"
,936 Interest Expense,08/07/2023,Expense,,Summit Bank,,Summit Checking 5809,"1,985.37","15,399.52"
,936 Interest Expense,09/05/2023,Expense,,Summit Bank,,Summit Checking 5809,"1,728.83","17,128.35"
,936 Interest Expense,10/05/2023,Expense,,Summit Bank,,Summit Checking 5809,"1,771.17","18,899.52"
,936 Interest Expense,10/06/2023,Credit Card Expense,,Finance Charge,,Credit Card Payable,528.46,"19,427.98"
,936 Interest Expense,11/06/2023,Expense,,Summit Bank,,Summit Checking 5809,"1,870.97","21,298.95"
,936 Interest Expense,11/07/2023,Credit Card Credit,,Purchase Finance Charge,,Credit Card Payable,-519.67,"20,779.28"
,936 Interest Expense,11/07/2023,Credit Card Expense,,,finance charge,Credit Card Payable,519.67,"21,298.95"
,936 Interest Expense,12/05/2023,Expense,,Summit Bank,,Summit Checking 5809,"1,679.32","22,978.27"
,936 Interest Expense,12/07/2023,Expense,,Purchase Finance Charge,,Credit Card Payable,680.07,"23,658.34"
,936 Interest Expense,12/31/2023,Journal Entry,CPA 04,,,,519.67,"24,178.01"
Total for 936 Interest Expense,,,,,,,,"$24,178.01",
947 Sales & Use Tax,,,,,,,,,
,947 Sales & Use Tax,01/25/2023,Expense,,Wa Dor Bus,,Riverview Checking 6958,"3,096.03","3,096.03"
,947 Sales & Use Tax,02/27/2023,Expense,,Wa Department Of,,Riverview Checking 6958,"2,809.77","5,905.80"
,947 Sales & Use Tax,03/28/2023,Expense,,Wa Department Of,,Riverview Checking 6958,"3,535.10","9,440.90"
,947 Sales & Use Tax,04/27/2023,Expense,,Wa Department Of,,Riverview Checking 6958,"3,099.83","12,540.73"
,947 Sales & Use Tax,05/30/2023,Expense,,Wa Department Of,,Cash in BOA 0693,"3,162.06","15,702.79"
,947 Sales & Use Tax,06/28/2023,Expense,,Wa Department Of,,Cash in BOA 0693,"2,604.82","18,307.61"
,947 Sales & Use Tax,07/26/2023,Expense,,Wa Department Of,,Cash in BOA 0693,"2,503.68","20,811.29"
,947 Sales & Use Tax,07/27/2023,Expense,,Wa Department Of,,Cash in BOA 0693,"2,068.00","22,879.29"
,947 Sales & Use Tax,09/25/2023,Expense,,Wa Department Of,,Cash in BOA 0693,"3,306.51","26,185.80"
,947 Sales & Use Tax,09/26/2023,Expense,,Wa Department Of,,Cash in BOA 0693,"2,746.01","28,931.81"
,947 Sales & Use Tax,10/27/2023,Expense,,Wa Department Of,,Cash in BOA 0693,"2,944.36","31,876.17"
,947 Sales & Use Tax,11/29/2023,Expense,,Wa Department Of,,Cash in BOA 0693,"2,895.07","34,771.24"
Total for 947 Sales & Use Tax,,,,,,,,"$34,771.24",
906 Interest Income,,,,,,,,,
,906 Interest Income,01/31/2023,Deposit,,Interest Earned,,Summit Checking 5809,-29.90,-29.90
,906 Interest Income,01/31/2023,Deposit,,Interest Earned,,Cash in BOA 0716,-1.07,-30.97
,906 Interest Income,01/31/2023,Deposit,,Interest Earned,,Summit Bank MM 5906,-33.22,-64.19
,906 Interest Income,02/28/2023,Deposit,,Interest Earned,,Cash in BOA 0716,-0.97,-65.16
,906 Interest Income,02/28/2023,Deposit,,Interest Earned,,Summit Checking 5809,-26.26,-91.42
,906 Interest Income,02/28/2023,Deposit,,Interest Earned,,Summit Bank MM 5906,-32.41,-123.83
,906 Interest Income,02/28/2023,Deposit,,Interest Earned,,Riverview Savings 3304,-0.01,-123.84
,906 Interest Income,03/31/2023,Deposit,,Interest Earned,,Cash in BOA 0716,-1.07,-124.91
,906 Interest Income,03/31/2023,Deposit,,Interest Earned,,Summit Checking 5809,-15.20,-140.11
,906 Interest Income,03/31/2023,Deposit,,Interest Earned,,Summit Bank MM 5906,-38.18,-178.29
,906 Interest Income,04/28/2023,Deposit,,Interest Earned,,Cash in BOA 0716,-1.42,-179.71
,906 Interest Income,04/28/2023,Deposit,,Interest Earned,,Summit Checking 5809,-13.85,-193.56
,906 Interest Income,04/28/2023,Deposit,,Interest Earned,,Summit Bank MM 5906,-28.32,-221.88
,906 Interest Income,04/30/2023,Deposit,,Interest Earned,,Riverview Savings 3304,-0.01,-221.89
,906 Interest Income,05/31/2023,Deposit,,Interest Earned,,Summit Bank MM 5906,-34.24,-256.13
,906 Interest Income,05/31/2023,Deposit,,Interest Earned,,Summit Checking 5809,-24.16,-280.29
,906 Interest Income,05/31/2023,Deposit,,Interest Earned,,Cash in BOA 0716,-1.49,-281.78
,906 Interest Income,06/30/2023,Deposit,,Interest Earned,,Summit Checking 5809,-22.86,-304.64
,906 Interest Income,06/30/2023,Deposit,,Interest Earned,,Cash in BOA 0716,-1.50,-306.14
,906 Interest Income,06/30/2023,Deposit,,Interest Earned,,Summit Bank MM 5906,-33.47,-339.61
,906 Interest Income,07/31/2023,Deposit,,Interest Earned,,Summit Bank MM 5906,-36.95,-376.56
,906 Interest Income,07/31/2023,Deposit,,Interest Earned,,Summit Checking 5809,-23.17,-399.73
,906 Interest Income,07/31/2023,Deposit,,Interest Earned,,Cash in BOA 0716,-1.71,-401.44
,906 Interest Income,08/31/2023,Deposit,,Interest Earned,,Cash in BOA 0716,-1.58,-403.02
,906 Interest Income,08/31/2023,Deposit,,Interest Earned,,Summit Bank MM 5906,-39.36,-442.38
,906 Interest Income,08/31/2023,Deposit,,Interest Earned,,Summit Checking 5809,-29.58,-471.96
,906 Interest Income,09/29/2023,Deposit,,Interest Earned,,Cash in BOA 0716,-1.31,-473.27
,906 Interest Income,09/29/2023,Deposit,,Interest Earned,,Summit Bank MM 5906,-19.89,-493.16
,906 Interest Income,09/29/2023,Deposit,,Interest Earned,,Summit Checking 5809,-29.78,-522.94
,906 Interest Income,10/31/2023,Deposit,,Interest Earned,,Summit Checking 5809,-26.37,-549.31
,906 Interest Income,10/31/2023,Deposit,,Interest Earned,,Cash in BOA 0716,-1.47,-550.78
,906 Interest Income,10/31/2023,Deposit,,Interest Earned,,Summit Bank MM 5906,-4.72,-555.50
,906 Interest Income,11/30/2023,Deposit,,Interest Earned,,Summit Bank MM 5906,-6.73,-562.23
,906 Interest Income,11/30/2023,Deposit,,Interest Earned,,Cash in BOA 0716,-0.44,-562.67
,906 Interest Income,11/30/2023,Deposit,,Interest Earned,,Summit Checking 5809,-20.31,-582.98
,906 Interest Income,12/29/2023,Deposit,,Interest Earned,,Summit Checking 5809,-17.67,-600.65
,906 Interest Income,12/29/2023,Deposit,,Interest Earned,,Cash in BOA 0716,-0.62,-601.27
,906 Interest Income,12/29/2023,Deposit,,Interest Earned,,Summit Bank MM 5906,-8.58,-609.85
Total for 906 Interest Income,,,,,,,,-$609.85,
759 Associate Fees,,,,,,,,,
,759 Associate Fees,12/31/2023,Journal Entry,CPA 01,,,,"1,500.00","1,500.00"
,759 Associate Fees,12/31/2023,Journal Entry,CPA 01,,,,"2,625.00","4,125.00"
,759 Associate Fees,12/31/2023,Journal Entry,CPA 01,,,,"7,080.00","11,205.00"
Total for 759 Associate Fees,,,,,,,,"$11,205.00",
MEMBER'S EXPENSES,,,,,,,,,
783 Meals,,,,,,,,,
,783 Meals,01/02/2023,Credit Card Expense,,Burgerville USA,,Credit Card Payable,17.44,17.44
,783 Meals,01/02/2023,Credit Card Expense,,Dominos,,Credit Card Payable,21.23,38.67
,783 Meals,01/09/2023,Expense,,Dosalas Latin Kitchen,,Credit Card Payable,277.40,316.07
,783 Meals,01/16/2023,Expense,,7-Eleven,,Credit Card Payable,51.41,367.48
,783 Meals,01/23/2023,Expense,,Burgerville USA,,Credit Card Payable,35.31,402.79
,783 Meals,01/25/2023,Expense,,7-Eleven,,Credit Card Payable,9.46,412.25
,783 Meals,01/27/2023,Expense,,Mr Maple Donuts LLC,,Credit Card Payable,18.15,430.40
,783 Meals,01/30/2023,Expense,,Jerusalem Cafe,,Credit Card Payable,49.67,480.07
,783 Meals,01/31/2023,Expense,,7-Eleven,,Credit Card Payable,100.00,580.07
,783 Meals,02/01/2023,Expense,,7-Eleven,,Credit Card Payable,13.61,593.68
,783 Meals,02/06/2023,Expense,,Nekter Juice Bar,,Credit Card Payable,120.49,714.17
,783 Meals,02/13/2023,Expense,,Sonic,,Credit Card Payable,9.53,723.70
,783 Meals,02/14/2023,Expense,,Trader Joe's,,Credit Card Payable,5.49,729.19
,783 Meals,02/17/2023,Expense,,Panera Bread,,Credit Card Payable,35.35,764.54
,783 Meals,02/17/2023,Expense,,Seize The Bagel,,Credit Card Payable,39.74,804.28
,783 Meals,02/27/2023,Expense,,Chuck's Produce,,Credit Card Payable,4.69,808.97
,783 Meals,02/28/2023,Expense,,Larsons Bakery,,Credit Card Payable,30.00,838.97
,783 Meals,03/01/2023,Expense,,Jersey Mike's,,Credit Card Payable,60.24,899.21
,783 Meals,03/02/2023,Expense,,Mr Maple Donuts LLC,,Credit Card Payable,59.67,958.88
,783 Meals,03/06/2023,Expense,,Muchas Gracias Mexican Food,,Credit Card Payable,10.85,969.73
,783 Meals,03/06/2023,Expense,,Nekter Juice Bar,,Credit Card Payable,121.03,"1,090.76"
,783 Meals,03/08/2023,Expense,,Burgerville USA,,Credit Card Payable,41.14,"1,131.90"
,783 Meals,03/10/2023,Expense,,Jersey Mike's,,Credit Card Payable,58.95,"1,190.85"
,783 Meals,03/13/2023,Expense,,Jerusalem Cafe,,Credit Card Payable,51.48,"1,242.33"
,783 Meals,03/13/2023,Expense,,Seaside Dutch,,Credit Card Payable,8.70,"1,251.03"
,783 Meals,03/13/2023,Expense,,7-Eleven,,Credit Card Payable,97.72,"1,348.75"
,783 Meals,03/17/2023,Expense,,Burgerville USA,,Credit Card Payable,33.92,"1,382.67"
,783 Meals,03/17/2023,Expense,,Seize The Bagel,,Credit Card Payable,34.67,"1,417.34"
,783 Meals,03/22/2023,Expense,,Burgerville USA,,Credit Card Payable,30.54,"1,447.88"
,783 Meals,04/13/2023,Expense,,Mr Maple Donuts LLC,,Credit Card Payable,21.49,"1,469.37"
,783 Meals,04/20/2023,Expense,,Nekter Juice Bar,,Credit Card Payable,102.11,"1,571.48"
,783 Meals,04/21/2023,Expense,,McDonald's,,Credit Card Payable,28.62,"1,600.10"
,783 Meals,04/26/2023,Expense,,Nekter Juice Bar,,Credit Card Payable,23.98,"1,624.08"
,783 Meals,04/27/2023,Expense,,Larsons Bakery,,Credit Card Payable,47.00,"1,671.08"
,783 Meals,04/29/2023,Expense,,Carmen's Kitchen,,Credit Card Payable,40.36,"1,711.44"
,783 Meals,04/30/2023,Expense,,Station Cafe,,Credit Card Payable,57.96,"1,769.40"
,783 Meals,05/04/2023,Expense,,Seize The Bagel,,Credit Card Payable,34.31,"1,803.71"
,783 Meals,05/08/2023,Expense,,7-Eleven,,Credit Card Payable,14.08,"1,817.79"
,783 Meals,05/15/2023,Expense,,Jersey Mike's,,Credit Card Payable,67.96,"1,885.75"
,783 Meals,05/18/2023,Expense,,Burgerville USA,,Credit Card Payable,4.34,"1,890.09"
,783 Meals,05/18/2023,Expense,,Burgerville USA,,Credit Card Payable,44.93,"1,935.02"
,783 Meals,05/26/2023,Expense,,Mr Maple Donuts LLC,,Credit Card Payable,113.44,"2,048.46"
,783 Meals,05/30/2023,Expense,,Cask & Larder,,Credit Card Payable,70.97,"2,119.43"
,783 Meals,06/05/2023,Expense,,Chick-Fil-A,,Credit Card Payable,62.34,"2,181.77"
,783 Meals,06/05/2023,Expense,,McMenamins,,Credit Card Payable,179.54,"2,361.31"
,783 Meals,06/12/2023,Expense,,Zen Sushi Bar,,Credit Card Payable,64.91,"2,426.22"
,783 Meals,06/15/2023,Expense,,Panda Express,,Credit Card Payable,36.58,"2,462.80"
,783 Meals,06/20/2023,Expense,,Station Cafe,,Credit Card Payable,57.40,"2,520.20"
,783 Meals,06/26/2023,Expense,,popeye's,,Credit Card Payable,11.92,"2,532.12"
,783 Meals,07/03/2023,Expense,,Nekter Juice Bar,,Credit Card Payable,10.73,"2,542.85"
,783 Meals,07/07/2023,Expense,,Sushi Moto Bar,,Credit Card Payable,66.78,"2,609.63"
,783 Meals,07/10/2023,Expense,,Jersey Mike's,,Credit Card Payable,79.99,"2,689.62"
,783 Meals,07/10/2023,Expense,,Deschutes Brewing,,Credit Card Payable,46.02,"2,735.64"
,783 Meals,07/19/2023,Expense,,7-Eleven,,Credit Card Payable,104.81,"2,840.45"
,783 Meals,07/27/2023,Expense,,Burgerville USA,,Credit Card Payable,9.53,"2,849.98"
,783 Meals,07/31/2023,Expense,,7-Eleven,,Credit Card Payable,11.17,"2,861.15"
,783 Meals,07/31/2023,Expense,,Love Shack,,Credit Card Payable,26.18,"2,887.33"
,783 Meals,08/07/2023,Expense,,Jersey Mike's,,Credit Card Payable,63.70,"2,951.03"
,783 Meals,08/11/2023,Expense,,7-Eleven,,Credit Card Payable,53.56,"3,004.59"
,783 Meals,08/14/2023,Expense,,7-Eleven,,Credit Card Payable,3.81,"3,008.40"
,783 Meals,08/14/2023,Expense,,Cha Cha Cha,,Credit Card Payable,46.29,"3,054.69"
,783 Meals,08/14/2023,Expense,,McDonald's,,Credit Card Payable,3.21,"3,057.90"
,783 Meals,08/28/2023,Expense,,Elysian Brewing,,Credit Card Payable,33.87,"3,091.77"
,783 Meals,08/28/2023,Expense,,Elysian Brewing,,Credit Card Payable,18.24,"3,110.01"
,783 Meals,08/28/2023,Expense,,Elysian Brewing,,Credit Card Payable,127.61,"3,237.62"
,783 Meals,08/28/2023,Expense,,Elysian Brewing,,Credit Card Payable,19.54,"3,257.16"
,783 Meals,08/29/2023,Expense,,Cha Cha Cha,,Credit Card Payable,55.50,"3,312.66"
,783 Meals,08/30/2023,Expense,,Kyoto Sushi,,Credit Card Payable,128.48,"3,441.14"
,783 Meals,09/01/2023,Expense,,Burgerville USA,,Credit Card Payable,30.32,"3,471.46"
,783 Meals,09/04/2023,Expense,,Jack in the Box,,Credit Card Payable,13.79,"3,485.25"
,783 Meals,09/08/2023,Expense,,7-Eleven,,Credit Card Payable,80.55,"3,565.80"
,783 Meals,09/14/2023,Expense,,Burgerville USA,,Credit Card Payable,30.32,"3,596.12"
,783 Meals,09/18/2023,Expense,,7-Eleven,,Credit Card Payable,121.73,"3,717.85"
,783 Meals,09/18/2023,Expense,,Mio Sushi,,Credit Card Payable,85.90,"3,803.75"
,783 Meals,09/20/2023,Expense,,Chick-Fil-A,,Credit Card Payable,12.15,"3,815.90"
,783 Meals,09/22/2023,Expense,,Sonic,,Credit Card Payable,7.03,"3,822.93"
,783 Meals,09/25/2023,Expense,,Jersey Mike's,,Credit Card Payable,54.72,"3,877.65"
,783 Meals,09/25/2023,Expense,,7-Eleven,,Credit Card Payable,5.74,"3,883.39"
,783 Meals,09/28/2023,Expense,,Arby's,,Credit Card Payable,11.95,"3,895.34"
,783 Meals,10/02/2023,Expense,,Menchies,,Credit Card Payable,9.32,"3,904.66"
,783 Meals,10/13/2023,Expense,,Mr Maple Donuts LLC,,Credit Card Payable,21.65,"3,926.31"
,783 Meals,10/18/2023,Expense,,7-Eleven,,Credit Card Payable,11.84,"3,938.15"
,783 Meals,10/18/2023,Expense,,Nekter Juice Bar,,Credit Card Payable,11.95,"3,950.10"
,783 Meals,10/20/2023,Expense,,Burgerville USA,,Credit Card Payable,39.08,"3,989.18"
,783 Meals,10/25/2023,Expense,,Thai Terrace,,Credit Card Payable,17.31,"4,006.49"
,783 Meals,10/27/2023,Expense,,Seize The Bagel,,Credit Card Payable,37.11,"4,043.60"
,783 Meals,10/30/2023,Expense,,Doordash,,Credit Card Payable,26.02,"4,069.62"
,783 Meals,11/03/2023,Expense,,7-Eleven,,Credit Card Payable,11.27,"4,080.89"
,783 Meals,11/06/2023,Expense,,Quiznos,,Credit Card Payable,16.03,"4,096.92"
,783 Meals,11/06/2023,Expense,,Thai BBQ,,Credit Card Payable,16.66,"4,113.58"
,783 Meals,11/06/2023,Expense,,Chick-Fil-A,,Credit Card Payable,64.08,"4,177.66"
,783 Meals,11/07/2023,Expense,,Costa Vida,,Credit Card Payable,70.87,"4,248.53"
,783 Meals,11/09/2023,Expense,,Chick-Fil-A,,Credit Card Payable,12.15,"4,260.68"
,783 Meals,11/17/2023,Expense,,Cinnabon,,Credit Card Payable,199.91,"4,460.59"
,783 Meals,11/17/2023,Expense,,El Viejon,,Credit Card Payable,21.87,"4,482.46"
,783 Meals,12/06/2023,Expense,,Trader Joe's,,Credit Card Payable,11.95,"4,494.41"
,783 Meals,12/11/2023,Expense,,The Hammond Neighbor Camas,,Credit Card Payable,"1,508.99","6,003.40"
,783 Meals,12/26/2023,Expense,,Nothing Bundt Cakes,,Credit Card Payable,41.87,"6,045.27"
,783 Meals,12/31/2023,Journal Entry,CPA 07,,,,"-1,508.99","4,536.28"
Total for 783 Meals,,,,,,,,"$4,536.28",
787 Auto Expense,,,,,,,,,
,787 Auto Expense,01/09/2023,Expense,,Wa Vehicle Licensing,,Credit Card Payable,142.40,142.40
,787 Auto Expense,01/13/2023,Expense,,Allstate,,Cash in BOA 0693,417.51,559.91
,787 Auto Expense,01/27/2023,Expense,,JP Morgan Chase,,Riverview Checking 6958,983.89,"1,543.80"
,787 Auto Expense,02/07/2023,Expense,,Chevron,,Credit Card Payable,69.35,"1,613.15"
,787 Auto Expense,02/13/2023,Expense,,Uber,,Credit Card Payable,77.95,"1,691.10"
,787 Auto Expense,02/14/2023,Expense,,Allstate,,Cash in BOA 0693,417.51,"2,108.61"
,787 Auto Expense,02/15/2023,Expense,,Uber,,Credit Card Payable,64.91,"2,173.52"
,787 Auto Expense,02/28/2023,Expense,,JP Morgan Chase,,Riverview Checking 6958,983.89,"3,157.41"
,787 Auto Expense,03/14/2023,Expense,,Allstate,,Cash in BOA 0693,417.51,"3,574.92"
,787 Auto Expense,03/17/2023,Expense,,lyft,,Credit Card Payable,46.79,"3,621.71"
,787 Auto Expense,03/20/2023,Expense,,Uber,,Credit Card Payable,10.64,"3,632.35"
,787 Auto Expense,03/20/2023,Expense,,Uber,,Credit Card Payable,70.98,"3,703.33"
,787 Auto Expense,03/27/2023,Expense,,Uber,,Credit Card Payable,64.96,"3,768.29"
,787 Auto Expense,03/27/2023,Expense,,Uber,,Credit Card Payable,9.92,"3,778.21"
,787 Auto Expense,03/27/2023,Expense,,Uber,,Credit Card Payable,3.00,"3,781.21"
,787 Auto Expense,03/27/2023,Expense,,Uber,,Credit Card Payable,10.94,"3,792.15"
,787 Auto Expense,03/27/2023,Expense,,Uber,,Credit Card Payable,12.96,"3,805.11"
,787 Auto Expense,03/28/2023,Expense,,JP Morgan Chase,,Riverview Checking 6958,983.89,"4,789.00"
,787 Auto Expense,03/30/2023,Expense,,Chevron,,Credit Card Payable,71.17,"4,860.17"
,787 Auto Expense,04/07/2023,Expense,,Uber,,Credit Card Payable,9.99,"4,870.16"
,787 Auto Expense,04/13/2023,Expense,,Allstate,,Cash in BOA 0693,417.51,"5,287.67"
,787 Auto Expense,04/15/2023,Expense,,Arco,,Credit Card Payable,108.51,"5,396.18"
,787 Auto Expense,04/27/2023,Expense,,JP Morgan Chase,,Riverview Checking 6958,983.89,"6,380.07"
,787 Auto Expense,04/29/2023,Expense,,Hatt's Fuel Stop,,Credit Card Payable,88.05,"6,468.12"
,787 Auto Expense,05/08/2023,Expense,,Chevron,,Credit Card Payable,74.38,"6,542.50"
,787 Auto Expense,05/08/2023,Expense,,Uber,,Credit Card Payable,9.99,"6,552.49"
,787 Auto Expense,05/15/2023,Expense,,Allstate,,Cash in BOA 0693,246.63,"6,799.12"
,787 Auto Expense,05/26/2023,Expense,,Uber,,Credit Card Payable,54.31,"6,853.43"
,787 Auto Expense,05/29/2023,Expense,,Uber,,Credit Card Payable,16.97,"6,870.40"
,787 Auto Expense,05/29/2023,Expense,,Uber,,Credit Card Payable,11.93,"6,882.33"
,787 Auto Expense,05/29/2023,Expense,,Uber,,Credit Card Payable,24.96,"6,907.29"
,787 Auto Expense,05/29/2023,Expense,,Uber,,Credit Card Payable,11.96,"6,919.25"
,787 Auto Expense,05/29/2023,Expense,,Uber,,Credit Card Payable,13.95,"6,933.20"
,787 Auto Expense,05/29/2023,Expense,,Uber,,Credit Card Payable,41.11,"6,974.31"
,787 Auto Expense,05/29/2023,Expense,,Uber,,Credit Card Payable,10.60,"6,984.91"
,787 Auto Expense,05/30/2023,Expense,,PDX Airport Parking,,Credit Card Payable,96.00,"7,080.91"
,787 Auto Expense,05/31/2023,Expense,,JP Morgan Chase,,Cash in BOA 0693,"1,013.64","8,094.55"
,787 Auto Expense,06/05/2023,Expense,,Chevron,,Credit Card Payable,118.04,"8,212.59"
,787 Auto Expense,06/12/2023,Expense,,Uber,,Credit Card Payable,7.27,"8,219.86"
,787 Auto Expense,06/12/2023,Expense,,Exxon,,Credit Card Payable,70.50,"8,290.36"
,787 Auto Expense,06/14/2023,Expense,,Allstate,,Cash in BOA 0693,354.88,"8,645.24"
,787 Auto Expense,06/16/2023,Expense,,Uber,,Credit Card Payable,9.99,"8,655.23"
,787 Auto Expense,06/16/2023,Expense,,E and A Auto Repair,,Credit Card Payable,"1,036.00","9,691.23"
,787 Auto Expense,06/30/2023,Expense,,JP Morgan Chase,,Cash in BOA 0693,986.60,"10,677.83"
,787 Auto Expense,07/13/2023,Expense,,Allstate,,Cash in BOA 0693,354.88,"11,032.71"
,787 Auto Expense,07/14/2023,Expense,,Kaady Car Wash,,Credit Card Payable,10.00,"11,042.71"
,787 Auto Expense,07/17/2023,Expense,,Uber,,Credit Card Payable,9.99,"11,052.70"
,787 Auto Expense,07/18/2023,Expense,,Kaady Car Wash,,Credit Card Payable,15.00,"11,067.70"
,787 Auto Expense,07/18/2023,Expense,,Costco Gas,,Credit Card Payable,71.33,"11,139.03"
,787 Auto Expense,07/31/2023,Expense,,Uber,,Credit Card Payable,43.94,"11,182.97"
,787 Auto Expense,07/31/2023,Expense,,Uber,,Credit Card Payable,4.88,"11,187.85"
,787 Auto Expense,07/31/2023,Expense,,Uber,,Credit Card Payable,3.00,"11,190.85"
,787 Auto Expense,07/31/2023,Expense,,Uber,,Credit Card Payable,4.55,"11,195.40"
,787 Auto Expense,07/31/2023,Expense,,Uber,,Credit Card Payable,32.59,"11,227.99"
,787 Auto Expense,07/31/2023,Expense,,PDX Airport Parking,,Credit Card Payable,30.00,"11,257.99"
,787 Auto Expense,08/01/2023,Expense,,JP Morgan Chase,,Cash in BOA 0693,986.60,"12,244.59"
,787 Auto Expense,08/07/2023,Expense,,Uber,,Credit Card Payable,1.00,"12,245.59"
,787 Auto Expense,08/07/2023,Expense,,Uber,,Credit Card Payable,10.90,"12,256.49"
,787 Auto Expense,08/07/2023,Expense,,Uber,,Credit Card Payable,5.98,"12,262.47"
,787 Auto Expense,08/14/2023,Expense,,Shell,,Credit Card Payable,124.23,"12,386.70"
,787 Auto Expense,08/15/2023,Expense,,Allstate,,Cash in BOA 0693,354.88,"12,741.58"
,787 Auto Expense,08/15/2023,Expense,,Uber,,Credit Card Payable,9.99,"12,751.57"
,787 Auto Expense,08/22/2023,Expense,,Chevron,,Credit Card Payable,20.00,"12,771.57"
,787 Auto Expense,08/22/2023,Expense,,Chevron,,Credit Card Payable,76.55,"12,848.12"
,787 Auto Expense,08/22/2023,Expense,,Kaady Car Wash,,Credit Card Payable,15.00,"12,863.12"
,787 Auto Expense,08/22/2023,Expense,,Kaady Car Wash,,Credit Card Payable,10.00,"12,873.12"
,787 Auto Expense,08/25/2023,Expense,,COV Parking,,Credit Card Payable,0.60,"12,873.72"
,787 Auto Expense,08/28/2023,Expense,,Chevron,,Credit Card Payable,73.62,"12,947.34"
,787 Auto Expense,08/30/2023,Expense,,JP Morgan Chase,,Cash in BOA 0693,986.60,"13,933.94"
,787 Auto Expense,09/13/2023,Expense,,Allstate,,Cash in BOA 0693,354.88,"14,288.82"
,787 Auto Expense,09/15/2023,Expense,,Uber,,Credit Card Payable,9.99,"14,298.81"
,787 Auto Expense,09/25/2023,Expense,,Uber,,Credit Card Payable,9.91,"14,308.72"
,787 Auto Expense,09/25/2023,Expense,,Uber,,Credit Card Payable,13.96,"14,322.68"
,787 Auto Expense,09/26/2023,Expense,,2 Levy,,Credit Card Payable,14.95,"14,337.63"
,787 Auto Expense,10/02/2023,Expense,,JP Morgan Chase,,Cash in BOA 0693,986.60,"15,324.23"
,787 Auto Expense,10/13/2023,Expense,,Allstate,,Cash in BOA 0693,354.88,"15,679.11"
,787 Auto Expense,10/16/2023,Expense,,Uber,,Credit Card Payable,9.99,"15,689.10"
,787 Auto Expense,10/19/2023,Expense,,Uber,,Credit Card Payable,9.97,"15,699.07"
,787 Auto Expense,10/19/2023,Expense,,Uber,,Credit Card Payable,3.00,"15,702.07"
,787 Auto Expense,10/20/2023,Expense,,Uber,,Credit Card Payable,3.00,"15,705.07"
,787 Auto Expense,10/20/2023,Expense,,Uber,,Credit Card Payable,9.96,"15,715.03"
,787 Auto Expense,10/23/2023,Expense,,Shell,,Credit Card Payable,80.10,"15,795.13"
,787 Auto Expense,10/30/2023,Expense,,Uber,,Credit Card Payable,8.43,"15,803.56"
,787 Auto Expense,10/30/2023,Expense,,Uber,,Credit Card Payable,33.75,"15,837.31"
,787 Auto Expense,10/30/2023,Expense,,Uber,,Credit Card Payable,34.88,"15,872.19"
,787 Auto Expense,10/31/2023,Expense,,JP Morgan Chase,,Cash in BOA 0693,986.60,"16,858.79"
,787 Auto Expense,11/14/2023,Expense,,Allstate,,Cash in BOA 0693,303.05,"17,161.84"
,787 Auto Expense,11/15/2023,Expense,,Uber,,Credit Card Payable,9.99,"17,171.83"
,787 Auto Expense,12/13/2023,Expense,,Allstate,,Cash in BOA 0693,394.26,"17,566.09"
,787 Auto Expense,12/15/2023,Expense,,Uber,,Credit Card Payable,9.99,"17,576.08"
Total for 787 Auto Expense,,,,,,,,"$17,576.08",
787.1 Personal Auto Reimbursement,,,,,,,,,
,787.1 Personal Auto Reimbursement,12/31/2023,Journal Entry,CPA 02,,,,"-7,900.00","-7,900.00"
Total for 787.1 Personal Auto Reimbursement,,,,,,,,"-$7,900.00",
Total for 787 Auto Expense with sub-accounts,,,,,,,,"$9,676.08",
784 Contributions,,,,,,,,,
,784 Contributions,01/17/2023,Expense,,AcLU,,Credit Card Payable,25.00,25.00
,784 Contributions,01/20/2023,Expense,,Clark County Food Bank,,Credit Card Payable,200.00,225.00
,784 Contributions,02/17/2023,Expense,,AcLU,,Credit Card Payable,25.00,250.00
,784 Contributions,02/20/2023,Expense,,Clark County Food Bank,,Credit Card Payable,200.00,450.00
,784 Contributions,03/17/2023,Expense,,AcLU,,Credit Card Payable,25.00,475.00
,784 Contributions,03/20/2023,Expense,,Clark County Food Bank,,Credit Card Payable,200.00,675.00
,784 Contributions,04/16/2023,Expense,,AcLU,,Credit Card Payable,25.00,700.00
,784 Contributions,04/19/2023,Expense,,Clark County Food Bank,,Credit Card Payable,200.00,900.00
,784 Contributions,05/17/2023,Expense,,AcLU,,Credit Card Payable,25.00,925.00
,784 Contributions,05/22/2023,Expense,,Clark County Food Bank,,Credit Card Payable,200.00,"1,125.00"
,784 Contributions,06/19/2023,Expense,,AcLU,,Credit Card Payable,25.00,"1,150.00"
,784 Contributions,06/21/2023,Expense,,Clark County Food Bank,,Credit Card Payable,200.00,"1,350.00"
,784 Contributions,07/03/2023,Expense,,Mt Adams Zen,,Cash in BOA 0693,200.00,"1,550.00"
,784 Contributions,07/27/2023,Expense,,Mt Adams Zen,,Cash in BOA 0693,200.00,"1,750.00"
,784 Contributions,08/17/2023,Expense,,AcLU,,Credit Card Payable,25.00,"1,775.00"
,784 Contributions,08/28/2023,Expense,,Mt Adams Zen,,Cash in BOA 0693,200.00,"1,975.00"
,784 Contributions,09/18/2023,Expense,,AcLU,,Credit Card Payable,25.00,"2,000.00"
,784 Contributions,09/27/2023,Expense,,Mt Adams Zen,,Cash in BOA 0693,200.00,"2,200.00"
,784 Contributions,10/17/2023,Expense,,AcLU,,Credit Card Payable,25.00,"2,225.00"
,784 Contributions,10/27/2023,Expense,,Mt Adams Zen,,Cash in BOA 0693,200.00,"2,425.00"
,784 Contributions,10/27/2023,Expense,,Chief Priest,,Credit Card Payable,300.00,"2,725.00"
,784 Contributions,11/17/2023,Expense,,AcLU,,Credit Card Payable,25.00,"2,750.00"
,784 Contributions,11/27/2023,Expense,,Mt Adams Zen,,Cash in BOA 0693,200.00,"2,950.00"
,784 Contributions,12/18/2023,Expense,,AcLU,,Credit Card Payable,25.00,"2,975.00"
,784 Contributions,12/27/2023,Expense,,Mt Adams Zen,,Cash in BOA 0693,200.00,"3,175.00"
Total for 784 Contributions,,,,,,,,"$3,175.00",
789 Seminars & Continuing Education,,,,,,,,,
,789 Seminars & Continuing Education,03/21/2023,Expense,,AAPDORG,,Credit Card Payable,860.00,860.00
,789 Seminars & Continuing Education,03/21/2023,Expense,,AAPDORG,,Credit Card Payable,860.00,"1,720.00"
,789 Seminars & Continuing Education,04/10/2023,Expense,,Brown SPS Program Fees,,Credit Card Payable,550.00,"2,270.00"
,789 Seminars & Continuing Education,05/16/2023,Expense,,CE for Relicensure,,Credit Card Payable,64.00,"2,334.00"
,789 Seminars & Continuing Education,05/16/2023,Expense,,CE for Relicensure,,Credit Card Payable,27.00,"2,361.00"
,789 Seminars & Continuing Education,05/17/2023,Expense,,CE for Relicensure,,Credit Card Payable,64.00,"2,425.00"
,789 Seminars & Continuing Education,07/14/2023,Expense,,AAPD Career Center,,Credit Card Payable,350.00,"2,775.00"
,789 Seminars & Continuing Education,09/04/2023,Expense,,Veritas Dental Resources,,Credit Card Payable,"1,495.00","4,270.00"
,789 Seminars & Continuing Education,09/07/2023,Expense,,VIDEO DENTAL CONCEPTS,,Credit Card Payable,"2,532.50","6,802.50"
,789 Seminars & Continuing Education,10/02/2023,Expense,,Veritas Dental Resources,,Credit Card Payable,589.46,"7,391.96"
,789 Seminars & Continuing Education,11/02/2023,Expense,,Veritas Dental Resources,,Credit Card Payable,589.46,"7,981.42"
,789 Seminars & Continuing Education,12/04/2023,Expense,,Veritas Dental Resources,,Credit Card Payable,589.46,"8,570.88"
Total for 789 Seminars & Continuing Education,,,,,,,,"$8,570.88",
785 Travel & Lodging,,,,,,,,,
,785 Travel & Lodging,04/09/2023,Expense,,Alaska air,,Credit Card Payable,287.98,287.98
,785 Travel & Lodging,04/09/2023,Expense,,Alaska air,,Credit Card Payable,287.98,575.96
,785 Travel & Lodging,04/09/2023,Expense,,Alaska air,,Credit Card Payable,707.79,"1,283.75"
,785 Travel & Lodging,04/09/2023,Expense,,Alaska air,,Credit Card Payable,707.79,"1,991.54"
,785 Travel & Lodging,05/30/2023,Expense,,Hilton,,Credit Card Payable,"1,192.01","3,183.55"
,785 Travel & Lodging,06/28/2023,Expense,,Alaska air,,Credit Card Payable,767.80,"3,951.35"
,785 Travel & Lodging,06/28/2023,Expense,,Alaska air,,Credit Card Payable,767.80,"4,719.15"
,785 Travel & Lodging,10/16/2023,Expense,,PDX Airport Parking,,Credit Card Payable,80.00,"4,799.15"
,785 Travel & Lodging,11/07/2023,Expense,,Friends of Cloud Mountain,,Credit Card Payable,100.00,"4,899.15"
,785 Travel & Lodging,12/26/2023,Expense,,Untitled Hotels,,Credit Card Payable,257.94,"5,157.09"
Total for 785 Travel & Lodging,,,,,,,,"$5,157.09",
788 Entertainment,,,,,,,,,
,788 Entertainment,07/24/2023,Expense,,Cascade I Max,,Credit Card Payable,8.16,8.16
,788 Entertainment,07/27/2023,Expense,,Regal Cinemas,,Cash in BOA 0693,49.20,57.36
,788 Entertainment,07/28/2023,Expense,,Portland'5,,Credit Card Payable,190.75,248.11
Total for 788 Entertainment,,,,,,,,$248.11,
Total for MEMBER'S EXPENSES with sub-accounts,,,,,,,,"$31,363.44",
Total for OTHER EXPENSES PAID with sub-accounts,,,,,,,,"$120,800.84",
INCOME,,,,,,,,,
551 Refunds,,,,,,,,,
,551 Refunds,01/01/2023,Check,2412,Ono Kesslering,,Cash in BOA 0693,-14.40,-14.40
,551 Refunds,01/01/2023,Check,2369,Colleen Davis,,Cash in BOA 0693,-36.00,-50.40
,551 Refunds,01/01/2023,Check,2401,Blake Wood,,Cash in BOA 0693,-36.00,-86.40
,551 Refunds,01/01/2023,Check,2356,Carlos Coker,,Cash in BOA 0693,-196.00,-282.40
,551 Refunds,01/01/2023,Check,2397,Yvonne Goodnight,,Cash in BOA 0693,-110.16,-392.56
,551 Refunds,01/01/2023,Check,2411,Mike Vlachos,,Cash in BOA 0693,-36.00,-428.56
,551 Refunds,01/01/2023,Check,2376,Brittany Faust,,Cash in BOA 0693,-38.20,-466.76
,551 Refunds,01/01/2023,Check,2367,Anthony Johnson,,Cash in BOA 0693,-77.48,-544.24
,551 Refunds,01/01/2023,Check,2410,Humberto Espinoza,,Cash in BOA 0693,-25.00,-569.24
,551 Refunds,01/01/2023,Check,2392,Vernon Wessel,,Cash in BOA 0693,-9.50,-578.74
,551 Refunds,01/12/2023,Check,2421,Christeen Smith,,Cash in BOA 0693,-35.00,-613.74
,551 Refunds,01/12/2023,Check,2419,Cedrick White,,Cash in BOA 0693,-73.84,-687.58
,551 Refunds,01/12/2023,Check,2416,Sacsha Forsstrom,,Cash in BOA 0693,-25.00,-712.58
,551 Refunds,01/12/2023,Check,2417,Eli Webb,,Cash in BOA 0693,-10.60,-723.18
,551 Refunds,01/12/2023,Check,2420,Pavl Tanca,,Cash in BOA 0693,-32.83,-756.01
,551 Refunds,01/12/2023,Check,2415,Oscar Godson,,Cash in BOA 0693,-59.40,-815.41
,551 Refunds,01/27/2023,Check,2425,Michelle Swinehart,,Cash in BOA 0693,-70.00,-885.41
,551 Refunds,01/27/2023,Check,2424,Willie Yuan,,Cash in BOA 0693,-111.00,-996.41
,551 Refunds,01/27/2023,Check,2426,Rashauna Doublin,,Cash in BOA 0693,-13.32,"-1,009.73"
,551 Refunds,02/09/2023,Check,2432,Jeffrey Domingo,,Cash in BOA 0693,-10.80,"-1,020.53"
,551 Refunds,02/09/2023,Check,2430,Joshua Lewis,,Cash in BOA 0693,-44.00,"-1,064.53"
,551 Refunds,02/09/2023,Check,2427,Michael Owen,,Cash in BOA 0693,-92.00,"-1,156.53"
,551 Refunds,02/09/2023,Check,2428,Penny Vital,,Cash in BOA 0693,-558.40,"-1,714.93"
,551 Refunds,02/09/2023,Check,2431,Jason Burger,,Cash in BOA 0693,-180.00,"-1,894.93"
,551 Refunds,03/02/2023,Check,2439,Scott Bauman,,Cash in BOA 0693,-79.52,"-1,974.45"
,551 Refunds,03/02/2023,Check,2440,Kimberly Fahey,,Cash in BOA 0693,-12.10,"-1,986.55"
,551 Refunds,03/02/2023,Check,2438,Nicole Dio,,Cash in BOA 0693,-36.00,"-2,022.55"
,551 Refunds,03/02/2023,Check,2436,Zuelen Roblero,,Cash in BOA 0693,-72.00,"-2,094.55"
,551 Refunds,03/02/2023,Check,2435,Davin Hervi,,Cash in BOA 0693,-274.80,"-2,369.35"
,551 Refunds,03/06/2023,Check,2443,Nicholas Tarter,,Cash in BOA 0693,-189.70,"-2,559.05"
,551 Refunds,03/06/2023,Check,2442,Lyndsey Russell,,Cash in BOA 0693,-36.00,"-2,595.05"
,551 Refunds,03/23/2023,Check,2448,Leonel Rivera,,Cash in BOA 0693,-16.40,"-2,611.45"
,551 Refunds,03/23/2023,Check,2447,David Edwards,,Cash in BOA 0693,-132.00,"-2,743.45"
,551 Refunds,03/23/2023,Check,2446,Megan Mclay,,Cash in BOA 0693,-82.50,"-2,825.95"
,551 Refunds,04/01/2023,Check,2437,Sarah Henderson,,Cash in BOA 0693,-10.00,"-2,835.95"
,551 Refunds,04/12/2023,Check,2452,Kelly Sullivan,,Cash in BOA 0693,-56.00,"-2,891.95"
,551 Refunds,04/12/2023,Check,2453,Jennifer Harlan,,Cash in BOA 0693,-15.28,"-2,907.23"
,551 Refunds,04/12/2023,Check,2456,Khankeo Phoutthavong,,Cash in BOA 0693,-267.95,"-3,175.18"
,551 Refunds,04/12/2023,Check,2455,Cody Lindley,,Cash in BOA 0693,-96.70,"-3,271.88"
,551 Refunds,04/12/2023,Check,2454,Gabriel Dyas,,Cash in BOA 0693,-23.00,"-3,294.88"
,551 Refunds,04/12/2023,Check,2458,Angela Williams,,Cash in BOA 0693,-36.00,"-3,330.88"
,551 Refunds,04/17/2023,Check,2459,Kiera Fuller,,Cash in BOA 0693,-135.65,"-3,466.53"
,551 Refunds,04/26/2023,Check,2469,Katie Phillips,,Cash in BOA 0693,-49.20,"-3,515.73"
,551 Refunds,04/26/2023,Check,2462,Alexandria Robinson,,Cash in BOA 0693,-88.08,"-3,603.81"
,551 Refunds,04/26/2023,Check,2468,Jason Edwards,,Cash in BOA 0693,-26.00,"-3,629.81"
,551 Refunds,04/26/2023,Check,2464,Tam Vo,,Cash in BOA 0693,-36.00,"-3,665.81"
,551 Refunds,04/26/2023,Check,2466,Dmitriy Pitsul,,Cash in BOA 0693,-36.00,"-3,701.81"
,551 Refunds,04/26/2023,Check,2463,Anthony Sullivan,,Cash in BOA 0693,-378.50,"-4,080.31"
,551 Refunds,04/26/2023,Check,2461,Crystal D'Amico,,Cash in BOA 0693,-64.00,"-4,144.31"
,551 Refunds,04/26/2023,Check,2467,Amin Arellano,,Cash in BOA 0693,-56.50,"-4,200.81"
,551 Refunds,05/18/2023,Check,2471,Thomas Gifford,,Cash in BOA 0693,-244.00,"-4,444.81"
,551 Refunds,05/18/2023,Check,2481,Ismael Romero,,Cash in BOA 0693,-36.00,"-4,480.81"
,551 Refunds,05/18/2023,Check,2480,Brian Hupy,,Cash in BOA 0693,-291.60,"-4,772.41"
,551 Refunds,05/18/2023,Check,2475,Health Care Authority,,Cash in BOA 0693,-102.38,"-4,874.79"
,551 Refunds,05/18/2023,Check,2478,Joy Wong,,Cash in BOA 0693,-175.00,"-5,049.79"
,551 Refunds,05/18/2023,Check,2474,Hailey Haines,,Cash in BOA 0693,-101.00,"-5,150.79"
,551 Refunds,05/18/2023,Check,2477,Khankeo Phoutthavong,,Cash in BOA 0693,-265.85,"-5,416.64"
,551 Refunds,05/18/2023,Check,2473,Charles Beckel,,Cash in BOA 0693,-68.00,"-5,484.64"
,551 Refunds,06/22/2023,Check,2485,Matthew Stalheim,,Cash in BOA 0693,-21.20,"-5,505.84"
,551 Refunds,06/22/2023,Check,2486,Jeremy Lovelace,,Cash in BOA 0693,-44.50,"-5,550.34"
,551 Refunds,06/22/2023,Check,2483,Kevin Krossber,,Cash in BOA 0693,-112.00,"-5,662.34"
,551 Refunds,06/22/2023,Check,2488,Anthony Brady,,Cash in BOA 0693,-258.00,"-5,920.34"
,551 Refunds,07/06/2023,Check,2497,Kasey Gelband,,Cash in BOA 0693,-119.30,"-6,039.64"
,551 Refunds,07/06/2023,Check,2491,Kellie Budnick,,Cash in BOA 0693,-63.08,"-6,102.72"
,551 Refunds,07/06/2023,Check,2494,Christian Myhre,,Cash in BOA 0693,"-1,024.40","-7,127.12"
,551 Refunds,07/06/2023,Check,2493,Matthew Ratanasanophol,,Cash in BOA 0693,-202.00,"-7,329.12"
,551 Refunds,07/06/2023,Check,2499,Lyebor Vetsler,,Cash in BOA 0693,-44.65,"-7,373.77"
,551 Refunds,07/06/2023,Check,2495,Aaron Ferreira,,Cash in BOA 0693,-272.74,"-7,646.51"
,551 Refunds,07/27/2023,Check,2500,Joshua Alexander,,Cash in BOA 0693,-50.00,"-7,696.51"
,551 Refunds,07/27/2023,Check,2506,Patricia Williams,,Cash in BOA 0693,-30.00,"-7,726.51"
,551 Refunds,07/27/2023,Check,2502,Brandon Snider,,Cash in BOA 0693,-64.00,"-7,790.51"
,551 Refunds,07/27/2023,Check,2503,Jason Borger,,Cash in BOA 0693,-33.68,"-7,824.19"
,551 Refunds,07/27/2023,Check,2509,Tam Vo,,Cash in BOA 0693,-93.00,"-7,917.19"
,551 Refunds,07/27/2023,Check,2507,Jason Edwards,,Cash in BOA 0693,-27.26,"-7,944.45"
,551 Refunds,07/27/2023,Check,2505,Valeriy Savich,,Cash in BOA 0693,-20.00,"-7,964.45"
,551 Refunds,07/27/2023,Check,2501,Michael Ryan,,Cash in BOA 0693,-29.20,"-7,993.65"
,551 Refunds,08/10/2023,Check,2512,Lyubov Vetsler,,Cash in BOA 0693,-12.00,"-8,005.65"
,551 Refunds,08/10/2023,Check,2513,Robert Garifalakis,,Cash in BOA 0693,-396.00,"-8,401.65"
,551 Refunds,08/10/2023,Check,2515,Jeffrey McMannis,,Cash in BOA 0693,-28.00,"-8,429.65"
,551 Refunds,08/10/2023,Check,2511,Gordomn Voge,,Cash in BOA 0693,-88.20,"-8,517.85"
,551 Refunds,08/10/2023,Check,2514,Julia Montgomery,,Cash in BOA 0693,-50.00,"-8,567.85"
,551 Refunds,08/10/2023,Check,2524,John Kennedy,,Cash in BOA 0693,-43.00,"-8,610.85"
,551 Refunds,08/10/2023,Check,2525,Colbie Caughlan,,Cash in BOA 0693,-16.15,"-8,627.00"
,551 Refunds,08/10/2023,Check,2521,Dominion National,,Cash in BOA 0693,-70.00,"-8,697.00"
,551 Refunds,08/10/2023,Check,2516,Robert Tsunehiro,,Cash in BOA 0693,-202.60,"-8,899.60"
,551 Refunds,08/10/2023,Check,2522,Robert Tsunehiro,,Cash in BOA 0693,-37.40,"-8,937.00"
,551 Refunds,08/11/2023,Check,2520,MetLife,,Cash in BOA 0693,-152.00,"-9,089.00"
,551 Refunds,08/17/2023,Check,2530,Delilah Davis,,Cash in BOA 0693,-202.60,"-9,291.60"
,551 Refunds,08/22/2023,Check,2532,Francis Puyleart,,Cash in BOA 0693,-45.00,"-9,336.60"
,551 Refunds,08/22/2023,Check,2538,David Reyes,,Cash in BOA 0693,-15.00,"-9,351.60"
,551 Refunds,08/22/2023,Check,2543,Crystal D'Amico,,Cash in BOA 0693,-64.00,"-9,415.60"
,551 Refunds,08/22/2023,Check,2531,Taylor Putty,,Cash in BOA 0693,-52.10,"-9,467.70"
,551 Refunds,08/22/2023,Check,2540,Brianna Carlson,,Cash in BOA 0693,-232.05,"-9,699.75"
,551 Refunds,08/22/2023,Check,2533,Michael Owen,,Cash in BOA 0693,-39.00,"-9,738.75"
,551 Refunds,08/22/2023,Check,2539,Yecenia Armas,,Cash in BOA 0693,-62.00,"-9,800.75"
,551 Refunds,08/22/2023,Check,2534,Huy Pham,,Cash in BOA 0693,-260.46,"-10,061.21"
,551 Refunds,08/22/2023,Check,2537,Drake Holmes,,Cash in BOA 0693,-16.10,"-10,077.31"
,551 Refunds,08/22/2023,Check,2535,Aaron Piel,,Cash in BOA 0693,-302.00,"-10,379.31"
,551 Refunds,08/23/2023,Check,2504,Gregory Harder,,Cash in BOA 0693,-36.00,"-10,415.31"
,551 Refunds,08/29/2023,Check,2541,Even Olson,,Cash in BOA 0693,-65.40,"-10,480.71"
,551 Refunds,09/21/2023,Check,2551,Donald Ruttenbur,,Cash in BOA 0693,-136.00,"-10,616.71"
,551 Refunds,09/21/2023,Check,2549,Katherine Trabucco,,Cash in BOA 0693,-66.00,"-10,682.71"
,551 Refunds,09/21/2023,Check,2553,Amanda Feather,,Cash in BOA 0693,-459.00,"-11,141.71"
,551 Refunds,10/01/2023,Check,2554,Cascade Parks Kiwanis,,Cash in BOA 0693,-130.00,"-11,271.71"
,551 Refunds,10/01/2023,Check,2558,Angela Michaelis,,Cash in BOA 0693,-28.00,"-11,299.71"
,551 Refunds,10/01/2023,Check,2550,Wannapat Vajaradesa,,Cash in BOA 0693,-55.00,"-11,354.71"
,551 Refunds,10/01/2023,Check,2548,Amin Arellano,,Cash in BOA 0693,-10.50,"-11,365.21"
,551 Refunds,10/01/2023,Check,2484,Devin Murrell,,Cash in BOA 0693,-120.00,"-11,485.21"
,551 Refunds,10/01/2023,Check,2546,Karolina Cehajic,,Cash in BOA 0693,-32.00,"-11,517.21"
,551 Refunds,10/04/2023,Check,2560,Maxwell Peters,,Cash in BOA 0693,-24.80,"-11,542.01"
,551 Refunds,10/05/2023,Check,2559,Lisa Conrad,,Cash in BOA 0693,-45.00,"-11,587.01"
,551 Refunds,10/05/2023,Check,2557,Thomas Dyar,,Cash in BOA 0693,-80.40,"-11,667.41"
,551 Refunds,10/05/2023,Check,2556,Karina Martinez,,Cash in BOA 0693,-36.00,"-11,703.41"
,551 Refunds,10/05/2023,Check,2555,Curtis Kirk,,Cash in BOA 0693,-36.00,"-11,739.41"
,551 Refunds,10/18/2023,Check,2547,Sherry Lilenthal,,Cash in BOA 0693,-60.88,"-11,800.29"
,551 Refunds,10/21/2023,Check,2566,Crystal D'Amico,,Cash in BOA 0693,-70.00,"-11,870.29"
,551 Refunds,10/31/2023,Check,2568,Vanessa Gonzales,,Cash in BOA 0693,-241.00,"-12,111.29"
,551 Refunds,10/31/2023,Check,2573,Curtis Gross,,Cash in BOA 0693,-31.00,"-12,142.29"
,551 Refunds,10/31/2023,Check,2564,Jeremy Reinholt,,Cash in BOA 0693,-63.00,"-12,205.29"
,551 Refunds,10/31/2023,Check,2562,Alexandra Holbrook,,Cash in BOA 0693,-36.00,"-12,241.29"
,551 Refunds,10/31/2023,Check,2571,Jonathan Ocasio,,Cash in BOA 0693,-102.75,"-12,344.04"
,551 Refunds,10/31/2023,Check,2567,Dmitry Linchuk,,Cash in BOA 0693,-557.60,"-12,901.64"
,551 Refunds,10/31/2023,Check,2570,Joe Villela,,Cash in BOA 0693,-39.10,"-12,940.74"
,551 Refunds,10/31/2023,Check,2565,John Geiger,,Cash in BOA 0693,-30.00,"-12,970.74"
,551 Refunds,11/09/2023,Check,2576,Dalice Chek,,Cash in BOA 0693,-30.00,"-13,000.74"
,551 Refunds,11/09/2023,Check,2561,Javier Torrez,,Cash in BOA 0693,-129.25,"-13,129.99"
,551 Refunds,11/09/2023,Check,2574,Kyle Winters,,Cash in BOA 0693,-9.00,"-13,138.99"
,551 Refunds,11/09/2023,Check,2577,Brianna Carlson,,Cash in BOA 0693,-440.08,"-13,579.07"
,551 Refunds,11/09/2023,Check,2575,Julie Acda,,Cash in BOA 0693,-73.10,"-13,652.17"
Total for 551 Refunds,,,,,,,,"-$13,652.17",
501 Fees,,,,,,,,,
,501 Fees,01/03/2023,Deposit,,Credit Card,,Riverview Checking 6958,500.00,500.00
,501 Fees,01/03/2023,Deposit,,MetLife,,Cash in BOA 0693,176.00,676.00
,501 Fees,01/03/2023,Deposit,,MetLife,,Cash in BOA 0693,214.00,890.00
,501 Fees,01/04/2023,Deposit,,Delta,,Cash in BOA 0693,186.00,"1,076.00"
,501 Fees,01/04/2023,Deposit,,Oregon Dental SV,,Cash in BOA 0693,"2,020.20","3,096.20"
,501 Fees,01/04/2023,Deposit,,Delta Dental,,Cash in BOA 0693,552.00,"3,648.20"
,501 Fees,01/04/2023,Deposit,,Credit Card,,Summit Checking 5809,373.80,"4,022.00"
,501 Fees,01/05/2023,Deposit,,Credit Card,,Riverview Checking 6958,757.00,"4,779.00"
,501 Fees,01/05/2023,Deposit,,Delta Dental,,Cash in BOA 0693,"1,293.00","6,072.00"
,501 Fees,01/05/2023,Deposit,,Delta,,Cash in BOA 0693,150.00,"6,222.00"
,501 Fees,01/05/2023,Deposit,,Checks,,Summit Checking 5809,"3,525.00","9,747.00"
,501 Fees,01/05/2023,Deposit,,Credit Card,,Summit Checking 5809,"1,016.80","10,763.80"
,501 Fees,01/06/2023,Deposit,,Delta Dental,,Cash in BOA 0693,"2,674.20","13,438.00"
,501 Fees,01/06/2023,Deposit,,Credit Card,,Riverview Checking 6958,222.00,"13,660.00"
,501 Fees,01/06/2023,Deposit,,Wa St Hca,,Cash in BOA 0693,"8,983.42","22,643.42"
,501 Fees,01/09/2023,Deposit,,Delta,,Cash in BOA 0693,193.00,"22,836.42"
,501 Fees,01/10/2023,Deposit,,Oregon Dental SV,,Cash in BOA 0693,"1,062.00","23,898.42"
,501 Fees,01/10/2023,Deposit,,Credit Card,,Summit Checking 5809,111.25,"24,009.67"
,501 Fees,01/11/2023,Deposit,,Delta Dental,,Cash in BOA 0693,186.00,"24,195.67"
,501 Fees,01/11/2023,Deposit,,Credit Card,,Summit Checking 5809,"1,108.00","25,303.67"
,501 Fees,01/12/2023,Deposit,,Delta Dental,,Cash in BOA 0693,368.00,"25,671.67"
,501 Fees,01/12/2023,Deposit,,Checks,,Summit Checking 5809,"7,565.12","33,236.79"
,501 Fees,01/12/2023,Deposit,,Credit Card,,Summit Checking 5809,677.37,"33,914.16"
,501 Fees,01/13/2023,Deposit,,Wa St Hca,,Cash in BOA 0693,"16,591.19","50,505.35"
,501 Fees,01/13/2023,Deposit,,Delta Dental,,Cash in BOA 0693,"1,303.95","51,809.30"
,501 Fees,01/13/2023,Deposit,,Credit Card,,Summit Checking 5809,391.10,"52,200.40"
,501 Fees,01/17/2023,Deposit,,Oregon Dental SV,,Cash in BOA 0693,502.00,"52,702.40"
,501 Fees,01/17/2023,Deposit,,Delta Dental,,Cash in BOA 0693,329.00,"53,031.40"
,501 Fees,01/17/2023,Deposit,,Delta Dental,,Cash in BOA 0693,157.00,"53,188.40"
,501 Fees,01/17/2023,Deposit,,Credit Card,,Summit Checking 5809,720.90,"53,909.30"
,501 Fees,01/18/2023,Deposit,,Oregon Dental SV,,Cash in BOA 0693,"1,017.00","54,926.30"
,501 Fees,01/18/2023,Deposit,,UMR,,Cash in BOA 0693,250.00,"55,176.30"
,501 Fees,01/18/2023,Deposit,,Credit Card,,Riverview Checking 6958,"1,819.00","56,995.30"
,501 Fees,01/18/2023,Deposit,,Credit Card,,Summit Checking 5809,316.80,"57,312.10"
,501 Fees,01/19/2023,Deposit,,Checks,,Summit Checking 5809,"4,120.35","61,432.45"
,501 Fees,01/19/2023,Deposit,,Credit Card,,Summit Checking 5809,472.00,"61,904.45"
,501 Fees,01/19/2023,Deposit,,American Express,,Summit Checking 5809,149.59,"62,054.04"
,501 Fees,01/20/2023,Deposit,,Wa St Hca,,Cash in BOA 0693,"22,309.77","84,363.81"
,501 Fees,01/20/2023,Deposit,,Delta Dental,,Cash in BOA 0693,"2,544.00","86,907.81"
,501 Fees,01/20/2023,Deposit,,Credit Card,,Summit Checking 5809,257.60,"87,165.41"
,501 Fees,01/20/2023,Deposit,,American Express,,Summit Checking 5809,919.28,"88,084.69"
,501 Fees,01/23/2023,Deposit,,MetLife,,Cash in BOA 0693,136.00,"88,220.69"
,501 Fees,01/23/2023,Deposit,,Credit Card,,Summit Checking 5809,757.28,"88,977.97"
,501 Fees,01/24/2023,Deposit,,Delta,,Cash in BOA 0693,793.20,"89,771.17"
,501 Fees,01/24/2023,Deposit,,Oregon Dental SV,,Cash in BOA 0693,430.80,"90,201.97"
,501 Fees,01/24/2023,Deposit,,Credit Card,,Summit Checking 5809,445.40,"90,647.37"
,501 Fees,01/26/2023,Deposit,,Delta Dental,,Cash in BOA 0693,602.00,"91,249.37"
,501 Fees,01/26/2023,Deposit,,Checks,,Summit Checking 5809,"1,927.03","93,176.40"
,501 Fees,01/26/2023,Deposit,,Credit Card,,Summit Checking 5809,"1,610.98","94,787.38"
,501 Fees,01/27/2023,Deposit,,Wa St Hca,,Cash in BOA 0693,"27,656.23","122,443.61"
,501 Fees,01/27/2023,Deposit,,Delta Dental,,Cash in BOA 0693,"2,475.80","124,919.41"
,501 Fees,01/27/2023,Deposit,,MetLife,,Cash in BOA 0693,562.00,"125,481.41"
,501 Fees,01/27/2023,Deposit,,Delta,,Cash in BOA 0693,276.80,"125,758.21"
,501 Fees,01/27/2023,Deposit,,MetLife,,Cash in BOA 0693,272.00,"126,030.21"
,501 Fees,01/27/2023,Deposit,,Checks,,Summit Checking 5809,"1,579.21","127,609.42"
,501 Fees,01/27/2023,Deposit,,Credit Card,,Summit Checking 5809,477.00,"128,086.42"
,501 Fees,01/27/2023,Deposit,,Credit Card,,Riverview Checking 6958,970.00,"129,056.42"
,501 Fees,01/30/2023,Deposit,,Credit Card,,Summit Checking 5809,532.90,"129,589.32"
,501 Fees,01/30/2023,Deposit,,Delta,,Cash in BOA 0693,565.00,"130,154.32"
,501 Fees,01/31/2023,Deposit,,Oregon Dental SV,,Cash in BOA 0693,"1,065.00","131,219.32"
,501 Fees,01/31/2023,Deposit,,Credit Card,,Summit Checking 5809,492.84,"131,712.16"
,501 Fees,02/01/2023,Deposit,,Checks,,Summit Checking 5809,"5,008.65","136,720.81"
,501 Fees,02/01/2023,Deposit,,Credit Card,,Summit Checking 5809,565.20,"137,286.01"
,501 Fees,02/02/2023,Deposit,,Delta Dental,,Cash in BOA 0693,"2,875.60","140,161.61"
,501 Fees,02/02/2023,Deposit,,Checks,,Summit Checking 5809,"1,862.10","142,023.71"
,501 Fees,02/02/2023,Deposit,,Credit Card,,Summit Checking 5809,224.15,"142,247.86"
,501 Fees,02/02/2023,Deposit,,Credit Card,,Riverview Checking 6958,868.00,"143,115.86"
,501 Fees,02/03/2023,Deposit,,Wa St Hca,,Cash in BOA 0693,"40,660.16","183,776.02"
,501 Fees,02/03/2023,Deposit,,Delta Dental,,Cash in BOA 0693,"3,630.57","187,406.59"
,501 Fees,02/03/2023,Deposit,,MetLife,,Cash in BOA 0693,243.00,"187,649.59"
,501 Fees,02/03/2023,Deposit,,Delta Dental,,Cash in BOA 0693,206.40,"187,855.99"
,501 Fees,02/03/2023,Deposit,,MetLife,,Cash in BOA 0693,151.00,"188,006.99"
,501 Fees,02/03/2023,Deposit,,MetLife,,Cash in BOA 0693,136.00,"188,142.99"
,501 Fees,02/03/2023,Deposit,,Checks,,Summit Checking 5809,717.40,"188,860.39"
,501 Fees,02/03/2023,Deposit,,Credit Card,,Summit Checking 5809,102.16,"188,962.55"
,501 Fees,02/06/2023,Deposit,,Delta,,Cash in BOA 0693,485.00,"189,447.55"
,501 Fees,02/06/2023,Deposit,,Credit Card,,Summit Checking 5809,934.87,"190,382.42"
,501 Fees,02/07/2023,Deposit,,Checks,,Summit Checking 5809,"1,333.00","191,715.42"
,501 Fees,02/07/2023,Deposit,,Credit Card,,Summit Checking 5809,596.70,"192,312.12"
,501 Fees,02/07/2023,Deposit,,American Express,,Summit Checking 5809,60.20,"192,372.32"
,501 Fees,02/07/2023,Deposit,,Oregon Dental SV,,Cash in BOA 0693,"2,881.00","195,253.32"
,501 Fees,02/08/2023,Deposit,,Credit Card,,Summit Checking 5809,921.60,"196,174.92"
,501 Fees,02/08/2023,Deposit,,Delta Dental,,Cash in BOA 0693,"1,313.60","197,488.52"
,501 Fees,02/08/2023,Deposit,,Delta,,Cash in BOA 0693,386.00,"197,874.52"
,501 Fees,02/08/2023,Deposit,,Delta,,Cash in BOA 0693,157.00,"198,031.52"
,501 Fees,02/09/2023,Deposit,,Checks,,Summit Checking 5809,"1,352.45","199,383.97"
,501 Fees,02/09/2023,Deposit,,Credit Card,,Summit Checking 5809,568.63,"199,952.60"
,501 Fees,02/09/2023,Deposit,,Delta Dental,,Cash in BOA 0693,193.00,"200,145.60"
,501 Fees,02/09/2023,Deposit,,MetLife,,Cash in BOA 0693,136.00,"200,281.60"
,501 Fees,02/10/2023,Deposit,,Credit Card,,Summit Checking 5809,295.40,"200,577.00"
,501 Fees,02/10/2023,Deposit,,Wa St Hca,,Cash in BOA 0693,"32,888.89","233,465.89"
,501 Fees,02/10/2023,Deposit,,Delta Dental,,Cash in BOA 0693,"3,513.95","236,979.84"
,501 Fees,02/10/2023,Deposit,,MetLife,,Cash in BOA 0693,552.00,"237,531.84"
,501 Fees,02/10/2023,Deposit,,MetLife,,Cash in BOA 0693,359.00,"237,890.84"
,501 Fees,02/10/2023,Deposit,,Syncrony Bank,,Cash in BOA 0693,296.42,"238,187.26"
,501 Fees,02/10/2023,Deposit,,MetLife,,Cash in BOA 0693,166.00,"238,353.26"
,501 Fees,02/14/2023,Deposit,,Oregon Dental SV,,Cash in BOA 0693,"3,885.10","242,238.36"
,501 Fees,02/14/2023,Deposit,,Delta,,Cash in BOA 0693,350.00,"242,588.36"
,501 Fees,02/14/2023,Deposit,,Credit Card,,Summit Checking 5809,60.00,"242,648.36"
,501 Fees,02/15/2023,Deposit,,Delta Dental,,Cash in BOA 0693,193.00,"242,841.36"
,501 Fees,02/15/2023,Deposit,,Oregon Dental SV,,Cash in BOA 0693,128.00,"242,969.36"
,501 Fees,02/15/2023,Deposit,,Checks,,Summit Checking 5809,"7,457.26","250,426.62"
,501 Fees,02/15/2023,Deposit,,Credit Card,,Summit Checking 5809,28.00,"250,454.62"
,501 Fees,02/16/2023,Deposit,,Delta Dental,,Cash in BOA 0693,"1,549.60","252,004.22"
,501 Fees,02/16/2023,Deposit,,Delta,,Cash in BOA 0693,193.00,"252,197.22"
,501 Fees,02/16/2023,Deposit,,Credit Card,,Summit Checking 5809,390.70,"252,587.92"
,501 Fees,02/16/2023,Deposit,,Checks,,Summit Checking 5809,178.40,"252,766.32"
,501 Fees,02/17/2023,Deposit,,Wa St Hca,,Cash in BOA 0693,"39,007.45","291,773.77"
,501 Fees,02/17/2023,Deposit,,Delta Dental,,Cash in BOA 0693,"3,553.60","295,327.37"
,501 Fees,02/17/2023,Deposit,,MetLife,,Cash in BOA 0693,135.00,"295,462.37"
,501 Fees,02/17/2023,Deposit,,Credit Card,,Riverview Checking 6958,669.00,"296,131.37"
,501 Fees,02/17/2023,Deposit,,Credit Card,,Summit Checking 5809,26.85,"296,158.22"
,501 Fees,02/21/2023,Deposit,,Delta,,Cash in BOA 0693,686.00,"296,844.22"
,501 Fees,02/21/2023,Deposit,,Credit Card,,Riverview Checking 6958,780.00,"297,624.22"
,501 Fees,02/22/2023,Deposit,,Oregon Dental SV,,Cash in BOA 0693,"1,517.40","299,141.62"
,501 Fees,02/22/2023,Deposit,,Delta Dental,,Cash in BOA 0693,193.00,"299,334.62"
,501 Fees,02/23/2023,Deposit,,Delta Dental,,Cash in BOA 0693,"1,526.40","300,861.02"
,501 Fees,02/23/2023,Deposit,,Credit Card,,Riverview Checking 6958,780.00,"301,641.02"
,501 Fees,02/24/2023,Deposit,,Wa St Hca,,Cash in BOA 0693,"13,459.02","315,100.04"
,501 Fees,02/24/2023,Deposit,,Delta Dental,,Cash in BOA 0693,"1,243.60","316,343.64"
,501 Fees,02/24/2023,Deposit,,Delta Dental,,Cash in BOA 0693,703.80,"317,047.44"
,501 Fees,02/24/2023,Deposit,,MetLife,,Cash in BOA 0693,153.00,"317,200.44"
,501 Fees,02/24/2023,Deposit,,MetLife,,Cash in BOA 0693,88.00,"317,288.44"
,501 Fees,02/27/2023,Deposit,,Checks,,Summit Checking 5809,"4,059.38","321,347.82"
,501 Fees,02/27/2023,Deposit,,Credit Card,,Summit Checking 5809,136.00,"321,483.82"
,501 Fees,02/27/2023,Deposit,,Credit Card,,Summit Checking 5809,28.00,"321,511.82"
,501 Fees,02/28/2023,Deposit,,Oregon Dental SV,,Cash in BOA 0693,"2,508.40","324,020.22"
,501 Fees,02/28/2023,Deposit,,Credit Card,,Summit Checking 5809,"1,006.60","325,026.82"
,501 Fees,02/28/2023,Deposit,,Credit Card,,Summit Checking 5809,287.00,"325,313.82"
,501 Fees,03/01/2023,Deposit,,MetLife,,Cash in BOA 0693,624.00,"325,937.82"
,501 Fees,03/01/2023,Deposit,,MetLife,,Cash in BOA 0693,532.00,"326,469.82"
,501 Fees,03/01/2023,Deposit,,Delta,,Cash in BOA 0693,269.00,"326,738.82"
,501 Fees,03/01/2023,Deposit,,Dentegra,,Cash in BOA 0693,177.00,"326,915.82"
,501 Fees,03/01/2023,Deposit,,Credit Card,,Riverview Checking 6958,500.00,"327,415.82"
,501 Fees,03/01/2023,Deposit,,Credit Card,,Summit Checking 5809,444.00,"327,859.82"
,501 Fees,03/02/2023,Deposit,,Delta Dental,,Cash in BOA 0693,566.00,"328,425.82"
,501 Fees,03/02/2023,Deposit,,Delta Dental,,Cash in BOA 0693,246.00,"328,671.82"
,501 Fees,03/02/2023,Deposit,,Checks,,Summit Checking 5809,"3,766.52","332,438.34"
,501 Fees,03/02/2023,Deposit,,Credit Card,,Summit Checking 5809,650.00,"333,088.34"
,501 Fees,03/03/2023,Deposit,,Wa St Hca,,Cash in BOA 0693,"9,058.01","342,146.35"
,501 Fees,03/03/2023,Deposit,,Delta Dental,,Cash in BOA 0693,660.97,"342,807.32"
,501 Fees,03/03/2023,Deposit,,MetLife,,Cash in BOA 0693,302.00,"343,109.32"
,501 Fees,03/03/2023,Deposit,,Syncrony Bank,,Cash in BOA 0693,192.31,"343,301.63"
,501 Fees,03/03/2023,Deposit,,Delta Dental,,Cash in BOA 0693,14.40,"343,316.03"
,501 Fees,03/03/2023,Deposit,,Credit Card,,Riverview Checking 6958,868.00,"344,184.03"
,501 Fees,03/03/2023,Deposit,,Credit Card,,Summit Checking 5809,284.00,"344,468.03"
,501 Fees,03/06/2023,Deposit,,MetLife,,Cash in BOA 0693,88.00,"344,556.03"
,501 Fees,03/07/2023,Deposit,,Oregon Dental SV,,Cash in BOA 0693,632.00,"345,188.03"
,501 Fees,03/07/2023,Deposit,,Checks,,Summit Checking 5809,"1,130.58","346,318.61"
,501 Fees,03/07/2023,Deposit,,Credit Card,,Summit Checking 5809,39.00,"346,357.61"
,501 Fees,03/08/2023,Deposit,,Credit Card,,Summit Checking 5809,"1,951.00","348,308.61"
,501 Fees,03/09/2023,Deposit,,cash,,Riverview Checking 6958,"2,220.00","350,528.61"
,501 Fees,03/09/2023,Deposit,,Checks,,Summit Checking 5809,474.34,"351,002.95"
,501 Fees,03/09/2023,Deposit,,Credit Card,,Summit Checking 5809,290.16,"351,293.11"
,501 Fees,03/10/2023,Deposit,,Wa St Hca,,Cash in BOA 0693,"11,751.40","363,044.51"
,501 Fees,03/10/2023,Deposit,,Delta Dental,,Cash in BOA 0693,"2,151.75","365,196.26"
,501 Fees,03/10/2023,Deposit,,MetLife,,Cash in BOA 0693,570.20,"365,766.46"
,501 Fees,03/10/2023,Deposit,,Delta Dental,,Cash in BOA 0693,268.20,"366,034.66"
,501 Fees,03/10/2023,Deposit,,MetLife,,Cash in BOA 0693,206.00,"366,240.66"
,501 Fees,03/10/2023,Deposit,,Credit Card,,Summit Checking 5809,336.40,"366,577.06"
,501 Fees,03/13/2023,Deposit,,Credit Card,,Riverview Checking 6958,500.00,"367,077.06"
,501 Fees,03/13/2023,Deposit,,Credit Card,,Summit Checking 5809,37.00,"367,114.06"
,501 Fees,03/14/2023,Deposit,,Credit Card,,Summit Checking 5809,218.70,"367,332.76"
,501 Fees,03/14/2023,Deposit,,Delta,,Cash in BOA 0693,157.00,"367,489.76"
,501 Fees,03/15/2023,Deposit,,Checks,,Summit Checking 5809,890.95,"368,380.71"
,501 Fees,03/15/2023,Deposit,,Credit Card,,Summit Checking 5809,327.30,"368,708.01"
,501 Fees,03/15/2023,Deposit,,Delta Dental,,Cash in BOA 0693,726.00,"369,434.01"
,501 Fees,03/15/2023,Deposit,,Delta,,Cash in BOA 0693,509.60,"369,943.61"
,501 Fees,03/16/2023,Deposit,,Checks,,Summit Checking 5809,502.00,"370,445.61"
,501 Fees,03/16/2023,Deposit,,Delta Dental,,Cash in BOA 0693,240.00,"370,685.61"
,501 Fees,03/17/2023,Deposit,,Delta Dental,,Cash in BOA 0693,"2,397.40","373,083.01"
,501 Fees,03/17/2023,Deposit,,Credit Card,,Summit Checking 5809,"1,120.30","374,203.31"
,501 Fees,03/17/2023,Deposit,,Credit Card,,Summit Checking 5809,64.00,"374,267.31"
,501 Fees,03/17/2023,Deposit,,Wa St Hca,,Cash in BOA 0693,"32,737.35","407,004.66"
,501 Fees,03/17/2023,Deposit,,Syncrony Bank,,Cash in BOA 0693,202.31,"407,206.97"
,501 Fees,03/17/2023,Deposit,,MetLife,,Cash in BOA 0693,30.00,"407,236.97"
,501 Fees,03/17/2023,Deposit,,Credit Card,,Riverview Checking 6958,659.00,"407,895.97"
,501 Fees,03/20/2023,Deposit,,Credit Card,,Summit Checking 5809,74.00,"407,969.97"
,501 Fees,03/20/2023,Deposit,,MetLife,,Cash in BOA 0693,42.40,"408,012.37"
,501 Fees,03/21/2023,Deposit,,Checks,,Summit Checking 5809,"3,472.51","411,484.88"
,501 Fees,03/21/2023,Deposit,,Oregon Dental SV,,Cash in BOA 0693,"5,283.60","416,768.48"
,501 Fees,03/22/2023,Deposit,,Credit Card,,Summit Checking 5809,573.38,"417,341.86"
,501 Fees,03/23/2023,Deposit,,Delta Dental,,Cash in BOA 0693,319.00,"417,660.86"
,501 Fees,03/23/2023,Deposit,,Credit Card,,Summit Checking 5809,865.20,"418,526.06"
,501 Fees,03/23/2023,Deposit,,Checks,,Summit Checking 5809,24.00,"418,550.06"
,501 Fees,03/24/2023,Deposit,,Delta Dental,,Cash in BOA 0693,"4,516.80","423,066.86"
,501 Fees,03/24/2023,Deposit,,Wa St Hca,,Cash in BOA 0693,"31,605.86","454,672.72"
,501 Fees,03/24/2023,Deposit,,MetLife,,Cash in BOA 0693,166.00,"454,838.72"
,501 Fees,03/24/2023,Deposit,,MetLife,,Cash in BOA 0693,136.00,"454,974.72"
,501 Fees,03/24/2023,Deposit,,Credit Card,,Riverview Checking 6958,165.60,"455,140.32"
,501 Fees,03/24/2023,Deposit,,Credit Card,,Summit Checking 5809,477.06,"455,617.38"
,501 Fees,03/27/2023,Deposit,,Delta Dental,,Cash in BOA 0693,193.00,"455,810.38"
,501 Fees,03/27/2023,Deposit,,Checks,,Summit Checking 5809,891.97,"456,702.35"
,501 Fees,03/27/2023,Deposit,,Credit Card,,Summit Checking 5809,36.70,"456,739.05"
,501 Fees,03/28/2023,Deposit,,Delta Dental,,Cash in BOA 0693,157.00,"456,896.05"
,501 Fees,03/28/2023,Deposit,,Credit Card,,Riverview Checking 6958,195.00,"457,091.05"
,501 Fees,03/28/2023,Deposit,,Credit Card,,Summit Checking 5809,244.60,"457,335.65"
,501 Fees,03/29/2023,Deposit,,Delta Dental,,Cash in BOA 0693,692.00,"458,027.65"
,501 Fees,03/29/2023,Deposit,,Delta,,Cash in BOA 0693,684.60,"458,712.25"
,501 Fees,03/29/2023,Deposit,,Oregon Dental SV,,Cash in BOA 0693,582.00,"459,294.25"
,501 Fees,03/29/2023,Deposit,,Delta,,Cash in BOA 0693,218.40,"459,512.65"
,501 Fees,03/29/2023,Deposit,,Delta,,Cash in BOA 0693,193.00,"459,705.65"
,501 Fees,03/29/2023,Deposit,,Credit Card,,Riverview Checking 6958,"1,000.00","460,705.65"
,501 Fees,03/29/2023,Deposit,,Checks,,Summit Checking 5809,"3,207.71","463,913.36"
,501 Fees,03/29/2023,Deposit,,Credit Card,,Summit Checking 5809,566.20,"464,479.56"
,501 Fees,03/30/2023,Deposit,,MetLife,,Cash in BOA 0693,166.00,"464,645.56"
,501 Fees,03/30/2023,Deposit,,Delta Dental,,Cash in BOA 0693,157.00,"464,802.56"
,501 Fees,03/30/2023,Deposit,,Credit Card,,Summit Checking 5809,40.00,"464,842.56"
,501 Fees,03/31/2023,Deposit,,Wa St Hca,,Cash in BOA 0693,"21,429.06","486,271.62"
,501 Fees,03/31/2023,Deposit,,Delta Dental,,Cash in BOA 0693,"3,679.17","489,950.79"
,501 Fees,03/31/2023,Deposit,,MetLife,,Cash in BOA 0693,230.00,"490,180.79"
,501 Fees,03/31/2023,Deposit,,Delta Dental,,Cash in BOA 0693,147.60,"490,328.39"
,501 Fees,03/31/2023,Deposit,,Credit Card,,Summit Checking 5809,434.00,"490,762.39"
,501 Fees,04/03/2023,Deposit,,Delta Dental,,Cash in BOA 0693,372.00,"491,134.39"
,501 Fees,04/03/2023,Deposit,,Delta Dental,,Cash in BOA 0693,193.00,"491,327.39"
,501 Fees,04/04/2023,Deposit,,Oregon Dental SV,,Cash in BOA 0693,"3,437.30","494,764.69"
,501 Fees,04/04/2023,Deposit,,Delta,,Cash in BOA 0693,314.20,"495,078.89"
,501 Fees,04/04/2023,Deposit,,Credit Card,,Summit Checking 5809,642.45,"495,721.34"
,501 Fees,04/05/2023,Deposit,,Checks,,Summit Checking 5809,"2,704.01","498,425.35"
,501 Fees,04/05/2023,Deposit,,Checks,,Summit Checking 5809,"2,591.92","501,017.27"
,501 Fees,04/05/2023,Deposit,,Credit Card,,Summit Checking 5809,707.00,"501,724.27"
,501 Fees,04/06/2023,Deposit,,MetLife,,Cash in BOA 0693,272.00,"501,996.27"
,501 Fees,04/06/2023,Deposit,,MetLife,,Cash in BOA 0693,166.00,"502,162.27"
,501 Fees,04/06/2023,Deposit,,Credit Card,,Summit Checking 5809,192.00,"502,354.27"
,501 Fees,04/07/2023,Deposit,,Delta Dental,,Cash in BOA 0693,"2,121.50","504,475.77"
,501 Fees,04/07/2023,Deposit,,Wa St Hca,,Cash in BOA 0693,"25,848.81","530,324.58"
,501 Fees,04/07/2023,Deposit,,Credit Card,,Summit Checking 5809,355.70,"530,680.28"
,501 Fees,04/10/2023,Deposit,,Syncrony Bank,,Cash in BOA 0693,706.31,"531,386.59"
,501 Fees,04/11/2023,Deposit,,Oregon Dental SV,,Cash in BOA 0693,"2,471.70","533,858.29"
,501 Fees,04/11/2023,Deposit,,Delta Dental,,Cash in BOA 0693,193.00,"534,051.29"
,501 Fees,04/11/2023,Deposit,,Delta,,Cash in BOA 0693,157.00,"534,208.29"
,501 Fees,04/11/2023,Deposit,,Checks,,Summit Checking 5809,"11,261.80","545,470.09"
,501 Fees,04/11/2023,Deposit,,Credit Card,,Summit Checking 5809,574.90,"546,044.99"
,501 Fees,04/12/2023,Deposit,,Syncrony Bank,,Cash in BOA 0693,470.50,"546,515.49"
,501 Fees,04/12/2023,Deposit,,Delta,,Cash in BOA 0693,179.00,"546,694.49"
,501 Fees,04/12/2023,Deposit,,Delta,,Cash in BOA 0693,112.00,"546,806.49"
,501 Fees,04/12/2023,Deposit,,Credit Card,,Riverview Checking 6958,888.00,"547,694.49"
,501 Fees,04/12/2023,Deposit,,Credit Card,,Summit Checking 5809,89.80,"547,784.29"
,501 Fees,04/13/2023,Deposit,,Delta Dental,,Cash in BOA 0693,529.00,"548,313.29"
,501 Fees,04/13/2023,Deposit,,Delta Dental,,Cash in BOA 0693,476.00,"548,789.29"
,501 Fees,04/13/2023,Deposit,,UMR,,Cash in BOA 0693,406.00,"549,195.29"
,501 Fees,04/13/2023,Deposit,,Credit Card,,Summit Checking 5809,185.20,"549,380.49"
,501 Fees,04/14/2023,Deposit,,Delta Dental,,Cash in BOA 0693,193.00,"549,573.49"
,501 Fees,04/14/2023,Deposit,,Delta Dental,,Cash in BOA 0693,"3,019.05","552,592.54"
,501 Fees,04/14/2023,Deposit,,American Express,,Summit Checking 5809,496.07,"553,088.61"
,501 Fees,04/14/2023,Deposit,,Wa St Hca,,Cash in BOA 0693,"24,550.57","577,639.18"
,501 Fees,04/14/2023,Deposit,,MetLife,,Cash in BOA 0693,"1,144.40","578,783.58"
,501 Fees,04/14/2023,Deposit,,Oregon Dental SV,,Cash in BOA 0693,730.00,"579,513.58"
,501 Fees,04/14/2023,Deposit,,MetLife,,Cash in BOA 0693,724.80,"580,238.38"
,501 Fees,04/14/2023,Deposit,,,,Cash in BOA 0693,496.00,"580,734.38"
,501 Fees,04/14/2023,Deposit,,Credit Card,,Summit Checking 5809,663.40,"581,397.78"
,501 Fees,04/18/2023,Deposit,,Oregon Dental SV,,Cash in BOA 0693,"1,469.00","582,866.78"
,501 Fees,04/18/2023,Deposit,,Checks,,Summit Checking 5809,"2,632.86","585,499.64"
,501 Fees,04/18/2023,Deposit,,Credit Card,,Summit Checking 5809,449.68,"585,949.32"
,501 Fees,04/19/2023,Deposit,,Delta,,Cash in BOA 0693,386.00,"586,335.32"
,501 Fees,04/19/2023,Deposit,,Delta,,Cash in BOA 0693,386.00,"586,721.32"
,501 Fees,04/19/2023,Deposit,,Credit Card,,Summit Checking 5809,619.00,"587,340.32"
,501 Fees,04/19/2023,Deposit,,Credit Card,,Summit Checking 5809,336.68,"587,677.00"
,501 Fees,04/20/2023,Deposit,,Delta Dental,,Cash in BOA 0693,478.00,"588,155.00"
,501 Fees,04/20/2023,Deposit,,Checks,,Summit Checking 5809,"1,139.57","589,294.57"
,501 Fees,04/20/2023,Deposit,,Credit Card,,Summit Checking 5809,351.60,"589,646.17"
,501 Fees,04/21/2023,Deposit,,Delta Dental,,Cash in BOA 0693,"4,729.80","594,375.97"
,501 Fees,04/21/2023,Deposit,,Wa St Hca,,Cash in BOA 0693,"22,262.72","616,638.69"
,501 Fees,04/21/2023,Deposit,,MetLife,,Cash in BOA 0693,513.60,"617,152.29"
,501 Fees,04/24/2023,Deposit,,Delta,,Cash in BOA 0693,386.00,"617,538.29"
,501 Fees,04/25/2023,Deposit,,Checks,,Summit Checking 5809,"4,818.80","622,357.09"
,501 Fees,04/25/2023,Deposit,,Credit Card,,Summit Checking 5809,671.40,"623,028.49"
,501 Fees,04/25/2023,Deposit,,Oregon Dental SV,,Cash in BOA 0693,"1,365.60","624,394.09"
,501 Fees,04/25/2023,Deposit,,Delta Dental,,Cash in BOA 0693,910.00,"625,304.09"
,501 Fees,04/26/2023,Deposit,,Checks,,Summit Checking 5809,"5,187.78","630,491.87"
,501 Fees,04/26/2023,Deposit,,Credit Card,,Summit Checking 5809,170.80,"630,662.67"
,501 Fees,04/26/2023,Deposit,,Delta Dental,,Cash in BOA 0693,397.00,"631,059.67"
,501 Fees,04/26/2023,Deposit,,Delta,,Cash in BOA 0693,376.80,"631,436.47"
,501 Fees,04/27/2023,Deposit,,Credit Card,,Summit Checking 5809,"1,006.40","632,442.87"
,501 Fees,04/27/2023,Deposit,,Delta Dental,,Cash in BOA 0693,"3,799.40","636,242.27"
,501 Fees,04/27/2023,Deposit,,Delta Dental,,Cash in BOA 0693,"1,231.00","637,473.27"
,501 Fees,04/28/2023,Deposit,,Credit Card,,Summit Checking 5809,700.00,"638,173.27"
,501 Fees,04/28/2023,Deposit,,Credit Card,,Summit Checking 5809,481.15,"638,654.42"
,501 Fees,04/28/2023,Deposit,,Wa St Hca,,Cash in BOA 0693,"29,116.56","667,770.98"
,501 Fees,04/28/2023,Deposit,,,,Cash in BOA 0693,506.00,"668,276.98"
,501 Fees,04/28/2023,Deposit,,MetLife,,Cash in BOA 0693,237.80,"668,514.78"
,501 Fees,04/28/2023,Deposit,,MetLife,,Cash in BOA 0693,166.00,"668,680.78"
,501 Fees,05/01/2023,Deposit,,Oregon Dental SV,,Cash in BOA 0693,64.00,"668,744.78"
,501 Fees,05/02/2023,Deposit,,American Express,,Summit Checking 5809,262.40,"669,007.18"
,501 Fees,05/02/2023,Deposit,,Checks,,Summit Checking 5809,"5,115.60","674,122.78"
,501 Fees,05/02/2023,Deposit,,Credit Card,,Summit Checking 5809,804.00,"674,926.78"
,501 Fees,05/02/2023,Deposit,,Credit Card,,Summit Checking 5809,325.60,"675,252.38"
,501 Fees,05/02/2023,Deposit,,Oregon Dental SV,,Cash in BOA 0693,440.00,"675,692.38"
,501 Fees,05/03/2023,Deposit,,Delta,,Cash in BOA 0693,131.20,"675,823.58"
,501 Fees,05/03/2023,Deposit,,Credit Card,,Summit Checking 5809,799.40,"676,622.98"
,501 Fees,05/04/2023,Deposit,,UMR,,Cash in BOA 0693,162.00,"676,784.98"
,501 Fees,05/04/2023,Deposit,,Credit Card,,Summit Checking 5809,"1,183.20","677,968.18"
,501 Fees,05/04/2023,Deposit,,American Express,,Summit Checking 5809,222.00,"678,190.18"
,501 Fees,05/05/2023,Deposit,,Wa St Hca,,Cash in BOA 0693,"20,333.86","698,524.04"
,501 Fees,05/05/2023,Deposit,,Delta Dental,,Cash in BOA 0693,"3,849.17","702,373.21"
,501 Fees,05/05/2023,Deposit,,MetLife,,Cash in BOA 0693,"1,093.40","703,466.61"
,501 Fees,05/05/2023,Deposit,,MetLife,,Cash in BOA 0693,513.00,"703,979.61"
,501 Fees,05/05/2023,Deposit,,MetLife,,Cash in BOA 0693,352.00,"704,331.61"
,501 Fees,05/05/2023,Deposit,,MetLife,,Cash in BOA 0693,199.00,"704,530.61"
,501 Fees,05/05/2023,Deposit,,Checks,,Summit Checking 5809,925.12,"705,455.73"
,501 Fees,05/05/2023,Deposit,,Credit Card,,Summit Checking 5809,497.90,"705,953.63"
,501 Fees,05/08/2023,Deposit,,Syncrony Bank,,Cash in BOA 0693,"2,139.87","708,093.50"
,501 Fees,05/08/2023,Deposit,,Delta Dental,,Cash in BOA 0693,164.00,"708,257.50"
,501 Fees,05/08/2023,Deposit,,Delta,,Cash in BOA 0693,158.40,"708,415.90"
,501 Fees,05/08/2023,Deposit,,Credit Card,,Summit Checking 5809,70.00,"708,485.90"
,501 Fees,05/09/2023,Deposit,,Oregon Dental SV,,Cash in BOA 0693,"1,990.90","710,476.80"
,501 Fees,05/09/2023,Deposit,,Checks,,Summit Checking 5809,"4,694.03","715,170.83"
,501 Fees,05/09/2023,Deposit,,Credit Card,,Summit Checking 5809,742.00,"715,912.83"
,501 Fees,05/09/2023,Deposit,,Credit Card,,Summit Checking 5809,121.60,"716,034.43"
,501 Fees,05/10/2023,Deposit,,Delta,,Cash in BOA 0693,789.60,"716,824.03"
,501 Fees,05/10/2023,Deposit,,Credit Card,,Summit Checking 5809,"1,148.80","717,972.83"
,501 Fees,05/11/2023,Deposit,,Delta Dental,,Cash in BOA 0693,275.00,"718,247.83"
,501 Fees,05/12/2023,Deposit,,Delta Dental,,Cash in BOA 0693,"2,346.95","720,594.78"
,501 Fees,05/12/2023,Deposit,,MetLife,,Cash in BOA 0693,152.00,"720,746.78"
,501 Fees,05/12/2023,Deposit,,MetLife,,Cash in BOA 0693,136.00,"720,882.78"
,501 Fees,05/12/2023,Deposit,,Wa St Hca,,Cash in BOA 0693,"20,322.76","741,205.54"
,501 Fees,05/12/2023,Deposit,,Credit Card,,Summit Checking 5809,"1,707.80","742,913.34"
,501 Fees,05/12/2023,Deposit,,Credit Card,,Summit Checking 5809,"1,000.00","743,913.34"
,501 Fees,05/16/2023,Deposit,,Oregon Dental SV,,Cash in BOA 0693,"1,601.80","745,515.14"
,501 Fees,05/16/2023,Deposit,,Delta,,Cash in BOA 0693,821.00,"746,336.14"
,501 Fees,05/16/2023,Deposit,,Oregon Dental SV,,Cash in BOA 0693,393.00,"746,729.14"
,501 Fees,05/16/2023,Deposit,,Checks,,Summit Checking 5809,"6,559.81","753,288.95"
,501 Fees,05/16/2023,Deposit,,Credit Card,,Summit Checking 5809,619.00,"753,907.95"
,501 Fees,05/16/2023,Deposit,,Credit Card,,Summit Checking 5809,558.00,"754,465.95"
,501 Fees,05/17/2023,Deposit,,Delta Dental,,Cash in BOA 0693,128.00,"754,593.95"
,501 Fees,05/17/2023,Deposit,,Delta,,Cash in BOA 0693,16.00,"754,609.95"
,501 Fees,05/17/2023,Deposit,,Credit Card,,Summit Checking 5809,295.20,"754,905.15"
,501 Fees,05/17/2023,Deposit,,American Express,,Summit Checking 5809,222.40,"755,127.55"
,501 Fees,05/18/2023,Deposit,,Delta Dental,,Cash in BOA 0693,301.00,"755,428.55"
,501 Fees,05/18/2023,Deposit,,Checks,,Summit Checking 5809,"2,157.91","757,586.46"
,501 Fees,05/18/2023,Deposit,,Credit Card,,Summit Checking 5809,849.80,"758,436.26"
,501 Fees,05/19/2023,Deposit,,Delta Dental,,Cash in BOA 0693,"1,778.00","760,214.26"
,501 Fees,05/19/2023,Deposit,,Wa St Hca,,Cash in BOA 0693,"23,174.80","783,389.06"
,501 Fees,05/19/2023,Deposit,,MetLife,,Cash in BOA 0693,250.00,"783,639.06"
,501 Fees,05/19/2023,Deposit,,MetLife,,Cash in BOA 0693,136.00,"783,775.06"
,501 Fees,05/19/2023,Deposit,,Credit Card,,Summit Checking 5809,336.18,"784,111.24"
,501 Fees,05/22/2023,Deposit,,Delta Dental,,Cash in BOA 0693,164.00,"784,275.24"
,501 Fees,05/23/2023,Deposit,,Credit Card,,Summit Checking 5809,"1,420.39","785,695.63"
,501 Fees,05/23/2023,Deposit,,American Express,,Summit Checking 5809,500.00,"786,195.63"
,501 Fees,05/23/2023,Deposit,,Oregon Dental SV,,Cash in BOA 0693,761.00,"786,956.63"
,501 Fees,05/23/2023,Deposit,,Delta,,Cash in BOA 0693,471.20,"787,427.83"
,501 Fees,05/23/2023,Deposit,,MetLife,,Cash in BOA 0693,153.00,"787,580.83"
,501 Fees,05/24/2023,Deposit,,Checks,,Summit Checking 5809,"3,841.49","791,422.32"
,501 Fees,05/24/2023,Deposit,,Credit Card,,Summit Checking 5809,371.90,"791,794.22"
,501 Fees,05/24/2023,Deposit,,Delta,,Cash in BOA 0693,665.60,"792,459.82"
,501 Fees,05/24/2023,Deposit,,Delta,,Cash in BOA 0693,460.20,"792,920.02"
,501 Fees,05/24/2023,Deposit,,Delta,,Cash in BOA 0693,423.00,"793,343.02"
,501 Fees,05/24/2023,Deposit,,Delta Dental,,Cash in BOA 0693,343.00,"793,686.02"
,501 Fees,05/25/2023,Deposit,,Credit Card,,Summit Checking 5809,"1,013.61","794,699.63"
,501 Fees,05/25/2023,Deposit,,UMR,,Cash in BOA 0693,128.00,"794,827.63"
,501 Fees,05/25/2023,Deposit,,,,Cash in BOA 0693,96.00,"794,923.63"
,501 Fees,05/26/2023,Deposit,,Wa St Hca,,Cash in BOA 0693,"9,995.06","804,918.69"
,501 Fees,05/26/2023,Deposit,,Delta Dental,,Cash in BOA 0693,"3,608.40","808,527.09"
,501 Fees,05/26/2023,Deposit,,MetLife,,Cash in BOA 0693,546.00,"809,073.09"
,501 Fees,05/26/2023,Deposit,,Delta Dental,,Cash in BOA 0693,279.90,"809,352.99"
,501 Fees,05/26/2023,Deposit,,Delta Dental,,Cash in BOA 0693,230.00,"809,582.99"
,501 Fees,05/26/2023,Deposit,,MetLife,,Cash in BOA 0693,88.00,"809,670.99"
,501 Fees,05/30/2023,Deposit,,MetLife,,Cash in BOA 0693,118.00,"809,788.99"
,501 Fees,05/31/2023,Deposit,,Checks,,Summit Checking 5809,"3,723.65","813,512.64"
,501 Fees,05/31/2023,Deposit,,Credit Card,,Summit Checking 5809,870.00,"814,382.64"
,501 Fees,05/31/2023,Deposit,,,,Cash in BOA 0693,"2,860.88","817,243.52"
,501 Fees,05/31/2023,Deposit,,Delta,,Cash in BOA 0693,268.80,"817,512.32"
,501 Fees,05/31/2023,Deposit,,Delta Dental,,Cash in BOA 0693,221.00,"817,733.32"
,501 Fees,05/31/2023,Deposit,,Oregon Dental SV,,Cash in BOA 0693,824.00,"818,557.32"
,501 Fees,06/01/2023,Deposit,,American Express,,Summit Checking 5809,400.00,"818,957.32"
,501 Fees,06/01/2023,Deposit,,Credit Card,,Summit Checking 5809,245.40,"819,202.72"
,501 Fees,06/01/2023,Deposit,,Credit Card,,Summit Checking 5809,910.00,"820,112.72"
,501 Fees,06/01/2023,Deposit,,Checks,,Summit Checking 5809,"1,475.64","821,588.36"
,501 Fees,06/02/2023,Deposit,,,,Cash in BOA 0693,290.00,"821,878.36"
,501 Fees,06/02/2023,Deposit,,Wa St Hca,,Cash in BOA 0693,"9,048.07","830,926.43"
,501 Fees,06/02/2023,Deposit,,Delta Dental,,Cash in BOA 0693,193.00,"831,119.43"
,501 Fees,06/02/2023,Deposit,,Delta Dental,,Cash in BOA 0693,"1,495.07","832,614.50"
,501 Fees,06/02/2023,Deposit,,Delta Dental,,Cash in BOA 0693,193.00,"832,807.50"
,501 Fees,06/02/2023,Deposit,,Credit Card,,Summit Checking 5809,148.00,"832,955.50"
,501 Fees,06/05/2023,Deposit,,,,Cash in BOA 0693,386.00,"833,341.50"
,501 Fees,06/05/2023,Deposit,,Credit Card,,Summit Checking 5809,"1,071.25","834,412.75"
,501 Fees,06/06/2023,Deposit,,Oregon Dental SV,,Cash in BOA 0693,890.00,"835,302.75"
,501 Fees,06/06/2023,Deposit,,Delta,,Cash in BOA 0693,475.20,"835,777.95"
,501 Fees,06/06/2023,Deposit,,Delta Dental,,Cash in BOA 0693,538.00,"836,315.95"
,501 Fees,06/06/2023,Deposit,,Checks,,Summit Checking 5809,"2,559.82","838,875.77"
,501 Fees,06/06/2023,Deposit,,Credit Card,,Summit Checking 5809,"4,363.98","843,239.75"
,501 Fees,06/07/2023,Deposit,,Delta Dental,,Cash in BOA 0693,179.00,"843,418.75"
,501 Fees,06/07/2023,Deposit,,Delta,,Cash in BOA 0693,455.20,"843,873.95"
,501 Fees,06/07/2023,Deposit,,Credit Card,,Summit Checking 5809,491.24,"844,365.19"
,501 Fees,06/08/2023,Deposit,,Delta Dental,,Cash in BOA 0693,514.00,"844,879.19"
,501 Fees,06/08/2023,Deposit,,American Express,,Summit Checking 5809,360.00,"845,239.19"
,501 Fees,06/08/2023,Deposit,,Credit Card,,Summit Checking 5809,300.80,"845,539.99"
,501 Fees,06/08/2023,Deposit,,Checks,,Summit Checking 5809,38.08,"845,578.07"
,501 Fees,06/08/2023,Deposit,,,,Cash in BOA 0693,162.00,"845,740.07"
,501 Fees,06/09/2023,Deposit,,Delta Dental,,Cash in BOA 0693,"2,716.00","848,456.07"
,501 Fees,06/09/2023,Deposit,,MetLife,,Cash in BOA 0693,136.00,"848,592.07"
,501 Fees,06/09/2023,Deposit,,MetLife,,Cash in BOA 0693,166.00,"848,758.07"
,501 Fees,06/09/2023,Deposit,,Wa St Hca,,Cash in BOA 0693,"17,346.19","866,104.26"
,501 Fees,06/09/2023,Deposit,,Delta Dental,,Cash in BOA 0693,118.40,"866,222.66"
,501 Fees,06/09/2023,Deposit,,Delta Dental,,Cash in BOA 0693,"1,890.00","868,112.66"
,501 Fees,06/09/2023,Deposit,,Credit Card,,Summit Checking 5809,133.20,"868,245.86"
,501 Fees,06/13/2023,Deposit,,American Express,,Summit Checking 5809,86.80,"868,332.66"
,501 Fees,06/13/2023,Deposit,,Credit Card,,Summit Checking 5809,"1,258.79","869,591.45"
,501 Fees,06/13/2023,Deposit,,Oregon Dental SV,,Cash in BOA 0693,601.00,"870,192.45"
,501 Fees,06/13/2023,Deposit,,Delta,,Cash in BOA 0693,386.00,"870,578.45"
,501 Fees,06/14/2023,Deposit,,Credit Card,,Summit Checking 5809,193.23,"870,771.68"
,501 Fees,06/14/2023,Deposit,,Checks,,Summit Checking 5809,"4,262.36","875,034.04"
,501 Fees,06/14/2023,Deposit,,Oregon Dental SV,,Cash in BOA 0693,85.00,"875,119.04"
,501 Fees,06/14/2023,Deposit,,Delta,,Cash in BOA 0693,538.00,"875,657.04"
,501 Fees,06/14/2023,Deposit,,Delta Dental,,Cash in BOA 0693,164.00,"875,821.04"
,501 Fees,06/15/2023,Deposit,,Credit Card,,Summit Checking 5809,452.40,"876,273.44"
,501 Fees,06/15/2023,Deposit,,Delta,,Cash in BOA 0693,357.00,"876,630.44"
,501 Fees,06/15/2023,Deposit,,UMR,,Cash in BOA 0693,128.00,"876,758.44"
,501 Fees,06/16/2023,Deposit,,Credit Card,,Summit Checking 5809,986.74,"877,745.18"
,501 Fees,06/16/2023,Deposit,,MetLife,,Cash in BOA 0693,304.00,"878,049.18"
,501 Fees,06/16/2023,Deposit,,Wa St Hca,,Cash in BOA 0693,"15,274.94","893,324.12"
,501 Fees,06/16/2023,Deposit,,MetLife,,Cash in BOA 0693,901.00,"894,225.12"
,501 Fees,06/16/2023,Deposit,,Delta Dental,,Cash in BOA 0693,"3,066.15","897,291.27"
,501 Fees,06/20/2023,Deposit,,Delta Dental,,Cash in BOA 0693,359.00,"897,650.27"
,501 Fees,06/21/2023,Deposit,,Oregon Dental SV,,Cash in BOA 0693,564.00,"898,214.27"
,501 Fees,06/21/2023,Deposit,,MetLife,,Cash in BOA 0693,253.00,"898,467.27"
,501 Fees,06/21/2023,Deposit,,Credit Card,,Summit Checking 5809,550.68,"899,017.95"
,501 Fees,06/21/2023,Deposit,,Credit Card,,Summit Checking 5809,948.00,"899,965.95"
,501 Fees,06/22/2023,Deposit,,Credit Card,,Summit Checking 5809,150.60,"900,116.55"
,501 Fees,06/22/2023,Deposit,,Checks,,Summit Checking 5809,"7,313.48","907,430.03"
,501 Fees,06/22/2023,Deposit,,Delta Dental,,Cash in BOA 0693,582.00,"908,012.03"
,501 Fees,06/22/2023,Deposit,,Delta,,Cash in BOA 0693,36.00,"908,048.03"
,501 Fees,06/22/2023,Deposit,,Delta Dental,,Cash in BOA 0693,386.80,"908,434.83"
,501 Fees,06/22/2023,Deposit,,Delta Dental,,Cash in BOA 0693,193.00,"908,627.83"
,501 Fees,06/22/2023,Deposit,,,,Cash in BOA 0693,77.00,"908,704.83"
,501 Fees,06/23/2023,Deposit,,Delta Dental,,Cash in BOA 0693,"1,680.20","910,385.03"
,501 Fees,06/23/2023,Deposit,,Wa St Hca,,Cash in BOA 0693,"18,133.67","928,518.70"
,501 Fees,06/23/2023,Deposit,,Credit Card,,Summit Checking 5809,923.70,"929,442.40"
,501 Fees,06/26/2023,Deposit,,MetLife,,Cash in BOA 0693,578.80,"930,021.20"
,501 Fees,06/27/2023,Deposit,,Oregon Dental SV,,Cash in BOA 0693,"1,033.50","931,054.70"
,501 Fees,06/27/2023,Deposit,,Credit Card,,Summit Checking 5809,"1,434.10","932,488.80"
,501 Fees,06/28/2023,Deposit,,Delta Dental,,Cash in BOA 0693,"1,110.00","933,598.80"
,501 Fees,06/28/2023,Deposit,,Delta,,Cash in BOA 0693,193.00,"933,791.80"
,501 Fees,06/28/2023,Deposit,,Credit Card,,Summit Checking 5809,520.54,"934,312.34"
,501 Fees,06/29/2023,Deposit,,Delta Dental,,Cash in BOA 0693,164.00,"934,476.34"
,501 Fees,06/29/2023,Deposit,,Wa St Hca,,Cash in BOA 0693,"19,965.60","954,441.94"
,501 Fees,06/29/2023,Deposit,,Delta Dental,,Cash in BOA 0693,263.40,"954,705.34"
,501 Fees,06/29/2023,Deposit,,,,Cash in BOA 0693,640.00,"955,345.34"
,501 Fees,06/29/2023,Deposit,,Checks,,Summit Checking 5809,"3,180.22","958,525.56"
,501 Fees,06/29/2023,Deposit,,Credit Card,,Summit Checking 5809,961.20,"959,486.76"
,501 Fees,06/29/2023,Deposit,,American Express,,Summit Checking 5809,100.00,"959,586.76"
,501 Fees,06/30/2023,Deposit,,Delta Dental,,Cash in BOA 0693,"2,895.47","962,482.23"
,501 Fees,06/30/2023,Deposit,,Credit Card,,Summit Checking 5809,316.50,"962,798.73"
,501 Fees,07/05/2023,Deposit,,Delta,,Cash in BOA 0693,321.00,"963,119.73"
,501 Fees,07/05/2023,Deposit,,Delta,,Cash in BOA 0693,452.60,"963,572.33"
,501 Fees,07/05/2023,Deposit,,Delta Dental,,Cash in BOA 0693,300.20,"963,872.53"
,501 Fees,07/05/2023,Deposit,,Delta,,Cash in BOA 0693,157.00,"964,029.53"
,501 Fees,07/05/2023,Deposit,,Delta Dental,,Cash in BOA 0693,916.00,"964,945.53"
,501 Fees,07/05/2023,Deposit,,Delta,,Cash in BOA 0693,241.00,"965,186.53"
,501 Fees,07/05/2023,Deposit,,Oregon Dental SV,,Cash in BOA 0693,"1,164.20","966,350.73"
,501 Fees,07/06/2023,Deposit,,Credit Card,,Summit Checking 5809,"1,039.00","967,389.73"
,501 Fees,07/06/2023,Deposit,,Credit Card,,Summit Checking 5809,"1,229.60","968,619.33"
,501 Fees,07/06/2023,Deposit,,Delta,,Cash in BOA 0693,350.00,"968,969.33"
,501 Fees,07/06/2023,Deposit,,Delta Dental,,Cash in BOA 0693,707.00,"969,676.33"
,501 Fees,07/06/2023,Deposit,,,,Cash in BOA 0693,208.00,"969,884.33"
,501 Fees,07/06/2023,Deposit,,Delta,,Cash in BOA 0693,269.00,"970,153.33"
,501 Fees,07/07/2023,Deposit,,Credit Card,,Summit Checking 5809,"1,111.75","971,265.08"
,501 Fees,07/07/2023,Deposit,,Delta Dental,,Cash in BOA 0693,"4,557.00","975,822.08"
,501 Fees,07/07/2023,Deposit,,Wa St Hca,,Cash in BOA 0693,"35,991.15","1,011,813.23"
,501 Fees,07/10/2023,Deposit,,MetLife,,Cash in BOA 0693,819.40,"1,012,632.63"
,501 Fees,07/10/2023,Deposit,,MetLife,,Cash in BOA 0693,438.00,"1,013,070.63"
,501 Fees,07/11/2023,Deposit,,Checks,,Summit Checking 5809,"7,512.19","1,020,582.82"
,501 Fees,07/11/2023,Deposit,,Credit Card,,Summit Checking 5809,384.48,"1,020,967.30"
,501 Fees,07/11/2023,Deposit,,Oregon Dental SV,,Cash in BOA 0693,"2,622.50","1,023,589.80"
,501 Fees,07/12/2023,Deposit,,Credit Card,,Summit Checking 5809,"1,499.40","1,025,089.20"
,501 Fees,07/12/2023,Deposit,,Delta,,Cash in BOA 0693,344.00,"1,025,433.20"
,501 Fees,07/12/2023,Deposit,,Delta Dental,,Cash in BOA 0693,193.00,"1,025,626.20"
,501 Fees,07/12/2023,Deposit,,Delta,,Cash in BOA 0693,80.00,"1,025,706.20"
,501 Fees,07/13/2023,Deposit,,Credit Card,,Summit Checking 5809,"1,279.40","1,026,985.60"
,501 Fees,07/14/2023,Deposit,,Delta Dental,,Cash in BOA 0693,"3,591.55","1,030,577.15"
,501 Fees,07/14/2023,Deposit,,,,Cash in BOA 0693,162.00,"1,030,739.15"
,501 Fees,07/14/2023,Deposit,,Wa St Hca,,Cash in BOA 0693,"8,510.93","1,039,250.08"
,501 Fees,07/14/2023,Deposit,,MetLife,,Cash in BOA 0693,680.80,"1,039,930.88"
,501 Fees,07/14/2023,Deposit,,Credit Card,,Summit Checking 5809,785.81,"1,040,716.69"
,501 Fees,07/14/2023,Deposit,,Credit Card,,Summit Checking 5809,800.00,"1,041,516.69"
,501 Fees,07/17/2023,Deposit,,Credit Card,,Summit Checking 5809,"1,300.00","1,042,816.69"
,501 Fees,07/17/2023,Deposit,,Credit Card,,Summit Checking 5809,739.80,"1,043,556.49"
,501 Fees,07/17/2023,Deposit,,Delta Dental,,Cash in BOA 0693,157.00,"1,043,713.49"
,501 Fees,07/18/2023,Deposit,,American Express,,Summit Checking 5809,106.00,"1,043,819.49"
,501 Fees,07/18/2023,Deposit,,Oregon Dental SV,,Cash in BOA 0693,"1,638.20","1,045,457.69"
,501 Fees,07/18/2023,Deposit,,Delta,,Cash in BOA 0693,157.00,"1,045,614.69"
,501 Fees,07/18/2023,Deposit,,MetLife,,Cash in BOA 0693,84.00,"1,045,698.69"
,501 Fees,07/18/2023,Deposit,,Credit Card,,Summit Checking 5809,498.50,"1,046,197.19"
,501 Fees,07/18/2023,Deposit,,Checks,,Summit Checking 5809,"6,000.80","1,052,197.99"
,501 Fees,07/19/2023,Deposit,,Credit Card,,Summit Checking 5809,948.00,"1,053,145.99"
,501 Fees,07/19/2023,Deposit,,Credit Card,,Summit Checking 5809,339.40,"1,053,485.39"
,501 Fees,07/20/2023,Deposit,,Delta,,Cash in BOA 0693,"2,270.60","1,055,755.99"
,501 Fees,07/20/2023,Deposit,,Delta Dental,,Cash in BOA 0693,437.80,"1,056,193.79"
,501 Fees,07/20/2023,Deposit,,Checks,,Summit Checking 5809,"1,772.82","1,057,966.61"
,501 Fees,07/20/2023,Deposit,,Credit Card,,Summit Checking 5809,63.20,"1,058,029.81"
,501 Fees,07/21/2023,Deposit,,MetLife,,Cash in BOA 0693,118.00,"1,058,147.81"
,501 Fees,07/21/2023,Deposit,,Delta Dental,,Cash in BOA 0693,"3,784.10","1,061,931.91"
,501 Fees,07/21/2023,Deposit,,MetLife,,Cash in BOA 0693,118.00,"1,062,049.91"
,501 Fees,07/21/2023,Deposit,,,,Cash in BOA 0693,128.00,"1,062,177.91"
,501 Fees,07/21/2023,Deposit,,Wa St Hca,,Cash in BOA 0693,84.58,"1,062,262.49"
,501 Fees,07/21/2023,Deposit,,Credit Card,,Summit Checking 5809,943.66,"1,063,206.15"
,501 Fees,07/24/2023,Deposit,,Delta Dental,,Cash in BOA 0693,194.40,"1,063,400.55"
,501 Fees,07/24/2023,Deposit,,Delta Dental,,Cash in BOA 0693,164.00,"1,063,564.55"
,501 Fees,07/25/2023,Deposit,,Oregon Dental SV,,Cash in BOA 0693,"1,216.00","1,064,780.55"
,501 Fees,07/25/2023,Deposit,,Delta,,Cash in BOA 0693,99.00,"1,064,879.55"
,501 Fees,07/25/2023,Deposit,,Checks,,Summit Checking 5809,"3,291.70","1,068,171.25"
,501 Fees,07/25/2023,Deposit,,Credit Card,,Summit Checking 5809,125.80,"1,068,297.05"
,501 Fees,07/26/2023,Deposit,,Delta Dental,,Cash in BOA 0693,"1,836.00","1,070,133.05"
,501 Fees,07/26/2023,Deposit,,Delta,,Cash in BOA 0693,32.00,"1,070,165.05"
,501 Fees,07/26/2023,Deposit,,Credit Card,,Summit Checking 5809,985.55,"1,071,150.60"
,501 Fees,07/27/2023,Deposit,,Delta Dental,,Cash in BOA 0693,157.00,"1,071,307.60"
,501 Fees,07/27/2023,Deposit,,,,Cash in BOA 0693,248.00,"1,071,555.60"
,501 Fees,07/27/2023,Deposit,,Credit Card,,Summit Checking 5809,686.20,"1,072,241.80"
,501 Fees,07/28/2023,Deposit,,Delta Dental,,Cash in BOA 0693,"1,781.40","1,074,023.20"
,501 Fees,07/28/2023,Deposit,,MetLife,,Cash in BOA 0693,332.00,"1,074,355.20"
,501 Fees,07/28/2023,Deposit,,Delta Dental,,Cash in BOA 0693,220.00,"1,074,575.20"
,501 Fees,07/28/2023,Deposit,,Delta,,Cash in BOA 0693,459.00,"1,075,034.20"
,501 Fees,07/28/2023,Deposit,,MetLife,,Cash in BOA 0693,332.00,"1,075,366.20"
,501 Fees,07/28/2023,Deposit,,,,Cash in BOA 0693,290.00,"1,075,656.20"
,501 Fees,07/28/2023,Deposit,,,,Cash in BOA 0693,416.00,"1,076,072.20"
,501 Fees,07/28/2023,Deposit,,Wa St Hca,,Cash in BOA 0693,"56,030.71","1,132,102.91"
,501 Fees,07/28/2023,Deposit,,Credit Card,,Summit Checking 5809,"1,015.60","1,133,118.51"
,501 Fees,07/28/2023,Deposit,,Credit Card,,Summit Checking 5809,"1,300.00","1,134,418.51"
,501 Fees,07/31/2023,Deposit,,,,Cash in BOA 0693,658.00,"1,135,076.51"
,501 Fees,07/31/2023,Deposit,,Oregon Dental SV,,Cash in BOA 0693,386.00,"1,135,462.51"
,501 Fees,07/31/2023,Deposit,,,,Cash in BOA 0693,30.40,"1,135,492.91"
,501 Fees,08/01/2023,Deposit,,Delta Dental,,Cash in BOA 0693,112.00,"1,135,604.91"
,501 Fees,08/01/2023,Deposit,,Delta Dental,,Cash in BOA 0693,"1,043.00","1,136,647.91"
,501 Fees,08/01/2023,Deposit,,Oregon Dental SV,,Cash in BOA 0693,692.50,"1,137,340.41"
,501 Fees,08/01/2023,Deposit,,Delta,,Cash in BOA 0693,157.00,"1,137,497.41"
,501 Fees,08/01/2023,Deposit,,Checks,,Summit Checking 5809,"3,215.53","1,140,712.94"
,501 Fees,08/01/2023,Deposit,,Credit Card,,Summit Checking 5809,"1,392.60","1,142,105.54"
,501 Fees,08/02/2023,Deposit,,Delta Dental,,Cash in BOA 0693,193.00,"1,142,298.54"
,501 Fees,08/02/2023,Deposit,,Delta,,Cash in BOA 0693,193.00,"1,142,491.54"
,501 Fees,08/02/2023,Deposit,,Credit Card,,Summit Checking 5809,375.30,"1,142,866.84"
,501 Fees,08/02/2023,Deposit,,Credit Card,,Summit Checking 5809,500.00,"1,143,366.84"
,501 Fees,08/02/2023,Deposit,,Credit Card,,Summit Checking 5809,839.00,"1,144,205.84"
,501 Fees,08/03/2023,Deposit,,Delta Dental,,Cash in BOA 0693,341.00,"1,144,546.84"
,501 Fees,08/03/2023,Deposit,,Credit Card,,Summit Checking 5809,915.40,"1,145,462.24"
,501 Fees,08/03/2023,Deposit,,Checks,,Summit Checking 5809,"1,687.81","1,147,150.05"
,501 Fees,08/04/2023,Deposit,,Delta Dental,,Cash in BOA 0693,"2,133.57","1,149,283.62"
,501 Fees,08/04/2023,Deposit,,Wa St Hca,,Cash in BOA 0693,"18,573.59","1,167,857.21"
,501 Fees,08/04/2023,Deposit,,MetLife,,Cash in BOA 0693,240.00,"1,168,097.21"
,501 Fees,08/04/2023,Deposit,,Credit Card,,Summit Checking 5809,68.10,"1,168,165.31"
,501 Fees,08/04/2023,Deposit,,,,Cash in BOA 0693,112.00,"1,168,277.31"
,501 Fees,08/07/2023,Deposit,,Delta Dental,,Cash in BOA 0693,63.00,"1,168,340.31"
,501 Fees,08/08/2023,Deposit,,Delta,,Cash in BOA 0693,296.00,"1,168,636.31"
,501 Fees,08/08/2023,Deposit,,Credit Card,,Summit Checking 5809,"1,432.50","1,170,068.81"
,501 Fees,08/08/2023,Deposit,,Checks,,Summit Checking 5809,"2,737.00","1,172,805.81"
,501 Fees,08/09/2023,Deposit,,Oregon Dental SV,,Cash in BOA 0693,"1,542.20","1,174,348.01"
,501 Fees,08/09/2023,Deposit,,Credit Card,,Summit Checking 5809,326.40,"1,174,674.41"
,501 Fees,08/10/2023,Deposit,,MetLife,,Cash in BOA 0693,400.00,"1,175,074.41"
,501 Fees,08/10/2023,Deposit,,,,Cash in BOA 0693,144.00,"1,175,218.41"
,501 Fees,08/10/2023,Deposit,,,,Cash in BOA 0693,"1,025.00","1,176,243.41"
,501 Fees,08/10/2023,Deposit,,Delta,,Cash in BOA 0693,164.00,"1,176,407.41"
,501 Fees,08/10/2023,Deposit,,MetLife,,Cash in BOA 0693,151.00,"1,176,558.41"
,501 Fees,08/10/2023,Deposit,,Delta Dental,,Cash in BOA 0693,750.60,"1,177,309.01"
,501 Fees,08/10/2023,Deposit,,American Express,,Summit Checking 5809,679.00,"1,177,988.01"
,501 Fees,08/10/2023,Deposit,,Checks,,Summit Checking 5809,281.00,"1,178,269.01"
,501 Fees,08/10/2023,Deposit,,Credit Card,,Summit Checking 5809,546.08,"1,178,815.09"
,501 Fees,08/11/2023,Deposit,,Delta Dental,,Cash in BOA 0693,"4,581.75","1,183,396.84"
,501 Fees,08/11/2023,Deposit,,Wa St Hca,,Cash in BOA 0693,"23,490.58","1,206,887.42"
,501 Fees,08/11/2023,Deposit,,Delta Dental,,Cash in BOA 0693,303.00,"1,207,190.42"
,501 Fees,08/11/2023,Deposit,,Credit Card,,Summit Checking 5809,457.80,"1,207,648.22"
,501 Fees,08/11/2023,Deposit,,Credit Card,,Summit Checking 5809,"1,100.00","1,208,748.22"
,501 Fees,08/15/2023,Deposit,,Oregon Dental SV,,Cash in BOA 0693,"1,076.10","1,209,824.32"
,501 Fees,08/15/2023,Deposit,,Credit Card,,Summit Checking 5809,"1,874.10","1,211,698.42"
,501 Fees,08/15/2023,Deposit,,Checks,,Summit Checking 5809,"6,212.80","1,217,911.22"
,501 Fees,08/16/2023,Deposit,,Credit Card,,Summit Checking 5809,"1,245.00","1,219,156.22"
,501 Fees,08/16/2023,Deposit,,Credit Card,,Summit Checking 5809,"1,000.00","1,220,156.22"
,501 Fees,08/16/2023,Deposit,,Credit Card,,Summit Checking 5809,510.20,"1,220,666.42"
,501 Fees,08/16/2023,Deposit,,Delta,,Cash in BOA 0693,394.00,"1,221,060.42"
,501 Fees,08/17/2023,Deposit,,Delta Dental,,Cash in BOA 0693,543.00,"1,221,603.42"
,501 Fees,08/17/2023,Deposit,,Delta Dental,,Cash in BOA 0693,503.00,"1,222,106.42"
,501 Fees,08/17/2023,Deposit,,Credit Card,,Summit Checking 5809,"1,350.83","1,223,457.25"
,501 Fees,08/17/2023,Deposit,,Checks,,Summit Checking 5809,462.92,"1,223,920.17"
,501 Fees,08/18/2023,Deposit,,MetLife,,Cash in BOA 0693,441.00,"1,224,361.17"
,501 Fees,08/18/2023,Deposit,,,,Cash in BOA 0693,128.00,"1,224,489.17"
,501 Fees,08/18/2023,Deposit,,Delta Dental,,Cash in BOA 0693,"1,552.10","1,226,041.27"
,501 Fees,08/18/2023,Deposit,,Credit Card,,Summit Checking 5809,665.20,"1,226,706.47"
,501 Fees,08/18/2023,Deposit,,Credit Card,,Summit Checking 5809,300.00,"1,227,006.47"
,501 Fees,08/21/2023,Deposit,,Syncrony Bank,,Cash in BOA 0693,720.80,"1,227,727.27"
,501 Fees,08/22/2023,Deposit,,Delta Dental,,Cash in BOA 0693,239.00,"1,227,966.27"
,501 Fees,08/22/2023,Deposit,,Checks,,Summit Checking 5809,"2,715.01","1,230,681.28"
,501 Fees,08/22/2023,Deposit,,Credit Card,,Summit Checking 5809,102.00,"1,230,783.28"
,501 Fees,08/23/2023,Deposit,,Delta,,Cash in BOA 0693,157.00,"1,230,940.28"
,501 Fees,08/23/2023,Deposit,,Delta,,Cash in BOA 0693,112.00,"1,231,052.28"
,501 Fees,08/23/2023,Deposit,,Delta Dental,,Cash in BOA 0693,417.00,"1,231,469.28"
,501 Fees,08/23/2023,Deposit,,Credit Card,,Summit Checking 5809,"1,158.80","1,232,628.08"
,501 Fees,08/23/2023,Deposit,,Credit Card,,Summit Checking 5809,"3,200.00","1,235,828.08"
,501 Fees,08/24/2023,Deposit,,Delta Dental,,Cash in BOA 0693,766.60,"1,236,594.68"
,501 Fees,08/24/2023,Deposit,,Credit Card,,Summit Checking 5809,176.40,"1,236,771.08"
,501 Fees,08/24/2023,Deposit,,Checks,,Summit Checking 5809,"2,590.25","1,239,361.33"
,501 Fees,08/25/2023,Deposit,,Delta Dental,,Cash in BOA 0693,657.90,"1,240,019.23"
,501 Fees,08/25/2023,Deposit,,MetLife,,Cash in BOA 0693,586.00,"1,240,605.23"
,501 Fees,08/25/2023,Deposit,,Wa St Hca,,Cash in BOA 0693,"46,452.61","1,287,057.84"
,501 Fees,08/25/2023,Deposit,,Syncrony Bank,,Cash in BOA 0693,280.42,"1,287,338.26"
,501 Fees,08/25/2023,Deposit,,Delta Dental,,Cash in BOA 0693,"3,554.00","1,290,892.26"
,501 Fees,08/25/2023,Deposit,,MetLife,,Cash in BOA 0693,632.10,"1,291,524.36"
,501 Fees,08/25/2023,Deposit,,Credit Card,,Summit Checking 5809,316.20,"1,291,840.56"
,501 Fees,08/29/2023,Deposit,,Checks,,Summit Checking 5809,"3,190.85","1,295,031.41"
,501 Fees,08/29/2023,Deposit,,Credit Card,,Summit Checking 5809,93.00,"1,295,124.41"
,501 Fees,08/29/2023,Deposit,,Oregon Dental SV,,Cash in BOA 0693,595.60,"1,295,720.01"
,501 Fees,08/29/2023,Deposit,,Delta,,Cash in BOA 0693,386.00,"1,296,106.01"
,501 Fees,08/30/2023,Deposit,,Credit Card,,Summit Checking 5809,124.45,"1,296,230.46"
,501 Fees,08/30/2023,Deposit,,Delta,,Cash in BOA 0693,193.00,"1,296,423.46"
,501 Fees,08/30/2023,Deposit,,Delta Dental,,Cash in BOA 0693,179.00,"1,296,602.46"
,501 Fees,08/30/2023,Deposit,,MetLife,,Cash in BOA 0693,117.50,"1,296,719.96"
,501 Fees,08/30/2023,Deposit,,MetLife,,Cash in BOA 0693,"1,444.50","1,298,164.46"
,501 Fees,08/31/2023,Deposit,,Delta Dental,,Cash in BOA 0693,201.20,"1,298,365.66"
,501 Fees,08/31/2023,Deposit,,Delta Dental,,Cash in BOA 0693,"2,470.00","1,300,835.66"
,501 Fees,08/31/2023,Deposit,,,,Cash in BOA 0693,507.00,"1,301,342.66"
,501 Fees,08/31/2023,Deposit,,Credit Card,,Summit Checking 5809,407.20,"1,301,749.86"
,501 Fees,08/31/2023,Deposit,,Checks,,Summit Checking 5809,"2,650.25","1,304,400.11"
,501 Fees,09/01/2023,Deposit,,Delta Dental,,Cash in BOA 0693,"4,089.32","1,308,489.43"
,501 Fees,09/01/2023,Deposit,,Syncrony Bank,,Cash in BOA 0693,179.33,"1,308,668.76"
,501 Fees,09/01/2023,Deposit,,Wa St Hca,,Cash in BOA 0693,"23,654.93","1,332,323.69"
,501 Fees,09/01/2023,Deposit,,MetLife,,Cash in BOA 0693,153.00,"1,332,476.69"
,501 Fees,09/01/2023,Deposit,,MetLife,,Cash in BOA 0693,48.00,"1,332,524.69"
,501 Fees,09/01/2023,Deposit,,,,Cash in BOA 0693,618.00,"1,333,142.69"
,501 Fees,09/01/2023,Deposit,,Credit Card,,Summit Checking 5809,"4,000.00","1,337,142.69"
,501 Fees,09/01/2023,Deposit,,Credit Card,,Summit Checking 5809,"1,003.00","1,338,145.69"
,501 Fees,09/06/2023,Deposit,,American Express,,Summit Checking 5809,111.00,"1,338,256.69"
,501 Fees,09/06/2023,Deposit,,Delta,,Cash in BOA 0693,537.00,"1,338,793.69"
,501 Fees,09/06/2023,Deposit,,Delta Dental,,Cash in BOA 0693,85.00,"1,338,878.69"
,501 Fees,09/06/2023,Deposit,,United Healthcare,,Cash in BOA 0693,123.08,"1,339,001.77"
,501 Fees,09/06/2023,Deposit,,Oregon Dental SV,,Cash in BOA 0693,"2,062.39","1,341,064.16"
,501 Fees,09/06/2023,Deposit,,Delta Dental,,Cash in BOA 0693,509.60,"1,341,573.76"
,501 Fees,09/06/2023,Deposit,,Credit Card,,Summit Checking 5809,193.00,"1,341,766.76"
,501 Fees,09/06/2023,Deposit,,Checks,,Summit Checking 5809,"6,553.65","1,348,320.41"
,501 Fees,09/07/2023,Deposit,,Delta Dental,,Cash in BOA 0693,289.00,"1,348,609.41"
,501 Fees,09/07/2023,Deposit,,Credit Card,,Summit Checking 5809,207.81,"1,348,817.22"
,501 Fees,09/08/2023,Deposit,,Delta Dental,,Cash in BOA 0693,"1,224.40","1,350,041.62"
,501 Fees,09/08/2023,Deposit,,Wa St Hca,,Cash in BOA 0693,"22,483.15","1,372,524.77"
,501 Fees,09/08/2023,Deposit,,Credit Card,,Summit Checking 5809,801.84,"1,373,326.61"
,501 Fees,09/11/2023,Deposit,,MetLife,,Cash in BOA 0693,106.00,"1,373,432.61"
,501 Fees,09/11/2023,Deposit,,MetLife,,Cash in BOA 0693,48.00,"1,373,480.61"
,501 Fees,09/12/2023,Deposit,,,,Cash in BOA 0693,"1,655.85","1,375,136.46"
,501 Fees,09/12/2023,Deposit,,Oregon Dental SV,,Cash in BOA 0693,"1,376.40","1,376,512.86"
,501 Fees,09/12/2023,Deposit,,MetLife,,Cash in BOA 0693,564.00,"1,377,076.86"
,501 Fees,09/12/2023,Deposit,,MetLife,,Cash in BOA 0693,500.00,"1,377,576.86"
,501 Fees,09/12/2023,Deposit,,Delta,,Cash in BOA 0693,157.00,"1,377,733.86"
,501 Fees,09/12/2023,Deposit,,Credit Card,,Summit Checking 5809,63.40,"1,377,797.26"
,501 Fees,09/13/2023,Deposit,,Checks,,Summit Checking 5809,"2,498.95","1,380,296.21"
,501 Fees,09/13/2023,Deposit,,Credit Card,,Summit Checking 5809,70.00,"1,380,366.21"
,501 Fees,09/13/2023,Deposit,,,,Cash in BOA 0693,450.00,"1,380,816.21"
,501 Fees,09/13/2023,Deposit,,Delta Dental,,Cash in BOA 0693,557.20,"1,381,373.41"
,501 Fees,09/14/2023,Deposit,,Credit Card,,Summit Checking 5809,74.00,"1,381,447.41"
,501 Fees,09/14/2023,Deposit,,Delta Dental,,Cash in BOA 0693,408.00,"1,381,855.41"
,501 Fees,09/14/2023,Deposit,,Oregon Dental SV,,Cash in BOA 0693,157.00,"1,382,012.41"
,501 Fees,09/14/2023,Deposit,,Delta Dental,,Cash in BOA 0693,173.00,"1,382,185.41"
,501 Fees,09/15/2023,Deposit,,,,Cash in BOA 0693,133.20,"1,382,318.61"
,501 Fees,09/15/2023,Deposit,,,,Cash in BOA 0693,"3,097.50","1,385,416.11"
,501 Fees,09/15/2023,Deposit,,Credit Card,,Summit Checking 5809,357.16,"1,385,773.27"
,501 Fees,09/15/2023,Deposit,,Wa St Hca,,Cash in BOA 0693,"22,008.26","1,407,781.53"
,501 Fees,09/15/2023,Deposit,,,,Cash in BOA 0693,152.00,"1,407,933.53"
,501 Fees,09/19/2023,Deposit,,MetLife,,Cash in BOA 0693,223.00,"1,408,156.53"
,501 Fees,09/19/2023,Deposit,,Oregon Dental SV,,Cash in BOA 0693,"2,275.00","1,410,431.53"
,501 Fees,09/19/2023,Deposit,,Checks,,Summit Checking 5809,"3,266.23","1,413,697.76"
,501 Fees,09/20/2023,Deposit,,Delta Dental,,Cash in BOA 0693,223.00,"1,413,920.76"
,501 Fees,09/20/2023,Deposit,,Credit Card,,Summit Checking 5809,116.00,"1,414,036.76"
,501 Fees,09/21/2023,Deposit,,MetLife,,Cash in BOA 0693,136.00,"1,414,172.76"
,501 Fees,09/21/2023,Deposit,,Delta Dental,,Cash in BOA 0693,157.00,"1,414,329.76"
,501 Fees,09/21/2023,Deposit,,Checks,,Summit Checking 5809,226.96,"1,414,556.72"
,501 Fees,09/21/2023,Deposit,,Credit Card,,Summit Checking 5809,42.00,"1,414,598.72"
,501 Fees,09/21/2023,Deposit,,Credit Card,,Summit Checking 5809,"1,272.00","1,415,870.72"
,501 Fees,09/22/2023,Deposit,,Delta Dental,,Cash in BOA 0693,644.00,"1,416,514.72"
,501 Fees,09/22/2023,Deposit,,Wa St Hca,,Cash in BOA 0693,"15,047.75","1,431,562.47"
,501 Fees,09/22/2023,Deposit,,MetLife,,Cash in BOA 0693,206.00,"1,431,768.47"
,501 Fees,09/22/2023,Deposit,,MetLife,,Cash in BOA 0693,115.00,"1,431,883.47"
,501 Fees,09/22/2023,Deposit,,Credit Card,,Summit Checking 5809,523.00,"1,432,406.47"
,501 Fees,09/25/2023,Deposit,,Delta Dental,,Cash in BOA 0693,157.00,"1,432,563.47"
,501 Fees,09/25/2023,Deposit,,Syncrony Bank,,Cash in BOA 0693,325.80,"1,432,889.27"
,501 Fees,09/25/2023,Deposit,,Checks,,Summit Checking 5809,"3,739.13","1,436,628.40"
,501 Fees,09/26/2023,Deposit,,Delta,,Cash in BOA 0693,33.60,"1,436,662.00"
,501 Fees,09/26/2023,Deposit,,Oregon Dental SV,,Cash in BOA 0693,617.00,"1,437,279.00"
,501 Fees,09/26/2023,Deposit,,Delta Dental,,Cash in BOA 0693,112.00,"1,437,391.00"
,501 Fees,09/26/2023,Deposit,,Delta,,Cash in BOA 0693,500.00,"1,437,891.00"
,501 Fees,09/26/2023,Deposit,,,,Cash in BOA 0693,202.00,"1,438,093.00"
,501 Fees,09/26/2023,Deposit,,Credit Card,,Summit Checking 5809,565.00,"1,438,658.00"
,501 Fees,09/27/2023,Deposit,,Delta,,Cash in BOA 0693,85.00,"1,438,743.00"
,501 Fees,09/27/2023,Deposit,,Credit Card,,Summit Checking 5809,31.00,"1,438,774.00"
,501 Fees,09/28/2023,Deposit,,MetLife,,Cash in BOA 0693,230.00,"1,439,004.00"
,501 Fees,09/28/2023,Deposit,,Syncrony Bank,,Cash in BOA 0693,45.15,"1,439,049.15"
,501 Fees,09/28/2023,Deposit,,Delta Dental,,Cash in BOA 0693,164.00,"1,439,213.15"
,501 Fees,09/28/2023,Deposit,,MetLife,,Cash in BOA 0693,318.00,"1,439,531.15"
,501 Fees,09/29/2023,Deposit,,,,Cash in BOA 0693,"1,894.42","1,441,425.57"
,501 Fees,09/29/2023,Deposit,,Oregon Dental SV,,Cash in BOA 0693,357.00,"1,441,782.57"
,501 Fees,09/29/2023,Deposit,,MetLife,,Cash in BOA 0693,655.00,"1,442,437.57"
,501 Fees,09/29/2023,Deposit,,Wa St Hca,,Cash in BOA 0693,"36,869.08","1,479,306.65"
,501 Fees,10/03/2023,Deposit,,Delta,,Cash in BOA 0693,148.00,"1,479,454.65"
,501 Fees,10/03/2023,Deposit,,Oregon Dental SV,,Cash in BOA 0693,275.00,"1,479,729.65"
,501 Fees,10/03/2023,Deposit,,United Concordia,,Cash in BOA 0693,450.00,"1,480,179.65"
,501 Fees,10/03/2023,Deposit,,Credit Card,,Summit Checking 5809,301.15,"1,480,480.80"
,501 Fees,10/04/2023,Deposit,,Delta Dental,,Cash in BOA 0693,845.40,"1,481,326.20"
,501 Fees,10/04/2023,Deposit,,Credit Card,,Summit Checking 5809,280.00,"1,481,606.20"
,501 Fees,10/04/2023,Deposit,,Checks,,Summit Checking 5809,"4,687.46","1,486,293.66"
,501 Fees,10/05/2023,Deposit,,Delta Dental,,Cash in BOA 0693,22.00,"1,486,315.66"
,501 Fees,10/05/2023,Deposit,,Credit Card,,Summit Checking 5809,223.00,"1,486,538.66"
,501 Fees,10/05/2023,Deposit,,Credit Card,,Summit Checking 5809,"1,469.00","1,488,007.66"
,501 Fees,10/05/2023,Deposit,,Credit Card,,Summit Checking 5809,"1,285.54","1,489,293.20"
,501 Fees,10/06/2023,Deposit,,Wa St Hca,,Cash in BOA 0693,"14,420.21","1,503,713.41"
,501 Fees,10/06/2023,Deposit,,Delta Dental,,Cash in BOA 0693,"1,607.00","1,505,320.41"
,501 Fees,10/06/2023,Deposit,,Checks,,Summit Checking 5809,363.00,"1,505,683.41"
,501 Fees,10/06/2023,Deposit,,Credit Card,,Summit Checking 5809,209.60,"1,505,893.01"
,501 Fees,10/10/2023,Deposit,,Delta Dental,,Cash in BOA 0693,157.00,"1,506,050.01"
,501 Fees,10/10/2023,Deposit,,Delta Dental,,Cash in BOA 0693,177.00,"1,506,227.01"
,501 Fees,10/10/2023,Deposit,,United Concordia,,Cash in BOA 0693,685.15,"1,506,912.16"
,501 Fees,10/10/2023,Deposit,,Credit Card,,Summit Checking 5809,108.40,"1,507,020.56"
,501 Fees,10/10/2023,Deposit,,Credit Card,,Summit Checking 5809,682.70,"1,507,703.26"
,501 Fees,10/11/2023,Deposit,,Delta Dental,,Cash in BOA 0693,146.00,"1,507,849.26"
,501 Fees,10/11/2023,Deposit,,Oregon Dental SV,,Cash in BOA 0693,970.60,"1,508,819.86"
,501 Fees,10/11/2023,Deposit,,Credit Card,,Summit Checking 5809,"1,019.92","1,509,839.78"
,501 Fees,10/11/2023,Deposit,,Credit Card,,Summit Checking 5809,800.00,"1,510,639.78"
,501 Fees,10/12/2023,Deposit,,Delta Dental,,Cash in BOA 0693,93.00,"1,510,732.78"
,501 Fees,10/12/2023,Deposit,,Credit Card,,Summit Checking 5809,257.25,"1,510,990.03"
,501 Fees,10/13/2023,Deposit,,Delta Dental,,Cash in BOA 0693,"1,444.00","1,512,434.03"
,501 Fees,10/13/2023,Deposit,,Wa St Hca,,Cash in BOA 0693,"17,371.20","1,529,805.23"
,501 Fees,10/13/2023,Deposit,,Delta Dental,,Cash in BOA 0693,276.80,"1,530,082.03"
,501 Fees,10/13/2023,Deposit,,Credit Card,,Summit Checking 5809,312.20,"1,530,394.23"
,501 Fees,10/16/2023,Deposit,,MetLife,,Cash in BOA 0693,136.00,"1,530,530.23"
,501 Fees,10/16/2023,Deposit,,MetLife,,Cash in BOA 0693,212.00,"1,530,742.23"
,501 Fees,10/16/2023,Deposit,,Oregon Dental SV,,Cash in BOA 0693,242.00,"1,530,984.23"
,501 Fees,10/16/2023,Deposit,,MetLife,,Cash in BOA 0693,136.00,"1,531,120.23"
,501 Fees,10/16/2023,Deposit,,Delta Dental,,Cash in BOA 0693,157.00,"1,531,277.23"
,501 Fees,10/17/2023,Deposit,,Credit Card,,Summit Checking 5809,"1,245.00","1,532,522.23"
,501 Fees,10/17/2023,Deposit,,United Concordia,,Cash in BOA 0693,345.10,"1,532,867.33"
,501 Fees,10/17/2023,Deposit,,Credit Card,,Summit Checking 5809,804.60,"1,533,671.93"
,501 Fees,10/18/2023,Deposit,,,,Summit Checking 5809,328.00,"1,533,999.93"
,501 Fees,10/18/2023,Deposit,,Credit Card,,Summit Checking 5809,407.00,"1,534,406.93"
,501 Fees,10/18/2023,Deposit,,Checks,,Summit Checking 5809,"6,347.75","1,540,754.68"
,501 Fees,10/18/2023,Deposit,,Delta Dental,,Cash in BOA 0693,386.00,"1,541,140.68"
,501 Fees,10/18/2023,Deposit,,MetLife,,Cash in BOA 0693,272.00,"1,541,412.68"
,501 Fees,10/19/2023,Deposit,,Credit Card,,Summit Checking 5809,"1,291.24","1,542,703.92"
,501 Fees,10/19/2023,Deposit,,Checks,,Summit Checking 5809,87.50,"1,542,791.42"
,501 Fees,10/19/2023,Deposit,,Delta Dental,,Cash in BOA 0693,408.00,"1,543,199.42"
,501 Fees,10/19/2023,Deposit,,UMR,,Cash in BOA 0693,288.00,"1,543,487.42"
,501 Fees,10/19/2023,Deposit,,Delta,,Cash in BOA 0693,731.00,"1,544,218.42"
,501 Fees,10/20/2023,Deposit,,Delta Dental,,Cash in BOA 0693,"2,896.10","1,547,114.52"
,501 Fees,10/20/2023,Deposit,,Credit Card,,Summit Checking 5809,349.80,"1,547,464.32"
,501 Fees,10/20/2023,Deposit,,Wa St Hca,,Cash in BOA 0693,"37,925.99","1,585,390.31"
,501 Fees,10/20/2023,Deposit,,Delta Dental,,Cash in BOA 0693,260.00,"1,585,650.31"
,501 Fees,10/20/2023,Deposit,,UHCD,,Cash in BOA 0693,162.00,"1,585,812.31"
,501 Fees,10/24/2023,Deposit,,Checks,,Summit Checking 5809,"2,434.90","1,588,247.21"
,501 Fees,10/24/2023,Deposit,,Credit Card,,Summit Checking 5809,628.88,"1,588,876.09"
,501 Fees,10/24/2023,Deposit,,Oregon Dental SV,,Cash in BOA 0693,"1,586.90","1,590,462.99"
,501 Fees,10/24/2023,Deposit,,UHCD,,Cash in BOA 0693,108.00,"1,590,570.99"
,501 Fees,10/24/2023,Deposit,,United Concordia,,Cash in BOA 0693,"2,600.15","1,593,171.14"
,501 Fees,10/25/2023,Deposit,,Credit Card,,Summit Checking 5809,475.00,"1,593,646.14"
,501 Fees,10/25/2023,Deposit,,Delta,,Cash in BOA 0693,193.00,"1,593,839.14"
,501 Fees,10/25/2023,Deposit,,MetLife,,Cash in BOA 0693,156.00,"1,593,995.14"
,501 Fees,10/25/2023,Deposit,,MetLife,,Cash in BOA 0693,"2,150.40","1,596,145.54"
,501 Fees,10/26/2023,Deposit,,Credit Card,,Summit Checking 5809,665.56,"1,596,811.10"
,501 Fees,10/26/2023,Deposit,,Delta Dental,,Cash in BOA 0693,386.00,"1,597,197.10"
,501 Fees,10/26/2023,Deposit,,MetLife,,Cash in BOA 0693,236.00,"1,597,433.10"
,501 Fees,10/26/2023,Deposit,,Delta Dental,,Cash in BOA 0693,114.70,"1,597,547.80"
,501 Fees,10/26/2023,Deposit,,Delta Dental,,Cash in BOA 0693,744.10,"1,598,291.90"
,501 Fees,10/26/2023,Deposit,,UHCD,,Cash in BOA 0693,162.00,"1,598,453.90"
,501 Fees,10/26/2023,Deposit,,Delta,,Cash in BOA 0693,386.00,"1,598,839.90"
,501 Fees,10/27/2023,Deposit,,Delta Dental,,Cash in BOA 0693,"1,143.50","1,599,983.40"
,501 Fees,10/27/2023,Deposit,,Credit Card,,Summit Checking 5809,138.00,"1,600,121.40"
,501 Fees,10/27/2023,Deposit,,Wa St Hca,,Cash in BOA 0693,"38,271.42","1,638,392.82"
,501 Fees,10/27/2023,Deposit,,MetLife,,Cash in BOA 0693,166.00,"1,638,558.82"
,501 Fees,10/30/2023,Deposit,,Delta Dental,,Cash in BOA 0693,316.80,"1,638,875.62"
,501 Fees,10/31/2023,Deposit,,Checks,,Summit Checking 5809,"4,493.68","1,643,369.30"
,501 Fees,10/31/2023,Deposit,,Credit Card,,Summit Checking 5809,108.00,"1,643,477.30"
,501 Fees,10/31/2023,Deposit,,Delta,,Cash in BOA 0693,350.00,"1,643,827.30"
,501 Fees,10/31/2023,Deposit,,Oregon Dental SV,,Cash in BOA 0693,"1,517.50","1,645,344.80"
,501 Fees,10/31/2023,Deposit,,Delta,,Cash in BOA 0693,157.00,"1,645,501.80"
,501 Fees,10/31/2023,Deposit,,United Concordia,,Cash in BOA 0693,544.60,"1,646,046.40"
,501 Fees,11/01/2023,Deposit,,Credit Card,,Summit Checking 5809,250.00,"1,646,296.40"
,501 Fees,11/01/2023,Deposit,,Credit Card,,Summit Checking 5809,"1,029.00","1,647,325.40"
,501 Fees,11/01/2023,Deposit,,Delta,,Cash in BOA 0693,194.00,"1,647,519.40"
,501 Fees,11/02/2023,Deposit,,Credit Card,,Summit Checking 5809,544.86,"1,648,064.26"
,501 Fees,11/02/2023,Deposit,,Delta Dental,,Cash in BOA 0693,912.00,"1,648,976.26"
,501 Fees,11/03/2023,Deposit,,Delta Dental,,Cash in BOA 0693,"3,213.72","1,652,189.98"
,501 Fees,11/03/2023,Deposit,,Credit Card,,Summit Checking 5809,"1,504.44","1,653,694.42"
,501 Fees,11/03/2023,Deposit,,MetLife,,Cash in BOA 0693,88.00,"1,653,782.42"
,501 Fees,11/03/2023,Deposit,,Wa St Hca,,Cash in BOA 0693,"16,561.73","1,670,344.15"
,501 Fees,11/03/2023,Deposit,,MetLife,,Cash in BOA 0693,136.00,"1,670,480.15"
,501 Fees,11/07/2023,Deposit,,Oregon Dental SV,,Cash in BOA 0693,"1,751.00","1,672,231.15"
,501 Fees,11/07/2023,Deposit,,UHCD,,Cash in BOA 0693,420.00,"1,672,651.15"
,501 Fees,11/07/2023,Deposit,,United Concordia,,Cash in BOA 0693,773.51,"1,673,424.66"
,501 Fees,11/07/2023,Deposit,,Credit Card,,Summit Checking 5809,681.50,"1,674,106.16"
,501 Fees,11/08/2023,Deposit,,Delta,,Cash in BOA 0693,635.00,"1,674,741.16"
,501 Fees,11/08/2023,Deposit,,UMR,,Cash in BOA 0693,328.00,"1,675,069.16"
,501 Fees,11/08/2023,Deposit,,Credit Card,,Summit Checking 5809,917.55,"1,675,986.71"
,501 Fees,11/09/2023,Deposit,,Wa St Hca,,Cash in BOA 0693,"19,809.52","1,695,796.23"
,501 Fees,11/09/2023,Deposit,,Credit Card,,Summit Checking 5809,339.70,"1,696,135.93"
,501 Fees,11/09/2023,Deposit,,Checks,,Summit Checking 5809,"6,150.21","1,702,286.14"
,501 Fees,11/10/2023,Deposit,,Delta Dental,,Cash in BOA 0693,"1,957.20","1,704,243.34"
,501 Fees,11/10/2023,Deposit,,Syncrony Bank,,Cash in BOA 0693,316.18,"1,704,559.52"
,501 Fees,11/10/2023,Deposit,,Credit Card,,Summit Checking 5809,234.00,"1,704,793.52"
,501 Fees,11/10/2023,Deposit,,Credit Card,,Summit Checking 5809,184.40,"1,704,977.92"
,501 Fees,11/13/2023,Deposit,,MetLife,,Cash in BOA 0693,16.00,"1,704,993.92"
,501 Fees,11/14/2023,Deposit,,United Concordia,,Cash in BOA 0693,348.65,"1,705,342.57"
,501 Fees,11/14/2023,Deposit,,Oregon Dental SV,,Cash in BOA 0693,556.50,"1,705,899.07"
,501 Fees,11/14/2023,Deposit,,Credit Card,,Summit Checking 5809,283.30,"1,706,182.37"
,501 Fees,11/15/2023,Deposit,,Delta,,Cash in BOA 0693,296.00,"1,706,478.37"
,501 Fees,11/15/2023,Deposit,,Oregon Dental SV,,Cash in BOA 0693,388.00,"1,706,866.37"
,501 Fees,11/15/2023,Deposit,,Credit Card,,Summit Checking 5809,470.10,"1,707,336.47"
,501 Fees,11/16/2023,Deposit,,Checks,,Summit Checking 5809,"1,959.06","1,709,295.53"
,501 Fees,11/17/2023,Deposit,,Delta Dental,,Cash in BOA 0693,"3,189.00","1,712,484.53"
,501 Fees,11/17/2023,Deposit,,Wa St Hca,,Cash in BOA 0693,"40,241.10","1,752,725.63"
,501 Fees,11/17/2023,Deposit,,Delta,,Cash in BOA 0693,543.00,"1,753,268.63"
,501 Fees,11/17/2023,Deposit,,Checks,,Summit Checking 5809,180.97,"1,753,449.60"
,501 Fees,11/17/2023,Deposit,,Credit Card,,Summit Checking 5809,106.08,"1,753,555.68"
,501 Fees,11/20/2023,Deposit,,Credit Card,,Summit Checking 5809,957.00,"1,754,512.68"
,501 Fees,11/20/2023,Deposit,,Credit Card,,Summit Checking 5809,506.30,"1,755,018.98"
,501 Fees,11/21/2023,Deposit,,Oregon Dental SV,,Cash in BOA 0693,"2,250.00","1,757,268.98"
,501 Fees,11/21/2023,Deposit,,United Concordia,,Cash in BOA 0693,753.00,"1,758,021.98"
,501 Fees,11/21/2023,Deposit,,Delta,,Cash in BOA 0693,164.00,"1,758,185.98"
,501 Fees,11/21/2023,Deposit,,Checks,,Summit Checking 5809,"2,261.78","1,760,447.76"
,501 Fees,11/22/2023,Deposit,,Delta,,Cash in BOA 0693,314.00,"1,760,761.76"
,501 Fees,11/22/2023,Deposit,,Wa St Hca,,Cash in BOA 0693,"12,410.02","1,773,171.78"
,501 Fees,11/22/2023,Deposit,,MetLife,,Cash in BOA 0693,396.00,"1,773,567.78"
,501 Fees,11/22/2023,Deposit,,Delta,,Cash in BOA 0693,217.00,"1,773,784.78"
,501 Fees,11/22/2023,Deposit,,MetLife,,Cash in BOA 0693,118.00,"1,773,902.78"
,501 Fees,11/22/2023,Deposit,,Delta Dental,,Cash in BOA 0693,63.00,"1,773,965.78"
,501 Fees,11/22/2023,Deposit,,Credit Card,,Summit Checking 5809,298.60,"1,774,264.38"
,501 Fees,11/24/2023,Deposit,,Delta Dental,,Cash in BOA 0693,173.70,"1,774,438.08"
,501 Fees,11/24/2023,Deposit,,Delta Dental,,Cash in BOA 0693,"2,613.00","1,777,051.08"
,501 Fees,11/24/2023,Deposit,,Credit Card,,Summit Checking 5809,684.56,"1,777,735.64"
,501 Fees,11/27/2023,Deposit,,United Concordia,,Cash in BOA 0693,395.85,"1,778,131.49"
,501 Fees,11/27/2023,Deposit,,MetLife,,Cash in BOA 0693,230.00,"1,778,361.49"
,501 Fees,11/27/2023,Deposit,,MetLife,,Cash in BOA 0693,181.00,"1,778,542.49"
,501 Fees,11/28/2023,Deposit,,Oregon Dental SV,,Cash in BOA 0693,"2,279.00","1,780,821.49"
,501 Fees,11/28/2023,Deposit,,MetLife,,Cash in BOA 0693,"1,101.00","1,781,922.49"
,501 Fees,11/28/2023,Deposit,,Checks,,Summit Checking 5809,"2,176.54","1,784,099.03"
,501 Fees,11/28/2023,Deposit,,Credit Card,,Summit Checking 5809,28.00,"1,784,127.03"
,501 Fees,11/29/2023,Deposit,,American Express,,Summit Checking 5809,72.00,"1,784,199.03"
,501 Fees,11/29/2023,Deposit,,UHCD,,Cash in BOA 0693,300.00,"1,784,499.03"
,501 Fees,11/29/2023,Deposit,,Oregon Dental SV,,Cash in BOA 0693,193.00,"1,784,692.03"
,501 Fees,11/29/2023,Deposit,,Delta Dental,,Cash in BOA 0693,85.00,"1,784,777.03"
,501 Fees,11/29/2023,Deposit,,Credit Card,,Summit Checking 5809,70.21,"1,784,847.24"
,501 Fees,11/30/2023,Deposit,,Checks,,Summit Checking 5809,"1,869.52","1,786,716.76"
,501 Fees,11/30/2023,Deposit,,Credit Card,,Summit Checking 5809,220.00,"1,786,936.76"
,501 Fees,12/01/2023,Deposit,,American Express,,Summit Checking 5809,147.30,"1,787,084.06"
,501 Fees,12/01/2023,Deposit,,Delta Dental,,Cash in BOA 0693,"1,646.85","1,788,730.91"
,501 Fees,12/01/2023,Deposit,,Delta Dental,,Cash in BOA 0693,266.40,"1,788,997.31"
,501 Fees,12/01/2023,Deposit,,Wa St Hca,,Cash in BOA 0693,"16,485.90","1,805,483.21"
,501 Fees,12/01/2023,Deposit,,MetLife,,Cash in BOA 0693,166.00,"1,805,649.21"
,501 Fees,12/01/2023,Deposit,,MetLife,,Cash in BOA 0693,88.00,"1,805,737.21"
,501 Fees,12/01/2023,Deposit,,Credit Card,,Summit Checking 5809,"1,123.00","1,806,860.21"
,501 Fees,12/01/2023,Deposit,,Credit Card,,Summit Checking 5809,664.00,"1,807,524.21"
,501 Fees,12/04/2023,Deposit,,Delta Dental,,Cash in BOA 0693,462.00,"1,807,986.21"
,501 Fees,12/05/2023,Deposit,,American Express,,Summit Checking 5809,88.00,"1,808,074.21"
,501 Fees,12/05/2023,Deposit,,Credit Card,,Summit Checking 5809,221.60,"1,808,295.81"
,501 Fees,12/05/2023,Deposit,,Delta,,Cash in BOA 0693,498.00,"1,808,793.81"
,501 Fees,12/05/2023,Deposit,,Oregon Dental SV,,Cash in BOA 0693,561.43,"1,809,355.24"
,501 Fees,12/05/2023,Deposit,,Delta Dental,,Cash in BOA 0693,446.00,"1,809,801.24"
,501 Fees,12/05/2023,Deposit,,UHCD,,Cash in BOA 0693,290.00,"1,810,091.24"
,501 Fees,12/06/2023,Deposit,,MetLife,,Cash in BOA 0693,17.00,"1,810,108.24"
,501 Fees,12/06/2023,Deposit,,Delta Dental,,Cash in BOA 0693,579.00,"1,810,687.24"
,501 Fees,12/06/2023,Deposit,,Delta Dental,,Cash in BOA 0693,538.00,"1,811,225.24"
,501 Fees,12/06/2023,Deposit,,Delta,,Cash in BOA 0693,118.40,"1,811,343.64"
,501 Fees,12/06/2023,Deposit,,Credit Card,,Summit Checking 5809,950.70,"1,812,294.34"
,501 Fees,12/07/2023,Deposit,,Delta Dental,,Cash in BOA 0693,191.00,"1,812,485.34"
,501 Fees,12/07/2023,Deposit,,Credit Card,,Summit Checking 5809,132.40,"1,812,617.74"
,501 Fees,12/07/2023,Deposit,,Checks,,Summit Checking 5809,"3,120.54","1,815,738.28"
,501 Fees,12/07/2023,Deposit,,Credit Card,,Summit Checking 5809,174.00,"1,815,912.28"
,501 Fees,12/07/2023,Deposit,,Delta Dental,,Cash in BOA 0693,162.00,"1,816,074.28"
,501 Fees,12/08/2023,Deposit,,Delta Dental,,Cash in BOA 0693,"2,733.00","1,818,807.28"
,501 Fees,12/08/2023,Deposit,,Wa St Hca,,Cash in BOA 0693,"13,188.37","1,831,995.65"
,501 Fees,12/08/2023,Deposit,,MetLife,,Cash in BOA 0693,317.00,"1,832,312.65"
,501 Fees,12/08/2023,Deposit,,Credit Card,,Summit Checking 5809,240.15,"1,832,552.80"
,501 Fees,12/11/2023,Deposit,,MetLife,,Cash in BOA 0693,166.00,"1,832,718.80"
,501 Fees,12/12/2023,Deposit,,Oregon Dental SV,,Cash in BOA 0693,"1,261.20","1,833,980.00"
,501 Fees,12/12/2023,Deposit,,Delta,,Cash in BOA 0693,626.00,"1,834,606.00"
,501 Fees,12/12/2023,Deposit,,United Concordia,,Cash in BOA 0693,"1,002.40","1,835,608.40"
,501 Fees,12/12/2023,Deposit,,Credit Card,,Summit Checking 5809,601.80,"1,836,210.20"
,501 Fees,12/13/2023,Deposit,,Delta,,Cash in BOA 0693,118.40,"1,836,328.60"
,501 Fees,12/13/2023,Deposit,,Credit Card,,Summit Checking 5809,263.10,"1,836,591.70"
,501 Fees,12/14/2023,Deposit,,Delta,,Cash in BOA 0693,401.70,"1,836,993.40"
,501 Fees,12/14/2023,Deposit,,MetLife,,Cash in BOA 0693,251.00,"1,837,244.40"
,501 Fees,12/14/2023,Deposit,,Delta Dental,,Cash in BOA 0693,484.00,"1,837,728.40"
,501 Fees,12/14/2023,Deposit,,Delta Dental,,Cash in BOA 0693,193.00,"1,837,921.40"
,501 Fees,12/14/2023,Deposit,,Credit Card,,Summit Checking 5809,302.20,"1,838,223.60"
,501 Fees,12/15/2023,Deposit,,Delta Dental,,Cash in BOA 0693,316.80,"1,838,540.40"
,501 Fees,12/15/2023,Deposit,,Delta Dental,,Cash in BOA 0693,"3,391.00","1,841,931.40"
,501 Fees,12/15/2023,Deposit,,Wa St Hca,,Cash in BOA 0693,"28,867.32","1,870,798.72"
,501 Fees,12/15/2023,Deposit,,Delta Dental,,Cash in BOA 0693,269.00,"1,871,067.72"
,501 Fees,12/15/2023,Deposit,,Credit Card,,Summit Checking 5809,500.00,"1,871,567.72"
,501 Fees,12/15/2023,Deposit,,Checks,,Summit Checking 5809,"2,169.50","1,873,737.22"
,501 Fees,12/18/2023,Deposit,,Credit Card,,Summit Checking 5809,938.00,"1,874,675.22"
,501 Fees,12/19/2023,Deposit,,Delta,,Cash in BOA 0693,306.00,"1,874,981.22"
,501 Fees,12/19/2023,Deposit,,United Concordia,,Cash in BOA 0693,"1,405.70","1,876,386.92"
,501 Fees,12/19/2023,Deposit,,Delta,,Cash in BOA 0693,157.00,"1,876,543.92"
,501 Fees,12/19/2023,Deposit,,Oregon Dental SV,,Cash in BOA 0693,350.00,"1,876,893.92"
,501 Fees,12/19/2023,Deposit,,UHCD,,Cash in BOA 0693,162.00,"1,877,055.92"
,501 Fees,12/19/2023,Deposit,,Credit Card,,Summit Checking 5809,574.70,"1,877,630.62"
,501 Fees,12/20/2023,Deposit,,Delta,,Cash in BOA 0693,164.00,"1,877,794.62"
,501 Fees,12/20/2023,Deposit,,MetLife,,Cash in BOA 0693,284.00,"1,878,078.62"
,501 Fees,12/20/2023,Deposit,,UHCD,,Cash in BOA 0693,492.00,"1,878,570.62"
,501 Fees,12/20/2023,Deposit,,MetLife,,Cash in BOA 0693,278.00,"1,878,848.62"
,501 Fees,12/20/2023,Deposit,,Delta Dental,,Cash in BOA 0693,934.80,"1,879,783.42"
,501 Fees,12/20/2023,Deposit,,Checks,,Summit Checking 5809,"4,797.30","1,884,580.72"
,501 Fees,12/20/2023,Deposit,,Credit Card,,Summit Checking 5809,"1,095.96","1,885,676.68"
,501 Fees,12/21/2023,Deposit,,Delta Dental,,Cash in BOA 0693,193.00,"1,885,869.68"
,501 Fees,12/21/2023,Deposit,,MetLife,,Cash in BOA 0693,88.00,"1,885,957.68"
,501 Fees,12/21/2023,Deposit,,Credit Card,,Summit Checking 5809,292.60,"1,886,250.28"
,501 Fees,12/21/2023,Deposit,,UMR,,Cash in BOA 0693,96.00,"1,886,346.28"
,501 Fees,12/22/2023,Deposit,,Delta Dental,,Cash in BOA 0693,"3,499.20","1,889,845.48"
,501 Fees,12/22/2023,Deposit,,Wa St Hca,,Cash in BOA 0693,"34,768.99","1,924,614.47"
,501 Fees,12/22/2023,Deposit,,MetLife,,Cash in BOA 0693,33.60,"1,924,648.07"
,501 Fees,12/22/2023,Deposit,,Credit Card,,Summit Checking 5809,862.78,"1,925,510.85"
,501 Fees,12/26/2023,Deposit,,United Concordia,,Cash in BOA 0693,603.00,"1,926,113.85"
,501 Fees,12/27/2023,Deposit,,Credit Card,,Summit Checking 5809,421.48,"1,926,535.33"
,501 Fees,12/28/2023,Deposit,,Checks,,Summit Checking 5809,"5,741.61","1,932,276.94"
,501 Fees,12/28/2023,Deposit,,Credit Card,,Summit Checking 5809,645.20,"1,932,922.14"
,501 Fees,12/28/2023,Deposit,,Delta Dental,,Cash in BOA 0693,22.00,"1,932,944.14"
,501 Fees,12/28/2023,Deposit,,Oregon Dental SV,,Cash in BOA 0693,"1,171.00","1,934,115.14"
,501 Fees,12/29/2023,Deposit,,American Express,,Summit Checking 5809,90.95,"1,934,206.09"
,501 Fees,12/29/2023,Deposit,,Delta Dental,,Cash in BOA 0693,"1,787.05","1,935,993.14"
,501 Fees,12/29/2023,Deposit,,Credit Card,,Summit Checking 5809,168.00,"1,936,161.14"
,501 Fees,12/29/2023,Deposit,,Wa St Hca,,Cash in BOA 0693,"23,281.65","1,959,442.79"
,501 Fees,12/29/2023,Deposit,,Oregon Dental SV,,Cash in BOA 0693,306.00,"1,959,748.79"
,501 Fees,12/29/2023,Deposit,,MetLife,,Cash in BOA 0693,133.00,"1,959,881.79"
,501 Fees,12/29/2023,Deposit,,UHC,,Cash in BOA 0693,128.00,"1,960,009.79"
Total for 501 Fees,,,,,,,,"$1,960,009.79",
Total for INCOME with sub-accounts,,,,,,,,"$1,946,357.62",
STAFF COSTS,,,,,,,,,
628 Recruitment Costs,,,,,,,,,
,628 Recruitment Costs,01/02/2023,Credit Card Expense,,Indeed,,Credit Card Payable,162.75,162.75
,628 Recruitment Costs,02/02/2023,Expense,,Indeed,,Credit Card Payable,81.45,244.20
,628 Recruitment Costs,04/03/2023,Expense,,Indeed,,Credit Card Payable,81.45,325.65
,628 Recruitment Costs,05/01/2023,Expense,,Indeed,,Credit Card Payable,83.49,409.14
,628 Recruitment Costs,06/02/2023,Expense,,Indeed,,Credit Card Payable,259.48,668.62
,628 Recruitment Costs,07/07/2023,Expense,,Indeed,,Credit Card Payable,348.51,"1,017.13"
,628 Recruitment Costs,10/02/2023,Expense,,Indeed,,Credit Card Payable,146.79,"1,163.92"
,628 Recruitment Costs,11/02/2023,Expense,,Indeed,,Credit Card Payable,377.83,"1,541.75"
Total for 628 Recruitment Costs,,,,,,,,"$1,541.75",
607 Employee Benefits,,,,,,,,,
,607 Employee Benefits,01/10/2023,Expense,,Kaiser Permanente,,Cash in BOA 0693,"1,616.78","1,616.78"
,607 Employee Benefits,01/18/2023,Expense,,AFLAC,,Cash in BOA 0693,647.34,"2,264.12"
,607 Employee Benefits,02/07/2023,Expense,,Kaiser Permanente,,Cash in BOA 0693,"1,616.78","3,880.90"
,607 Employee Benefits,02/14/2023,Expense,,AFLAC,,Cash in BOA 0693,431.56,"4,312.46"
,607 Employee Benefits,03/06/2023,Expense,,Regence Blue Cross,,Cash in BOA 0693,"3,249.23","7,561.69"
,607 Employee Benefits,03/10/2023,Expense,,La Vish Nails,,Credit Card Payable,181.00,"7,742.69"
,607 Employee Benefits,03/21/2023,Expense,,AFLAC,,Cash in BOA 0693,256.08,"7,998.77"
,607 Employee Benefits,03/28/2023,Expense,,Regence Blue Cross,,Cash in BOA 0693,"3,249.23","11,248.00"
,607 Employee Benefits,03/31/2023,Journal Entry,BK1,,,,"-2,549.08","8,698.92"
,607 Employee Benefits,03/31/2023,Journal Entry,BK1,,,,-442.16,"8,256.76"
,607 Employee Benefits,03/31/2023,Journal Entry,BK1,,,,-662.64,"7,594.12"
,607 Employee Benefits,04/17/2023,Expense,,AFLAC,,Cash in BOA 0693,241.68,"7,835.80"
,607 Employee Benefits,04/24/2023,Expense,,La Vish Nails,,Credit Card Payable,151.00,"7,986.80"
,607 Employee Benefits,05/08/2023,Expense,,Regence Blue Cross,,Cash in BOA 0693,"1,411.59","9,398.39"
,607 Employee Benefits,05/23/2023,Expense,,AFLAC,,Cash in BOA 0693,139.92,"9,538.31"
,607 Employee Benefits,06/07/2023,Expense,,AFLAC,,Cash in BOA 0693,125.52,"9,663.83"
,607 Employee Benefits,06/09/2023,Expense,,Regence Blue Cross,,Cash in BOA 0693,84.79,"9,748.62"
,607 Employee Benefits,06/29/2023,Check,2489,Athena Castellon,reissued check,Cash in BOA 0693,328.29,"10,076.91"
,607 Employee Benefits,06/30/2023,Expense,,Regence Blue Cross,,Cash in BOA 0693,748.19,"10,825.10"
,607 Employee Benefits,06/30/2023,Journal Entry,BK 1,,,,"-3,675.28","7,149.82"
,607 Employee Benefits,06/30/2023,Journal Entry,BK 2,,,,"-1,809.18","5,340.64"
,607 Employee Benefits,06/30/2023,Journal Entry,BK 2,,,,-155.52,"5,185.12"
,607 Employee Benefits,06/30/2023,Journal Entry,BK 2,,,,-337.20,"4,847.92"
,607 Employee Benefits,07/05/2023,Expense,,AFLAC,,Cash in BOA 0693,188.28,"5,036.20"
,607 Employee Benefits,08/04/2023,Expense,,Regence Blue Cross,,BOA Secondary Checking 0246,748.19,"5,784.39"
,607 Employee Benefits,08/15/2023,Expense,,AFLAC,,BOA Secondary Checking 0246,125.52,"5,909.91"
,607 Employee Benefits,09/01/2023,Expense,,Regence Blue Cross,,BOA Secondary Checking 0246,748.19,"6,658.10"
,607 Employee Benefits,09/25/2023,Expense,,AFLAC,,BOA Secondary Checking 0246,125.52,"6,783.62"
,607 Employee Benefits,09/30/2023,Journal Entry,BK 1,,,,"-1,122.18","5,661.44"
,607 Employee Benefits,09/30/2023,Journal Entry,BK 1,,,,-126.72,"5,534.72"
,607 Employee Benefits,09/30/2023,Journal Entry,BK 1,,,,-249.84,"5,284.88"
,607 Employee Benefits,09/30/2023,Journal Entry,BK 1,,,,-328.29,"4,956.59"
,607 Employee Benefits,10/12/2023,Expense,,ADP,,Cash in BOA 0693,-270.50,"4,686.09"
,607 Employee Benefits,10/12/2023,Expense,,ADP,,Cash in BOA 0693,-21.12,"4,664.97"
,607 Employee Benefits,10/12/2023,Expense,,ADP,,Cash in BOA 0693,-41.64,"4,623.33"
,607 Employee Benefits,10/13/2023,Expense,,Regence Blue Cross,,BOA Secondary Checking 0246,"1,415.91","6,039.24"
,607 Employee Benefits,10/30/2023,Expense,,ADP,,Cash in BOA 0693,-600.92,"5,438.32"
,607 Employee Benefits,10/30/2023,Expense,,ADP,,Cash in BOA 0693,-21.12,"5,417.20"
,607 Employee Benefits,10/30/2023,Expense,,ADP,,Cash in BOA 0693,-41.64,"5,375.56"
,607 Employee Benefits,10/30/2023,Expense,,AFLAC,,BOA Secondary Checking 0246,125.52,"5,501.08"
,607 Employee Benefits,11/14/2023,Expense,,ADP,,Cash in BOA 0693,-600.92,"4,900.16"
,607 Employee Benefits,11/14/2023,Expense,,ADP,,Cash in BOA 0693,-21.12,"4,879.04"
,607 Employee Benefits,11/14/2023,Expense,,ADP,,Cash in BOA 0693,-41.64,"4,837.40"
,607 Employee Benefits,11/20/2023,Expense,,Regence Blue Cross,,BOA Secondary Checking 0246,"2,740.77","7,578.17"
,607 Employee Benefits,11/21/2023,Expense,,AFLAC,,BOA Secondary Checking 0246,125.52,"7,703.69"
,607 Employee Benefits,11/29/2023,Expense,,ADP,,Cash in BOA 0693,-600.92,"7,102.77"
,607 Employee Benefits,11/29/2023,Expense,,ADP,,Cash in BOA 0693,-21.12,"7,081.65"
,607 Employee Benefits,11/29/2023,Expense,,ADP,,Cash in BOA 0693,-41.64,"7,040.01"
,607 Employee Benefits,12/08/2023,Expense,,Regence Blue Cross,,BOA Secondary Checking 0246,"2,740.77","9,780.78"
,607 Employee Benefits,12/14/2023,Expense,,ADP,,Cash in BOA 0693,-600.92,"9,179.86"
,607 Employee Benefits,12/14/2023,Expense,,ADP,,Cash in BOA 0693,-21.12,"9,158.74"
,607 Employee Benefits,12/14/2023,Expense,,ADP,,Cash in BOA 0693,-41.64,"9,117.10"
,607 Employee Benefits,12/18/2023,Expense,,AFLAC,,Cash in BOA 0693,125.52,"9,242.62"
,607 Employee Benefits,12/28/2023,Expense,,ADP,,Cash in BOA 0693,-600.92,"8,641.70"
,607 Employee Benefits,12/28/2023,Expense,,ADP,,Cash in BOA 0693,-21.12,"8,620.58"
,607 Employee Benefits,12/28/2023,Expense,,ADP,,Cash in BOA 0693,-41.64,"8,578.94"
,607 Employee Benefits,12/31/2023,Journal Entry,CPA 07,,,,"1,508.99","10,087.93"
Total for 607 Employee Benefits,,,,,,,,"$10,087.93",
625 Staff Seminars & Continuing Ed,,,,,,,,,
,625 Staff Seminars & Continuing Ed,02/03/2023,Expense,,Harris Biomedical,,Cash in BOA 0693,840.39,840.39
,625 Staff Seminars & Continuing Ed,05/09/2023,Expense,,National CPR,,Credit Card Payable,71.76,912.15
,625 Staff Seminars & Continuing Ed,05/25/2023,Expense,,American Heart Shop,CPR,Credit Card Payable,343.49,"1,255.64"
,625 Staff Seminars & Continuing Ed,05/25/2023,Expense,,American Heart Shop,,Credit Card Payable,171.75,"1,427.39"
,625 Staff Seminars & Continuing Ed,05/26/2023,Credit Card Credit,,American Heart Shop,,Credit Card Payable,-171.75,"1,255.64"
Total for 625 Staff Seminars & Continuing Ed,,,,,,,,"$1,255.64",
622 Staff Auto Expense,,,,,,,,,
,622 Staff Auto Expense,03/31/2023,Journal Entry,BK1,,,,42.96,42.96
,622 Staff Auto Expense,06/30/2023,Journal Entry,BK 2,,,,26.85,69.81
,622 Staff Auto Expense,09/30/2023,Journal Entry,BK 1,,,,85.29,155.10
,622 Staff Auto Expense,12/31/2023,Journal Entry,CPA 01,,,,115.93,271.03
Total for 622 Staff Auto Expense,,,,,,,,$271.03,
Total for 607 Employee Benefits with sub-accounts,,,,,,,,"$11,614.60",
355 Payroll Clearing,,,,,,,,,
,355 Payroll Clearing,01/12/2023,Expense,,ADP,,Cash in BOA 0693,"5,247.85","5,247.85"
,355 Payroll Clearing,01/12/2023,Expense,,ADP,,Cash in BOA 0693,"16,632.30","21,880.15"
,355 Payroll Clearing,01/30/2023,Expense,,ADP,,Cash in BOA 0693,"5,221.78","27,101.93"
,355 Payroll Clearing,01/30/2023,Expense,,ADP,,Cash in BOA 0693,"16,267.03","43,368.96"
,355 Payroll Clearing,02/14/2023,Expense,,ADP,,Cash in BOA 0693,"6,274.64","49,643.60"
,355 Payroll Clearing,02/14/2023,Expense,,ADP,,Cash in BOA 0693,"18,987.13","68,630.73"
,355 Payroll Clearing,02/28/2023,Expense,,ADP,,Cash in BOA 0693,"11,918.43","80,549.16"
,355 Payroll Clearing,03/01/2023,Expense,,ADP,,Cash in BOA 0693,"3,380.54","83,929.70"
,355 Payroll Clearing,03/14/2023,Expense,,ADP,,Cash in BOA 0693,"4,636.38","88,566.08"
,355 Payroll Clearing,03/14/2023,Expense,,ADP,,Cash in BOA 0693,"15,001.58","103,567.66"
,355 Payroll Clearing,03/21/2023,Check,2445,Mariana Lopez,,Cash in BOA 0693,"1,000.00","104,567.66"
,355 Payroll Clearing,03/30/2023,Expense,,ADP,,Cash in BOA 0693,"5,582.56","110,150.22"
,355 Payroll Clearing,03/30/2023,Expense,,ADP,,Cash in BOA 0693,"17,160.59","127,310.81"
,355 Payroll Clearing,03/31/2023,Journal Entry,BK1,,,,"-127,310.81",0.00
,355 Payroll Clearing,04/04/2023,Deposit,,ADP,,Cash in BOA 0693,-135.65,-135.65
,355 Payroll Clearing,04/13/2023,Expense,,ADP,,Cash in BOA 0693,"16,496.82","16,361.17"
,355 Payroll Clearing,04/14/2023,Expense,,ADP,,Cash in BOA 0693,"5,040.00","21,401.17"
,355 Payroll Clearing,04/20/2023,Check,2460,Courtnee Taylor,Final Check,Cash in BOA 0693,961.91,"22,363.08"
,355 Payroll Clearing,04/27/2023,Expense,,ADP,,Cash in BOA 0693,"13,426.00","35,789.08"
,355 Payroll Clearing,04/27/2023,Expense,,ADP,,Cash in BOA 0693,150.46,"35,939.54"
,355 Payroll Clearing,04/27/2023,Expense,,ADP,,Cash in BOA 0693,373.42,"36,312.96"
,355 Payroll Clearing,04/28/2023,Expense,,ADP,,Cash in BOA 0693,"4,663.39","40,976.35"
,355 Payroll Clearing,05/08/2023,Expense,,ADP,,Cash in BOA 0693,22.78,"40,999.13"
,355 Payroll Clearing,05/12/2023,Expense,,ADP,,Cash in BOA 0693,"4,729.14","45,728.27"
,355 Payroll Clearing,05/12/2023,Expense,,ADP,,Cash in BOA 0693,"14,507.61","60,235.88"
,355 Payroll Clearing,05/12/2023,Expense,,ADP,,Cash in BOA 0693,419.36,"60,655.24"
,355 Payroll Clearing,05/30/2023,Expense,,ADP,,Cash in BOA 0693,"4,027.91","64,683.15"
,355 Payroll Clearing,05/30/2023,Expense,,ADP,,Cash in BOA 0693,"12,241.24","76,924.39"
,355 Payroll Clearing,05/30/2023,Expense,,ADP,,Cash in BOA 0693,419.36,"77,343.75"
,355 Payroll Clearing,06/14/2023,Expense,,ADP,,Cash in BOA 0693,"13,776.73","91,120.48"
,355 Payroll Clearing,06/14/2023,Expense,,ADP,,Cash in BOA 0693,"4,504.50","95,624.98"
,355 Payroll Clearing,06/14/2023,Expense,,ADP,,Cash in BOA 0693,419.36,"96,044.34"
,355 Payroll Clearing,06/29/2023,Expense,,ADP,,Cash in BOA 0693,"4,585.00","100,629.34"
,355 Payroll Clearing,06/29/2023,Expense,,ADP,,Cash in BOA 0693,"14,842.94","115,472.28"
,355 Payroll Clearing,06/29/2023,Expense,,ADP,,Cash in BOA 0693,45.94,"115,518.22"
,355 Payroll Clearing,06/30/2023,Journal Entry,BK 2,,,,"-115,518.22",0.00
,355 Payroll Clearing,07/06/2023,Check,2490,Maleia Calvert,,Cash in BOA 0693,444.49,444.49
,355 Payroll Clearing,07/13/2023,Expense,,ADP,,Cash in BOA 0693,"4,810.21","5,254.70"
,355 Payroll Clearing,07/13/2023,Expense,,ADP,,Cash in BOA 0693,"14,972.57","20,227.27"
,355 Payroll Clearing,07/28/2023,Expense,,ADP,,Cash in BOA 0693,"5,948.87","26,176.14"
,355 Payroll Clearing,07/28/2023,Expense,,ADP,,Cash in BOA 0693,"18,146.74","44,322.88"
,355 Payroll Clearing,07/31/2023,Expense,,ADP,,Cash in BOA 0693,134.29,"44,457.17"
,355 Payroll Clearing,08/10/2023,Check,2526,Karissa Cooks,Back to School,Cash in BOA 0693,50.00,"44,507.17"
,355 Payroll Clearing,08/10/2023,Check,2529,Mariana Koum-Lopez,Back to School,Cash in BOA 0693,200.00,"44,707.17"
,355 Payroll Clearing,08/10/2023,Check,2528,Margaiz Orozco,,Cash in BOA 0693,50.00,"44,757.17"
,355 Payroll Clearing,08/10/2023,Check,2527,Nicole Oana,Back to School,Cash in BOA 0693,50.00,"44,807.17"
,355 Payroll Clearing,08/14/2023,Expense,,ADP,,Cash in BOA 0693,"5,733.75","50,540.92"
,355 Payroll Clearing,08/14/2023,Expense,,ADP,,Cash in BOA 0693,"17,986.90","68,527.82"
,355 Payroll Clearing,08/30/2023,Expense,,ADP,,Cash in BOA 0693,"4,627.51","73,155.33"
,355 Payroll Clearing,08/30/2023,Expense,,ADP,,Cash in BOA 0693,"15,129.42","88,284.75"
,355 Payroll Clearing,08/30/2023,Expense,,ADP,,Cash in BOA 0693,455.52,"88,740.27"
,355 Payroll Clearing,09/14/2023,Expense,,ADP,,Cash in BOA 0693,"4,550.11","93,290.38"
,355 Payroll Clearing,09/14/2023,Expense,,ADP,,Cash in BOA 0693,"15,003.06","108,293.44"
,355 Payroll Clearing,09/14/2023,Expense,,ADP,,Cash in BOA 0693,455.52,"108,748.96"
,355 Payroll Clearing,09/28/2023,Expense,,ADP,,Cash in BOA 0693,"4,815.83","113,564.79"
,355 Payroll Clearing,09/28/2023,Expense,,ADP,,Cash in BOA 0693,"16,046.04","129,610.83"
,355 Payroll Clearing,09/28/2023,Expense,,ADP,,Cash in BOA 0693,5.75,"129,616.58"
,355 Payroll Clearing,09/30/2023,Journal Entry,BK 1,,,,"-129,616.58",0.00
,355 Payroll Clearing,10/12/2023,Expense,,ADP,,Cash in BOA 0693,"-17,208.75","-17,208.75"
,355 Payroll Clearing,10/12/2023,Expense,,ADP,,Cash in BOA 0693,"17,208.75",0.00
,355 Payroll Clearing,10/30/2023,Expense,,ADP,,Cash in BOA 0693,"-16,315.71","-16,315.71"
,355 Payroll Clearing,10/30/2023,Expense,,ADP,,Cash in BOA 0693,"16,315.71",0.00
,355 Payroll Clearing,11/14/2023,Expense,,ADP,,Cash in BOA 0693,"-16,819.60","-16,819.60"
,355 Payroll Clearing,11/14/2023,Expense,,ADP,,Cash in BOA 0693,"16,819.60",0.00
,355 Payroll Clearing,11/29/2023,Expense,,ADP,,Cash in BOA 0693,"-20,402.38","-20,402.38"
,355 Payroll Clearing,11/29/2023,Expense,,ADP,,Cash in BOA 0693,"20,402.38",0.00
,355 Payroll Clearing,12/08/2023,Check,2587,Klarissa Cooks,,Cash in BOA 0693,200.00,200.00
,355 Payroll Clearing,12/08/2023,Check,2590,Mychela Taylor,,Cash in BOA 0693,200.00,400.00
,355 Payroll Clearing,12/08/2023,Check,2591,Keeley Parks,,Cash in BOA 0693,200.00,600.00
,355 Payroll Clearing,12/08/2023,Check,2583,Mariana Koum-Lopez,,Cash in BOA 0693,200.00,800.00
,355 Payroll Clearing,12/08/2023,Check,2579,Margaliz Orozco,,Cash in BOA 0693,200.00,"1,000.00"
,355 Payroll Clearing,12/08/2023,Check,2580,Carolina Calle,,Cash in BOA 0693,200.00,"1,200.00"
,355 Payroll Clearing,12/08/2023,Check,2589,Nicole Oana,,Cash in BOA 0693,200.00,"1,400.00"
,355 Payroll Clearing,12/08/2023,Check,2584,Ellie Babb,,Cash in BOA 0693,200.00,"1,600.00"
,355 Payroll Clearing,12/08/2023,Check,2585,Lekana Ouk,,Cash in BOA 0693,200.00,"1,800.00"
,355 Payroll Clearing,12/08/2023,Check,2588,Alexandra Harmand,,Cash in BOA 0693,200.00,"2,000.00"
,355 Payroll Clearing,12/08/2023,Check,2586,Lizbeth DeJesus,,Cash in BOA 0693,200.00,"2,200.00"
,355 Payroll Clearing,12/08/2023,Check,2581,Tawni Barr,,Cash in BOA 0693,200.00,"2,400.00"
,355 Payroll Clearing,12/08/2023,Check,2582,Karina Dzyubenko,,Cash in BOA 0693,200.00,"2,600.00"
,355 Payroll Clearing,12/14/2023,Expense,,ADP,,Cash in BOA 0693,"-39,717.42","-37,117.42"
,355 Payroll Clearing,12/14/2023,Expense,,ADP,,Cash in BOA 0693,"36,752.19",-365.23
,355 Payroll Clearing,12/14/2023,Expense,,ADP,,Cash in BOA 0693,365.23,0.00
,355 Payroll Clearing,12/28/2023,Expense,,ADP,,Cash in BOA 0693,"-28,177.38","-28,177.38"
,355 Payroll Clearing,12/28/2023,Expense,,ADP,,Cash in BOA 0693,"27,812.15",-365.23
,355 Payroll Clearing,12/28/2023,Expense,,ADP,,Cash in BOA 0693,365.23,0.00
Total for 355 Payroll Clearing,,,,,,,,$0.00,
601 Staff Salaries,,,,,,,,,
,601 Staff Salaries,03/31/2023,Journal Entry,BK1,,,,"122,495.34","122,495.34"
,601 Staff Salaries,06/30/2023,Journal Entry,BK 2,,,,"110,665.79","233,161.13"
,601 Staff Salaries,09/30/2023,Journal Entry,BK 1,,,,"122,363.42","355,524.55"
,601 Staff Salaries,10/12/2023,Expense,,ADP,,Cash in BOA 0693,"21,332.37","376,856.92"
,601 Staff Salaries,10/30/2023,Expense,,ADP,,Cash in BOA 0693,"20,306.19","397,163.11"
,601 Staff Salaries,11/14/2023,Expense,,ADP,,Cash in BOA 0693,"21,058.08","418,221.19"
,601 Staff Salaries,11/29/2023,Expense,,ADP,,Cash in BOA 0693,"23,862.46","442,083.65"
,601 Staff Salaries,12/14/2023,Expense,,ADP,,Cash in BOA 0693,"54,326.29","496,409.94"
,601 Staff Salaries,12/28/2023,Expense,,ADP,,Cash in BOA 0693,"37,854.17","534,264.11"
,601 Staff Salaries,12/31/2023,Journal Entry,CPA 01,,,,"-52,802.83","481,461.28"
Total for 601 Staff Salaries,,,,,,,,"$481,461.28",
603 Staff Payroll Taxes,,,,,,,,,
,603 Staff Payroll Taxes,03/31/2023,Journal Entry,BK1,,,,"11,640.24","11,640.24"
,603 Staff Payroll Taxes,06/30/2023,Journal Entry,BK 2,,,,"10,190.52","21,830.76"
,603 Staff Payroll Taxes,09/30/2023,Journal Entry,BK 1,,,,"11,531.92","33,362.68"
,603 Staff Payroll Taxes,10/12/2023,Expense,,ADP,,Cash in BOA 0693,"1,959.02","35,321.70"
,603 Staff Payroll Taxes,10/26/2023,Expense,,ADP,,Cash in BOA 0693,147.33,"35,469.03"
,603 Staff Payroll Taxes,10/30/2023,Expense,,ADP,,Cash in BOA 0693,"1,848.31","37,317.34"
,603 Staff Payroll Taxes,11/14/2023,Expense,,ADP,,Cash in BOA 0693,"1,916.05","39,233.39"
,603 Staff Payroll Taxes,11/29/2023,Expense,,ADP,,Cash in BOA 0693,"1,581.28","40,814.67"
,603 Staff Payroll Taxes,12/14/2023,Expense,,ADP,,Cash in BOA 0693,"4,320.27","45,134.94"
,603 Staff Payroll Taxes,12/28/2023,Expense,,ADP,,Cash in BOA 0693,"3,330.39","48,465.33"
,603 Staff Payroll Taxes,12/31/2023,Journal Entry,CPA 01,,,,"-3,521.39","44,943.94"
Total for 603 Staff Payroll Taxes,,,,,,,,"$44,943.94",
616 Payroll Service,,,,,,,,,
,616 Payroll Service,01/06/2023,Expense,,ADP,,Cash in BOA 0693,112.34,112.34
,616 Payroll Service,01/09/2023,Expense,,ADP Marketplace,,Credit Card Payable,32.58,144.92
,616 Payroll Service,01/20/2023,Expense,,ADP,,Cash in BOA 0693,131.29,276.21
,616 Payroll Service,01/27/2023,Expense,,ADP,,Cash in BOA 0693,149.78,425.99
,616 Payroll Service,02/01/2023,Expense,,ADP,,Cash in BOA 0693,218.40,644.39
,616 Payroll Service,02/03/2023,Expense,,ADP,,Cash in BOA 0693,112.34,756.73
,616 Payroll Service,02/08/2023,Expense,,ADP Marketplace,,Credit Card Payable,32.58,789.31
,616 Payroll Service,02/17/2023,Expense,,ADP,,Cash in BOA 0693,18.95,808.26
,616 Payroll Service,02/24/2023,Expense,,ADP,,Cash in BOA 0693,149.78,958.04
,616 Payroll Service,02/24/2023,Expense,,ADP,,Cash in BOA 0693,112.34,"1,070.38"
,616 Payroll Service,03/08/2023,Expense,,ADP Marketplace,,Credit Card Payable,32.58,"1,102.96"
,616 Payroll Service,03/10/2023,Expense,,ADP,,Cash in BOA 0693,107.31,"1,210.27"
,616 Payroll Service,03/24/2023,Expense,,ADP,,Cash in BOA 0693,128.77,"1,339.04"
,616 Payroll Service,03/31/2023,Expense,,ADP,,Cash in BOA 0693,147.18,"1,486.22"
,616 Payroll Service,04/06/2023,Expense,,ADP Marketplace,,Credit Card Payable,32.61,"1,518.83"
,616 Payroll Service,04/07/2023,Expense,,ADP,,Cash in BOA 0693,112.34,"1,631.17"
,616 Payroll Service,04/21/2023,Expense,,ADP,,Cash in BOA 0693,128.77,"1,759.94"
,616 Payroll Service,04/28/2023,Expense,,ADP,,Cash in BOA 0693,149.86,"1,909.80"
,616 Payroll Service,05/05/2023,Expense,,ADP,,Cash in BOA 0693,104.79,"2,014.59"
,616 Payroll Service,05/08/2023,Expense,,ADP Marketplace,,Credit Card Payable,32.61,"2,047.20"
,616 Payroll Service,05/19/2023,Expense,,ADP,,Cash in BOA 0693,126.26,"2,173.46"
,616 Payroll Service,05/26/2023,Expense,,ADP,,Cash in BOA 0693,144.66,"2,318.12"
,616 Payroll Service,06/02/2023,Expense,,ADP,,Cash in BOA 0693,107.31,"2,425.43"
,616 Payroll Service,06/08/2023,Expense,,ADP Marketplace,,Credit Card Payable,32.61,"2,458.04"
,616 Payroll Service,06/23/2023,Expense,,ADP,,Cash in BOA 0693,123.74,"2,581.78"
,616 Payroll Service,06/30/2023,Expense,,ADP,,Cash in BOA 0693,149.86,"2,731.64"
,616 Payroll Service,07/07/2023,Expense,,ADP,,Cash in BOA 0693,107.31,"2,838.95"
,616 Payroll Service,07/21/2023,Expense,,ADP,,Cash in BOA 0693,128.77,"2,967.72"
,616 Payroll Service,07/28/2023,Expense,,ADP,,Cash in BOA 0693,149.86,"3,117.58"
,616 Payroll Service,08/04/2023,Expense,,ADP,,Cash in BOA 0693,107.31,"3,224.89"
,616 Payroll Service,08/18/2023,Expense,,ADP,,Cash in BOA 0693,18.95,"3,243.84"
,616 Payroll Service,08/25/2023,Expense,,ADP,,Cash in BOA 0693,149.86,"3,393.70"
,616 Payroll Service,08/25/2023,Expense,,ADP,,Cash in BOA 0693,107.31,"3,501.01"
,616 Payroll Service,09/08/2023,Expense,,ADP,,Cash in BOA 0693,107.31,"3,608.32"
,616 Payroll Service,09/22/2023,Expense,,ADP,,Cash in BOA 0693,131.65,"3,739.97"
,616 Payroll Service,09/29/2023,Expense,,ADP,,Cash in BOA 0693,147.26,"3,887.23"
,616 Payroll Service,10/06/2023,Expense,,ADP,,Cash in BOA 0693,112.70,"3,999.93"
,616 Payroll Service,10/20/2023,Expense,,ADP,,Cash in BOA 0693,131.65,"4,131.58"
,616 Payroll Service,10/27/2023,Expense,,ADP,,Cash in BOA 0693,144.66,"4,276.24"
,616 Payroll Service,11/10/2023,Expense,,ADP,,Cash in BOA 0693,115.35,"4,391.59"
,616 Payroll Service,11/17/2023,Expense,,ADP,,Cash in BOA 0693,18.95,"4,410.54"
,616 Payroll Service,11/24/2023,Expense,,ADP,,Cash in BOA 0693,147.26,"4,557.80"
,616 Payroll Service,11/24/2023,Expense,,ADP,,Cash in BOA 0693,115.35,"4,673.15"
,616 Payroll Service,12/08/2023,Expense,,ADP,,Cash in BOA 0693,206.61,"4,879.76"
,616 Payroll Service,12/22/2023,Expense,,ADP,,Cash in BOA 0693,142.23,"5,021.99"
,616 Payroll Service,12/29/2023,Expense,,ADP,,Cash in BOA 0693,152.46,"5,174.45"
Total for 616 Payroll Service,,,,,,,,"$5,174.45",
Total for 603 Staff Payroll Taxes with sub-accounts,,,,,,,,"$50,118.39",
618 Bookkeeping,,,,,,,,,
,618 Bookkeeping,06/30/2023,Expense,,Fluence,,BOA Secondary Checking 0246,"1,500.00","1,500.00"
,618 Bookkeeping,09/08/2023,Expense,,Fluence,,BOA Secondary Checking 0246,340.00,"1,840.00"
,618 Bookkeeping,12/22/2023,Expense,,Fluence,,BOA Secondary Checking 0246,710.00,"2,550.00"
,618 Bookkeeping,12/28/2023,Expense,,Fluence,,Credit Card Payable,"5,350.00","7,900.00"
,618 Bookkeeping,12/31/2023,Journal Entry,CPA 05,,,,"2,165.00","10,065.00"
Total for 618 Bookkeeping,,,,,,,,"$10,065.00",
605 Staff Retirement Plan Contribution,,,,,,,,,
,605 Staff Retirement Plan Contribution,12/31/2023,Journal Entry,CPA 07,,,,"16,059.16","16,059.16"
Total for 605 Staff Retirement Plan Contribution,,,,,,,,"$16,059.16",
Total for STAFF COSTS with sub-accounts,,,,,,,,"$570,860.18",
GENERAL COSTS,,,,,,,,,
722 Advertising,,,,,,,,,
,722 Advertising,01/02/2023,Credit Card Expense,,Google,Music,Credit Card Payable,84.63,84.63
,722 Advertising,01/02/2023,Credit Card Expense,,HS1 Llighthouse,,Credit Card Payable,29.00,113.63
,722 Advertising,01/02/2023,Credit Card Expense,,HS1 Llighthouse,,Credit Card Payable,378.67,492.30
,722 Advertising,01/03/2023,Credit Card Expense,,optisigns,,Credit Card Payable,10.00,502.30
,722 Advertising,01/03/2023,Credit Card Expense,,Google,Music,Credit Card Payable,70.51,572.81
,722 Advertising,01/04/2023,Credit Card Expense,,vyne dental,,Credit Card Payable,43.40,616.21
,722 Advertising,01/05/2023,Credit Card Expense,,Canva,,Credit Card Payable,12.99,629.20
,722 Advertising,01/09/2023,Expense,,Google,,Credit Card Payable,24.96,654.16
,722 Advertising,01/09/2023,Expense,,Smilestream,,Credit Card Payable,501.63,"1,155.79"
,722 Advertising,01/17/2023,Expense,,Google,,Credit Card Payable,2.16,"1,157.95"
,722 Advertising,01/18/2023,Expense,,Smilestream,,Credit Card Payable,330.00,"1,487.95"
,722 Advertising,01/25/2023,Expense,,Google,,Credit Card Payable,2.16,"1,490.11"
,722 Advertising,01/25/2023,Expense,,Google,,Credit Card Payable,13.03,"1,503.14"
,722 Advertising,01/30/2023,Expense,,PBHS,,Credit Card Payable,10.00,"1,513.14"
,722 Advertising,02/02/2023,Expense,,Google,,Credit Card Payable,84.71,"1,597.85"
,722 Advertising,02/02/2023,Expense,,Lighthouse,,Credit Card Payable,29.00,"1,626.85"
,722 Advertising,02/02/2023,Expense,,Lighthouse,,Credit Card Payable,378.67,"2,005.52"
,722 Advertising,02/02/2023,Expense,,Smilestream,,Credit Card Payable,325.00,"2,330.52"
,722 Advertising,02/03/2023,Expense,,optisigns,,Credit Card Payable,10.00,"2,340.52"
,722 Advertising,02/03/2023,Expense,,Google,,Credit Card Payable,70.51,"2,411.03"
,722 Advertising,02/06/2023,Expense,,vyne dental,,Credit Card Payable,43.44,"2,454.47"
,722 Advertising,02/06/2023,Expense,,Canva,,Credit Card Payable,12.99,"2,467.46"
,722 Advertising,02/07/2023,Expense,,Google,,Credit Card Payable,24.96,"2,492.42"
,722 Advertising,02/17/2023,Expense,,Google,,Credit Card Payable,2.16,"2,494.58"
,722 Advertising,02/24/2023,Expense,,Meta Platform,,Credit Card Payable,5.00,"2,499.58"
,722 Advertising,02/27/2023,Expense,,Google,,Credit Card Payable,2.16,"2,501.74"
,722 Advertising,02/27/2023,Expense,,Google,,Credit Card Payable,13.03,"2,514.77"
,722 Advertising,02/28/2023,Expense,,PBHS,,Credit Card Payable,10.00,"2,524.77"
,722 Advertising,03/02/2023,Expense,,Google,,Credit Card Payable,84.71,"2,609.48"
,722 Advertising,03/02/2023,Expense,,Lighthouse,,Credit Card Payable,29.00,"2,638.48"
,722 Advertising,03/02/2023,Expense,,Lighthouse,,Credit Card Payable,378.67,"3,017.15"
,722 Advertising,03/03/2023,Expense,,optisigns,,Credit Card Payable,10.00,"3,027.15"
,722 Advertising,03/06/2023,Expense,,Google,,Credit Card Payable,70.51,"3,097.66"
,722 Advertising,03/06/2023,Expense,,vyne dental,,Credit Card Payable,43.44,"3,141.10"
,722 Advertising,03/06/2023,Expense,,Canva,,Credit Card Payable,12.99,"3,154.09"
,722 Advertising,03/07/2023,Expense,,Google,,Credit Card Payable,24.96,"3,179.05"
,722 Advertising,03/10/2023,Expense,,Smilestream,,Credit Card Payable,125.00,"3,304.05"
,722 Advertising,03/13/2023,Expense,,Smilestream,,Credit Card Payable,438.94,"3,742.99"
,722 Advertising,03/17/2023,Expense,,Google,,Credit Card Payable,2.16,"3,745.15"
,722 Advertising,03/27/2023,Expense,,Google,,Credit Card Payable,2.16,"3,747.31"
,722 Advertising,03/27/2023,Expense,,Google,,Credit Card Payable,13.03,"3,760.34"
,722 Advertising,03/27/2023,Expense,,Smilestream,,Credit Card Payable,330.00,"4,090.34"
,722 Advertising,03/28/2023,Expense,,PBHS,,Credit Card Payable,10.00,"4,100.34"
,722 Advertising,04/03/2023,Expense,,Google,,Credit Card Payable,84.71,"4,185.05"
,722 Advertising,04/03/2023,Expense,,optisigns,,Credit Card Payable,10.00,"4,195.05"
,722 Advertising,04/03/2023,Expense,,Lighthouse,,Credit Card Payable,29.00,"4,224.05"
,722 Advertising,04/03/2023,Expense,,Lighthouse,,Credit Card Payable,378.67,"4,602.72"
,722 Advertising,04/05/2023,Expense,,Google,,Credit Card Payable,70.58,"4,673.30"
,722 Advertising,04/05/2023,Expense,,vyne dental,,Credit Card Payable,43.44,"4,716.74"
,722 Advertising,04/05/2023,Expense,,Canva,,Credit Card Payable,12.99,"4,729.73"
,722 Advertising,04/07/2023,Expense,,Google,,Credit Card Payable,24.99,"4,754.72"
,722 Advertising,04/16/2023,Expense,,Google,,Credit Card Payable,2.16,"4,756.88"
,722 Advertising,04/20/2023,Expense,,Godaddy.com,,Credit Card Payable,318.70,"5,075.58"
,722 Advertising,04/24/2023,Expense,,Google,,Credit Card Payable,2.16,"5,077.74"
,722 Advertising,04/25/2023,Expense,,Google,,Credit Card Payable,13.04,"5,090.78"
,722 Advertising,04/25/2023,Expense,,Smilestream,,Credit Card Payable,300.00,"5,390.78"
,722 Advertising,04/25/2023,Expense,,Smilestream,,Credit Card Payable,300.00,"5,690.78"
,722 Advertising,04/27/2023,Expense,,PBHS,,Credit Card Payable,10.00,"5,700.78"
,722 Advertising,04/27/2023,Expense,,Smilestream,,Credit Card Payable,516.35,"6,217.13"
,722 Advertising,05/01/2023,Expense,,Google,,Credit Card Payable,82.17,"6,299.30"
,722 Advertising,05/01/2023,Expense,,Lighthouse,,Credit Card Payable,29.00,"6,328.30"
,722 Advertising,05/01/2023,Expense,,Lighthouse,,Credit Card Payable,378.67,"6,706.97"
,722 Advertising,05/02/2023,Expense,,optisigns,,Credit Card Payable,10.00,"6,716.97"
,722 Advertising,05/02/2023,Expense,,Google,,Credit Card Payable,79.34,"6,796.31"
,722 Advertising,05/02/2023,Expense,,vyne dental,,Credit Card Payable,107.62,"6,903.93"
,722 Advertising,05/04/2023,Expense,,Canvas,,Credit Card Payable,12.99,"6,916.92"
,722 Advertising,05/08/2023,Expense,,Google,,Credit Card Payable,24.99,"6,941.91"
,722 Advertising,05/09/2023,Expense,,Big Al's,,Credit Card Payable,193.29,"7,135.20"
,722 Advertising,05/15/2023,Expense,,Smilestream,,Credit Card Payable,330.00,"7,465.20"
,722 Advertising,05/15/2023,Expense,,Smilestream,,Credit Card Payable,295.88,"7,761.08"
,722 Advertising,05/17/2023,Expense,,Google,,Credit Card Payable,2.16,"7,763.24"
,722 Advertising,05/18/2023,Expense,,Smilestream,,Credit Card Payable,330.00,"8,093.24"
,722 Advertising,05/18/2023,Expense,,Smilestream,,Credit Card Payable,270.00,"8,363.24"
,722 Advertising,05/19/2023,Expense,,Smilestream,,Credit Card Payable,644.66,"9,007.90"
,722 Advertising,05/19/2023,Expense,,Big Al's,,Credit Card Payable,849.25,"9,857.15"
,722 Advertising,05/19/2023,Expense,,Yourmembership Inc,,Credit Card Payable,549.00,"10,406.15"
,722 Advertising,05/24/2023,Expense,,Meta Platform,,Credit Card Payable,9.99,"10,416.14"
,722 Advertising,05/25/2023,Expense,,Google,,Credit Card Payable,2.16,"10,418.30"
,722 Advertising,05/25/2023,Expense,,Google,,Credit Card Payable,13.04,"10,431.34"
,722 Advertising,05/29/2023,Expense,,PBHS,,Credit Card Payable,10.00,"10,441.34"
,722 Advertising,06/02/2023,Expense,,Google,,Credit Card Payable,63.53,"10,504.87"
,722 Advertising,06/02/2023,Expense,,Lighthouse,,Credit Card Payable,29.00,"10,533.87"
,722 Advertising,06/02/2023,Expense,,Lighthouse,,Credit Card Payable,378.67,"10,912.54"
,722 Advertising,06/02/2023,Expense,,Smilestream,,Credit Card Payable,330.00,"11,242.54"
,722 Advertising,06/05/2023,Expense,,optisigns,,Credit Card Payable,10.00,"11,252.54"
,722 Advertising,06/05/2023,Expense,,vyne dental,,Credit Card Payable,43.48,"11,296.02"
,722 Advertising,06/05/2023,Expense,,Canva,,Credit Card Payable,12.99,"11,309.01"
,722 Advertising,06/07/2023,Expense,,Google,,Credit Card Payable,24.99,"11,334.00"
,722 Advertising,06/19/2023,Expense,,Google,,Credit Card Payable,2.16,"11,336.16"
,722 Advertising,06/26/2023,Expense,,Meta Platform,,Credit Card Payable,65.00,"11,401.16"
,722 Advertising,06/30/2023,Expense,,Nekter Juice Bar,,Credit Card Payable,108.28,"11,509.44"
,722 Advertising,07/05/2023,Expense,,Google,,Credit Card Payable,13.04,"11,522.48"
,722 Advertising,07/05/2023,Expense,,Canva,,Credit Card Payable,12.99,"11,535.47"
,722 Advertising,07/06/2023,Expense,,Google,,Credit Card Payable,58.70,"11,594.17"
,722 Advertising,07/07/2023,Expense,,Lighthouse,,Credit Card Payable,29.00,"11,623.17"
,722 Advertising,07/07/2023,Expense,,Lighthouse,,Credit Card Payable,378.67,"12,001.84"
,722 Advertising,07/10/2023,Expense,,optisigns,,Credit Card Payable,10.00,"12,011.84"
,722 Advertising,07/10/2023,Expense,,vyne dental,,Credit Card Payable,43.48,"12,055.32"
,722 Advertising,07/11/2023,Expense,,Jennifer B,,Credit Card Payable,"1,317.99","13,373.31"
,722 Advertising,07/17/2023,Expense,,Google,,Credit Card Payable,2.16,"13,375.47"
,722 Advertising,07/19/2023,Expense,,Smilestream,,Credit Card Payable,75.00,"13,450.47"
,722 Advertising,07/25/2023,Expense,,Google,,Credit Card Payable,13.04,"13,463.51"
,722 Advertising,07/25/2023,Expense,,Jennifer B,,Credit Card Payable,"1,317.98","14,781.49"
,722 Advertising,07/28/2023,Expense,,Smilestream,,Credit Card Payable,497.55,"15,279.04"
,722 Advertising,07/28/2023,Expense,,Smilestream,,Credit Card Payable,300.00,"15,579.04"
,722 Advertising,07/31/2023,Expense,,Canopy,,Credit Card Payable,179.48,"15,758.52"
,722 Advertising,08/02/2023,Expense,,Google,,Credit Card Payable,58.70,"15,817.22"
,722 Advertising,08/02/2023,Expense,,Lighthouse,,Credit Card Payable,29.00,"15,846.22"
,722 Advertising,08/02/2023,Expense,,Lighthouse,,Credit Card Payable,378.67,"16,224.89"
,722 Advertising,08/03/2023,Expense,,optisigns,,Credit Card Payable,21.91,"16,246.80"
,722 Advertising,08/04/2023,Expense,,vyne dental,,Credit Card Payable,43.48,"16,290.28"
,722 Advertising,08/04/2023,Expense,,Thrive Design/Greta,,Credit Card Payable,195.00,"16,485.28"
,722 Advertising,08/07/2023,Expense,,Canva,,Credit Card Payable,12.99,"16,498.27"
,722 Advertising,08/11/2023,Expense,,Jennifer B,,Credit Card Payable,"1,304.40","17,802.67"
,722 Advertising,08/11/2023,Expense,,Nothing Bundt Cakes,,Credit Card Payable,31.00,"17,833.67"
,722 Advertising,08/17/2023,Expense,,Google,,Credit Card Payable,2.16,"17,835.83"
,722 Advertising,08/17/2023,Expense,,Smilestream,,Credit Card Payable,330.00,"18,165.83"
,722 Advertising,08/21/2023,Expense,,Smilestream,,Credit Card Payable,250.00,"18,415.83"
,722 Advertising,08/23/2023,Expense,,Smilestream,,Credit Card Payable,300.00,"18,715.83"
,722 Advertising,08/25/2023,Expense,,Google,,Cash in BOA 0693,2.16,"18,717.99"
,722 Advertising,08/25/2023,Credit Card Credit,,Canva,,Credit Card Payable,-12.99,"18,705.00"
,722 Advertising,08/25/2023,Expense,,Google,,Credit Card Payable,13.04,"18,718.04"
,722 Advertising,08/25/2023,Expense,,Smilestream,,Credit Card Payable,300.00,"19,018.04"
,722 Advertising,08/28/2023,Expense,,Smilestream,,Credit Card Payable,537.47,"19,555.51"
,722 Advertising,09/04/2023,Expense,,optisigns,,Credit Card Payable,20.00,"19,575.51"
,722 Advertising,09/04/2023,Expense,,Lighthouse,,Credit Card Payable,29.00,"19,604.51"
,722 Advertising,09/04/2023,Expense,,Lighthouse,,Credit Card Payable,291.87,"19,896.38"
,722 Advertising,09/04/2023,Expense,,vyne dental,,Credit Card Payable,43.48,"19,939.86"
,722 Advertising,09/08/2023,Credit Card Credit,,Canva,,Credit Card Payable,-12.99,"19,926.87"
,722 Advertising,09/08/2023,Expense,,Canva,,Credit Card Payable,14.99,"19,941.86"
,722 Advertising,09/18/2023,Expense,,Google,,Credit Card Payable,2.16,"19,944.02"
,722 Advertising,09/25/2023,Expense,,Google,,Cash in BOA 0693,2.16,"19,946.18"
,722 Advertising,09/25/2023,Expense,,Google,,Credit Card Payable,13.04,"19,959.22"
,722 Advertising,10/02/2023,Expense,,Google,,Credit Card Payable,58.70,"20,017.92"
,722 Advertising,10/02/2023,Expense,,Lighthouse,,Credit Card Payable,29.00,"20,046.92"
,722 Advertising,10/02/2023,Expense,,Lighthouse,,Credit Card Payable,291.87,"20,338.79"
,722 Advertising,10/03/2023,Expense,,optisigns,,Credit Card Payable,20.00,"20,358.79"
,722 Advertising,10/04/2023,Expense,,vyne dental,,Credit Card Payable,43.48,"20,402.27"
,722 Advertising,10/06/2023,Expense,,Nothing Bundt Cakes,,Credit Card Payable,31.00,"20,433.27"
,722 Advertising,10/09/2023,Expense,,Centprint,,Credit Card Payable,19.56,"20,452.83"
,722 Advertising,10/10/2023,Expense,,Google,,Cash in BOA 0693,24.99,"20,477.82"
,722 Advertising,10/11/2023,Expense,,Parks Foundation of Clark co,,Credit Card Payable,100.00,"20,577.82"
,722 Advertising,10/17/2023,Expense,,Google,,Credit Card Payable,2.16,"20,579.98"
,722 Advertising,10/17/2023,Expense,,Second Story,,Credit Card Payable,"1,504.26","22,084.24"
,722 Advertising,10/19/2023,Expense,,Second Story,,Credit Card Payable,767.01,"22,851.25"
,722 Advertising,10/19/2023,Expense,,Second Story,,Credit Card Payable,770.87,"23,622.12"
,722 Advertising,10/25/2023,Expense,,Google,,Cash in BOA 0693,2.16,"23,624.28"
,722 Advertising,10/25/2023,Expense,,Google,,Credit Card Payable,13.04,"23,637.32"
,722 Advertising,11/02/2023,Expense,,Lighthouse,,Credit Card Payable,291.87,"23,929.19"
,722 Advertising,11/02/2023,Expense,,Lighthouse,,Credit Card Payable,29.00,"23,958.19"
,722 Advertising,11/03/2023,Expense,,optisigns,,Credit Card Payable,20.00,"23,978.19"
,722 Advertising,11/06/2023,Expense,,vyne dental,,Credit Card Payable,43.48,"24,021.67"
,722 Advertising,11/07/2023,Expense,,YouTube,,Cash in BOA 0693,24.99,"24,046.66"
,722 Advertising,11/17/2023,Expense,,Google,,Credit Card Payable,2.16,"24,048.82"
,722 Advertising,11/27/2023,Expense,,Google,,Cash in BOA 0693,2.16,"24,050.98"
,722 Advertising,11/27/2023,Expense,,Google,,Credit Card Payable,16.31,"24,067.29"
,722 Advertising,12/04/2023,Expense,,Lighthouse,,Credit Card Payable,291.87,"24,359.16"
,722 Advertising,12/04/2023,Expense,,Lighthouse,,Credit Card Payable,29.00,"24,388.16"
,722 Advertising,12/04/2023,Expense,,optisigns,,Credit Card Payable,20.00,"24,408.16"
,722 Advertising,12/06/2023,Expense,,vyne dental,,Credit Card Payable,43.48,"24,451.64"
,722 Advertising,12/07/2023,Expense,,Google,,Cash in BOA 0693,24.99,"24,476.63"
,722 Advertising,12/08/2023,Expense,,Centprint,,Credit Card Payable,19.56,"24,496.19"
,722 Advertising,12/12/2023,Expense,,Leukemia & Lymphoma,,Credit Card Payable,100.00,"24,596.19"
,722 Advertising,12/15/2023,Expense,,Godaddy.com,,Cash in BOA 0693,32.54,"24,628.73"
,722 Advertising,12/18/2023,Expense,,Lighthouse,,Credit Card Payable,255.61,"24,884.34"
,722 Advertising,12/26/2023,Expense,,Google,,Cash in BOA 0693,2.16,"24,886.50"
,722 Advertising,12/26/2023,Expense,,Meta Platform,,Cash in BOA 0693,100.00,"24,986.50"
,722 Advertising,12/26/2023,Expense,,Google,,Credit Card Payable,16.31,"25,002.81"
Total for 722 Advertising,,,,,,,,"$25,002.81",
710 Office Supplies,,,,,,,,,
,710 Office Supplies,01/02/2023,Credit Card Expense,,DropBox,,Credit Card Payable,13.01,13.01
,710 Office Supplies,01/03/2023,Expense,,Transfer Fee,,Cash in BOA 0693,1.00,14.01
,710 Office Supplies,01/03/2023,Credit Card Expense,,Amazon,,Credit Card Payable,1.37,15.38
,710 Office Supplies,01/05/2023,Credit Card Expense,,Amazon,,Credit Card Payable,10.85,26.23
,710 Office Supplies,01/05/2023,Credit Card Expense,,Amazon,,Credit Card Payable,147.67,173.90
,710 Office Supplies,01/06/2023,Expense,,Transfer Fee,,Cash in BOA 0693,1.00,174.90
,710 Office Supplies,01/06/2023,Credit Card Expense,,Shred NW,,Credit Card Payable,59.73,234.63
,710 Office Supplies,01/09/2023,Expense,,prime video,,Credit Card Payable,194.39,429.02
,710 Office Supplies,01/09/2023,Expense,,Tom Fuller PS,,Credit Card Payable,140.00,569.02
,710 Office Supplies,01/09/2023,Expense,,Amazon,,Credit Card Payable,17.78,586.80
,710 Office Supplies,01/09/2023,Expense,,Amazon,,Credit Card Payable,15.18,601.98
,710 Office Supplies,01/09/2023,Expense,,Apple,,Credit Card Payable,9.99,611.97
,710 Office Supplies,01/09/2023,Expense,,Wal-Mart,,Credit Card Payable,53.57,665.54
,710 Office Supplies,01/09/2023,Expense,,Costco,,Credit Card Payable,29.31,694.85
,710 Office Supplies,01/10/2023,Expense,,Amazon,,Credit Card Payable,49.61,744.46
,710 Office Supplies,01/11/2023,Expense,,GoTo Connect,,Credit Card Payable,444.83,"1,189.29"
,710 Office Supplies,01/12/2023,Expense,,Apple,,Credit Card Payable,27.14,"1,216.43"
,710 Office Supplies,01/16/2023,Expense,,Amazon,,Credit Card Payable,60.75,"1,277.18"
,710 Office Supplies,01/16/2023,Expense,,Amazon,,Credit Card Payable,10.85,"1,288.03"
,710 Office Supplies,01/16/2023,Expense,,Amazon,,Credit Card Payable,21.71,"1,309.74"
,710 Office Supplies,01/16/2023,Expense,,Amazon,,Credit Card Payable,26.60,"1,336.34"
,710 Office Supplies,01/16/2023,Expense,,Amazon,,Credit Card Payable,3.79,"1,340.13"
,710 Office Supplies,01/16/2023,Expense,,Netflix,,Credit Card Payable,21.71,"1,361.84"
,710 Office Supplies,01/16/2023,Expense,,prime video,,Credit Card Payable,11.94,"1,373.78"
,710 Office Supplies,01/16/2023,Expense,,prime video,,Credit Card Payable,9.76,"1,383.54"
,710 Office Supplies,01/17/2023,Expense,,Transfer Fee,,Cash in BOA 0693,1.00,"1,384.54"
,710 Office Supplies,01/17/2023,Expense,,Amazon,,Credit Card Payable,255.88,"1,640.42"
,710 Office Supplies,01/20/2023,Credit Card Credit,,prime video,,Credit Card Payable,-9.76,"1,630.66"
,710 Office Supplies,01/23/2023,Expense,,Transfer Fee,,Cash in BOA 0693,1.00,"1,631.66"
,710 Office Supplies,01/23/2023,Expense,,USPS,,Credit Card Payable,122.10,"1,753.76"
,710 Office Supplies,01/23/2023,Expense,,Amazon,,Credit Card Payable,23.26,"1,777.02"
,710 Office Supplies,01/23/2023,Expense,,Amazon,,Credit Card Payable,14.65,"1,791.67"
,710 Office Supplies,01/23/2023,Expense,,Amazon,,Credit Card Payable,309.84,"2,101.51"
,710 Office Supplies,01/23/2023,Expense,,Amazon,,Credit Card Payable,10.85,"2,112.36"
,710 Office Supplies,01/23/2023,Expense,,Amazon,,Credit Card Payable,43.17,"2,155.53"
,710 Office Supplies,01/23/2023,Expense,,Adobe,,Credit Card Payable,10.85,"2,166.38"
,710 Office Supplies,01/23/2023,Expense,,Apple,,Credit Card Payable,16.28,"2,182.66"
,710 Office Supplies,01/25/2023,Expense,,Amazon,,Credit Card Payable,8.63,"2,191.29"
,710 Office Supplies,01/25/2023,Expense,,Apple,,Credit Card Payable,5.42,"2,196.71"
,710 Office Supplies,01/25/2023,Expense,,Apple,,Credit Card Payable,5.42,"2,202.13"
,710 Office Supplies,01/26/2023,Expense,,Amazon,,Credit Card Payable,5.42,"2,207.55"
,710 Office Supplies,01/30/2023,Expense,,Birdeye.com,,Credit Card Payable,369.24,"2,576.79"
,710 Office Supplies,01/30/2023,Expense,,Shred NW,,Credit Card Payable,59.73,"2,636.52"
,710 Office Supplies,01/30/2023,Expense,,Clear Checks,,Credit Card Payable,24.99,"2,661.51"
,710 Office Supplies,01/30/2023,Expense,,Amazon,,Credit Card Payable,26.60,"2,688.11"
,710 Office Supplies,01/30/2023,Expense,,Amazon,,Credit Card Payable,166.56,"2,854.67"
,710 Office Supplies,01/30/2023,Expense,,Apple,,Credit Card Payable,10.85,"2,865.52"
,710 Office Supplies,01/30/2023,Expense,,Netflix,,Credit Card Payable,21.71,"2,887.23"
,710 Office Supplies,01/30/2023,Expense,,Spotify,,Credit Card Payable,17.37,"2,904.60"
,710 Office Supplies,01/30/2023,Expense,,UPrinting,,Credit Card Payable,643.14,"3,547.74"
,710 Office Supplies,01/30/2023,Expense,,Tom Fuller PS,,Credit Card Payable,140.00,"3,687.74"
,710 Office Supplies,01/31/2023,Expense,,Analysis Charge,,Riverview Checking 6958,89.95,"3,777.69"
,710 Office Supplies,01/31/2023,Expense,,Federal Withholding,,Cash in BOA 0716,0.26,"3,777.95"
,710 Office Supplies,01/31/2023,Expense,,Account Fee,,Riverview Savings 3304,5.00,"3,782.95"
,710 Office Supplies,01/31/2023,Expense,,Apple,,Credit Card Payable,9.76,"3,792.71"
,710 Office Supplies,02/01/2023,Expense,,Transfer Fee,,Cash in BOA 0693,1.00,"3,793.71"
,710 Office Supplies,02/01/2023,Expense,,Amazon,,Credit Card Payable,34.69,"3,828.40"
,710 Office Supplies,02/01/2023,Expense,,Fred Meyer,,Credit Card Payable,16.04,"3,844.44"
,710 Office Supplies,02/02/2023,Expense,,Target,,Credit Card Payable,71.42,"3,915.86"
,710 Office Supplies,02/02/2023,Expense,,DropBox,,Credit Card Payable,13.02,"3,928.88"
,710 Office Supplies,02/03/2023,Expense,,Amazon,,Credit Card Payable,1.39,"3,930.27"
,710 Office Supplies,02/06/2023,Expense,,Transfer Fee,,Cash in BOA 0693,1.00,"3,931.27"
,710 Office Supplies,02/06/2023,Expense,,Amazon,,Credit Card Payable,44.02,"3,975.29"
,710 Office Supplies,02/06/2023,Expense,,Amazon,,Credit Card Payable,215.71,"4,191.00"
,710 Office Supplies,02/06/2023,Expense,,Amazon,,Credit Card Payable,10.85,"4,201.85"
,710 Office Supplies,02/07/2023,Expense,,Apple,,Credit Card Payable,5.42,"4,207.27"
,710 Office Supplies,02/08/2023,Expense,,Apple,,Credit Card Payable,11.94,"4,219.21"
,710 Office Supplies,02/09/2023,Expense,,Apple,,Credit Card Payable,9.99,"4,229.20"
,710 Office Supplies,02/10/2023,Expense,,Apple,,Credit Card Payable,5.42,"4,234.62"
,710 Office Supplies,02/13/2023,Expense,,Amazon,,Credit Card Payable,58.64,"4,293.26"
,710 Office Supplies,02/13/2023,Expense,,Amazon,,Credit Card Payable,105.78,"4,399.04"
,710 Office Supplies,02/13/2023,Expense,,Amazon,,Credit Card Payable,21.70,"4,420.74"
,710 Office Supplies,02/13/2023,Expense,,Costco,,Credit Card Payable,71.30,"4,492.04"
,710 Office Supplies,02/13/2023,Expense,,GoTo Connect,,Credit Card Payable,444.83,"4,936.87"
,710 Office Supplies,02/16/2023,Expense,,Transfer Fee,,Cash in BOA 0693,1.00,"4,937.87"
,710 Office Supplies,02/16/2023,Expense,,Amazon,,Credit Card Payable,53.15,"4,991.02"
,710 Office Supplies,02/16/2023,Expense,,Netflix,,Credit Card Payable,21.71,"5,012.73"
,710 Office Supplies,02/20/2023,Expense,,Amazon,,Credit Card Payable,22.79,"5,035.52"
,710 Office Supplies,02/20/2023,Expense,,Amazon,,Credit Card Payable,103.89,"5,139.41"
,710 Office Supplies,02/21/2023,Expense,,Transfer Fee,,Cash in BOA 0693,1.00,"5,140.41"
,710 Office Supplies,02/21/2023,Expense,,Adobe,,Credit Card Payable,10.85,"5,151.26"
,710 Office Supplies,02/27/2023,Expense,,Shred NW,,Credit Card Payable,59.73,"5,210.99"
,710 Office Supplies,02/27/2023,Expense,,Amazon,,Credit Card Payable,25.57,"5,236.56"
,710 Office Supplies,02/27/2023,Expense,,Apple,,Credit Card Payable,5.42,"5,241.98"
,710 Office Supplies,02/27/2023,Expense,,Amazon,,Credit Card Payable,5.42,"5,247.40"
,710 Office Supplies,02/28/2023,Expense,,Analysis Charge,,Riverview Checking 6958,90.21,"5,337.61"
,710 Office Supplies,02/28/2023,Expense,,Federal Withholding,,Cash in BOA 0716,0.23,"5,337.84"
,710 Office Supplies,02/28/2023,Expense,,Account Fee,,Riverview Savings 3304,5.00,"5,342.84"
,710 Office Supplies,02/28/2023,Expense,,Birdeye.com,,Credit Card Payable,369.24,"5,712.08"
,710 Office Supplies,02/28/2023,Expense,,Fred Meyer,,Credit Card Payable,25.74,"5,737.82"
,710 Office Supplies,02/28/2023,Expense,,Safeway,,Credit Card Payable,42.54,"5,780.36"
,710 Office Supplies,02/28/2023,Expense,,Netflix,,Credit Card Payable,21.71,"5,802.07"
,710 Office Supplies,03/01/2023,Expense,,Spotify,,Credit Card Payable,17.37,"5,819.44"
,710 Office Supplies,03/02/2023,Expense,,Federal Express,,Credit Card Payable,18.52,"5,837.96"
,710 Office Supplies,03/02/2023,Expense,,Apple,,Credit Card Payable,10.85,"5,848.81"
,710 Office Supplies,03/02/2023,Expense,,Apple,,Credit Card Payable,9.76,"5,858.57"
,710 Office Supplies,03/02/2023,Expense,,DropBox,,Credit Card Payable,13.02,"5,871.59"
,710 Office Supplies,03/03/2023,Expense,,Transfer Fee,,Cash in BOA 0693,1.00,"5,872.59"
,710 Office Supplies,03/03/2023,Expense,,Amazon,,Credit Card Payable,1.39,"5,873.98"
,710 Office Supplies,03/06/2023,Expense,,Amazon,,Credit Card Payable,38.22,"5,912.20"
,710 Office Supplies,03/06/2023,Expense,,Amazon,,Credit Card Payable,85.80,"5,998.00"
,710 Office Supplies,03/06/2023,Expense,,Amazon,,Credit Card Payable,22.79,"6,020.79"
,710 Office Supplies,03/07/2023,Expense,,Transfer Fee,,Cash in BOA 0693,1.00,"6,021.79"
,710 Office Supplies,03/07/2023,Expense,,Amazon,,Credit Card Payable,164.81,"6,186.60"
,710 Office Supplies,03/07/2023,Expense,,Apple,,Credit Card Payable,7.59,"6,194.19"
,710 Office Supplies,03/08/2023,Expense,,Dollar Tree,,Credit Card Payable,16.05,"6,210.24"
,710 Office Supplies,03/08/2023,Expense,,Apple,,Credit Card Payable,11.94,"6,222.18"
,710 Office Supplies,03/09/2023,Expense,,Amazon,,Credit Card Payable,19.49,"6,241.67"
,710 Office Supplies,03/09/2023,Expense,,Apple,,Credit Card Payable,9.99,"6,251.66"
,710 Office Supplies,03/10/2023,Expense,,Dollar Tree,,Credit Card Payable,28.19,"6,279.85"
,710 Office Supplies,03/10/2023,Expense,,Apple,,Credit Card Payable,5.42,"6,285.27"
,710 Office Supplies,03/10/2023,Expense,,Netflix,,Credit Card Payable,21.71,"6,306.98"
,710 Office Supplies,03/13/2023,Expense,,Amazon,,Credit Card Payable,35.51,"6,342.49"
,710 Office Supplies,03/13/2023,Expense,,GoTo Connect,,Credit Card Payable,444.83,"6,787.32"
,710 Office Supplies,03/14/2023,Expense,,Amazon,,Credit Card Payable,131.61,"6,918.93"
,710 Office Supplies,03/16/2023,Expense,,Netflix,,Credit Card Payable,21.71,"6,940.64"
,710 Office Supplies,03/17/2023,Expense,,USPS,,Credit Card Payable,128.20,"7,068.84"
,710 Office Supplies,03/20/2023,Expense,,Transfer Fee,,Cash in BOA 0693,1.00,"7,069.84"
,710 Office Supplies,03/20/2023,Expense,,Amazon,,Credit Card Payable,81.46,"7,151.30"
,710 Office Supplies,03/20/2023,Expense,,Amazon,,Credit Card Payable,18.95,"7,170.25"
,710 Office Supplies,03/20/2023,Expense,,Amazon,,Credit Card Payable,22.79,"7,193.04"
,710 Office Supplies,03/20/2023,Expense,,Amazon,,Credit Card Payable,64.11,"7,257.15"
,710 Office Supplies,03/20/2023,Expense,,Amazon,,Credit Card Payable,33.66,"7,290.81"
,710 Office Supplies,03/20/2023,Expense,,QDF,,Credit Card Payable,122.21,"7,413.02"
,710 Office Supplies,03/21/2023,Expense,,Adobe,,Credit Card Payable,10.85,"7,423.87"
,710 Office Supplies,03/22/2023,Expense,,Transfer Fee,,Cash in BOA 0693,1.00,"7,424.87"
,710 Office Supplies,03/23/2023,Expense,,Target,,Credit Card Payable,75.93,"7,500.80"
,710 Office Supplies,03/27/2023,Expense,,Shred NW,,Credit Card Payable,59.73,"7,560.53"
,710 Office Supplies,03/27/2023,Expense,,Amazon,,Credit Card Payable,230.49,"7,791.02"
,710 Office Supplies,03/27/2023,Expense,,Amazon,,Credit Card Payable,34.73,"7,825.75"
,710 Office Supplies,03/27/2023,Expense,,Amazon,,Credit Card Payable,33.66,"7,859.41"
,710 Office Supplies,03/27/2023,Expense,,Costco,,Credit Card Payable,91.20,"7,950.61"
,710 Office Supplies,03/27/2023,Expense,,Costco,,Credit Card Payable,29.31,"7,979.92"
,710 Office Supplies,03/27/2023,Expense,,Amazon,,Credit Card Payable,5.42,"7,985.34"
,710 Office Supplies,03/28/2023,Expense,,Birdeye.com,,Credit Card Payable,369.24,"8,354.58"
,710 Office Supplies,03/28/2023,Expense,,Amazon,,Credit Card Payable,45.11,"8,399.69"
,710 Office Supplies,03/28/2023,Expense,,Wal-Mart,,Credit Card Payable,36.02,"8,435.71"
,710 Office Supplies,03/28/2023,Expense,,Netflix,,Credit Card Payable,21.71,"8,457.42"
,710 Office Supplies,03/29/2023,Expense,,Spotify,,Credit Card Payable,17.37,"8,474.79"
,710 Office Supplies,03/31/2023,Expense,,Analysis Charge,,Riverview Checking 6958,94.76,"8,569.55"
,710 Office Supplies,03/31/2023,Expense,,Federal Withholding,,Cash in BOA 0716,0.26,"8,569.81"
,710 Office Supplies,03/31/2023,Expense,,Account Fee,,Riverview Savings 3304,5.00,"8,574.81"
,710 Office Supplies,03/31/2023,Expense,,Fred Meyer,,Credit Card Payable,44.17,"8,618.98"
,710 Office Supplies,04/03/2023,Expense,,Transfer Fee,,Cash in BOA 0693,1.00,"8,619.98"
,710 Office Supplies,04/03/2023,Expense,,Amazon,,Credit Card Payable,1.41,"8,621.39"
,710 Office Supplies,04/03/2023,Expense,,DropBox,,Credit Card Payable,13.02,"8,634.41"
,710 Office Supplies,04/06/2023,Expense,,Transfer Fee,,Cash in BOA 0693,1.00,"8,635.41"
,710 Office Supplies,04/06/2023,Expense,,Costco,,Credit Card Payable,79.98,"8,715.39"
,710 Office Supplies,04/06/2023,Expense,,Apple,,Credit Card Payable,9.99,"8,725.38"
,710 Office Supplies,04/08/2023,Expense,,Amazon,,Credit Card Payable,205.41,"8,930.79"
,710 Office Supplies,04/08/2023,Expense,,Amazon,,Credit Card Payable,379.46,"9,310.25"
,710 Office Supplies,04/09/2023,Expense,,Netflix,,Credit Card Payable,21.73,"9,331.98"
,710 Office Supplies,04/10/2023,Expense,,GoTo Connect,,Credit Card Payable,443.52,"9,775.50"
,710 Office Supplies,04/12/2023,Expense,,Tom Fuller PS,,Credit Card Payable,140.00,"9,915.50"
,710 Office Supplies,04/12/2023,Expense,,Amazon,,Credit Card Payable,22.77,"9,938.27"
,710 Office Supplies,04/12/2023,Expense,,Amazon,,Credit Card Payable,43.47,"9,981.74"
,710 Office Supplies,04/13/2023,Expense,,The UPS Store,,Credit Card Payable,160.56,"10,142.30"
,710 Office Supplies,04/13/2023,Expense,,Amazon,,Credit Card Payable,344.69,"10,486.99"
,710 Office Supplies,04/14/2023,Expense,,Amazon,,Credit Card Payable,10.86,"10,497.85"
,710 Office Supplies,04/15/2023,Expense,,Netflix,,Credit Card Payable,21.73,"10,519.58"
,710 Office Supplies,04/17/2023,Expense,,Transfer Fee,,Cash in BOA 0693,1.00,"10,520.58"
,710 Office Supplies,04/20/2023,Expense,,Shred NW,,Credit Card Payable,59.79,"10,580.37"
,710 Office Supplies,04/20/2023,Expense,,USPS,,Credit Card Payable,5.02,"10,585.39"
,710 Office Supplies,04/20/2023,Expense,,Adobe,,Credit Card Payable,10.86,"10,596.25"
,710 Office Supplies,04/21/2023,Expense,,Transfer Fee,,Cash in BOA 0693,1.00,"10,597.25"
,710 Office Supplies,04/21/2023,Expense,,Amazon,,Credit Card Payable,11.95,"10,609.20"
,710 Office Supplies,04/21/2023,Expense,,Costco,,Credit Card Payable,41.99,"10,651.19"
,710 Office Supplies,04/22/2023,Expense,,Amazon,,Credit Card Payable,175.58,"10,826.77"
,710 Office Supplies,04/22/2023,Expense,,Amazon,,Credit Card Payable,10.86,"10,837.63"
,710 Office Supplies,04/24/2023,Expense,,Federal Express,,Credit Card Payable,11.30,"10,848.93"
,710 Office Supplies,04/25/2023,Expense,,Amazon,,Credit Card Payable,5.42,"10,854.35"
,710 Office Supplies,04/25/2023,Expense,,Apple,,Credit Card Payable,10.86,"10,865.21"
,710 Office Supplies,04/27/2023,Expense,,,,Riverview Checking 6958,35.00,"10,900.21"
,710 Office Supplies,04/27/2023,Expense,,Birdeye.com,,Credit Card Payable,369.58,"11,269.79"
,710 Office Supplies,04/27/2023,Expense,,Dollar Tree,,Credit Card Payable,2.72,"11,272.51"
,710 Office Supplies,04/27/2023,Expense,,Safeway,,Credit Card Payable,18.44,"11,290.95"
,710 Office Supplies,04/27/2023,Expense,,Netflix,,Credit Card Payable,21.73,"11,312.68"
,710 Office Supplies,04/27/2023,Expense,,Spotify,,Credit Card Payable,17.38,"11,330.06"
,710 Office Supplies,04/28/2023,Expense,,Federal Withholding,,Cash in BOA 0716,0.34,"11,330.40"
,710 Office Supplies,04/28/2023,Expense,,Safeway,,Credit Card Payable,63.60,"11,394.00"
,710 Office Supplies,04/28/2023,Expense,,Amazon,,Credit Card Payable,61.43,"11,455.43"
,710 Office Supplies,04/28/2023,Expense,,Amazon,,Credit Card Payable,11.95,"11,467.38"
,710 Office Supplies,04/28/2023,Expense,,Amazon,,Credit Card Payable,39.72,"11,507.10"
,710 Office Supplies,04/28/2023,Expense,,Amazon,,Credit Card Payable,10.86,"11,517.96"
,710 Office Supplies,04/29/2023,Expense,,Safeway,,Credit Card Payable,68.77,"11,586.73"
,710 Office Supplies,04/29/2023,Credit Card Credit,,Safeway,,Credit Card Payable,-63.60,"11,523.13"
,710 Office Supplies,04/30/2023,Expense,,Analysis Charge,,Riverview Checking 6958,89.90,"11,613.03"
,710 Office Supplies,04/30/2023,Expense,,Account Fee,,Riverview Savings 3304,5.00,"11,618.03"
,710 Office Supplies,05/01/2023,Expense,,DropBox,,Credit Card Payable,13.03,"11,631.06"
,710 Office Supplies,05/02/2023,Expense,,Transfer Fee,,Cash in BOA 0693,1.00,"11,632.06"
,710 Office Supplies,05/02/2023,Expense,,Amazon,,Credit Card Payable,1.42,"11,633.48"
,710 Office Supplies,05/02/2023,Expense,,USPS,,Credit Card Payable,26.75,"11,660.23"
,710 Office Supplies,05/02/2023,Expense,,Amazon,,Credit Card Payable,22.83,"11,683.06"
,710 Office Supplies,05/04/2023,Expense,,Federal Express,,Credit Card Payable,7.15,"11,690.21"
,710 Office Supplies,05/04/2023,Expense,,Target,,Credit Card Payable,97.11,"11,787.32"
,710 Office Supplies,05/04/2023,Expense,,Signazon Com,,Credit Card Payable,189.74,"11,977.06"
,710 Office Supplies,05/08/2023,Expense,,Transfer Fee,,Cash in BOA 0693,1.00,"11,978.06"
,710 Office Supplies,05/08/2023,Expense,,Amazon,,Credit Card Payable,86.46,"12,064.52"
,710 Office Supplies,05/08/2023,Expense,,Amazon,,Credit Card Payable,10.82,"12,075.34"
,710 Office Supplies,05/08/2023,Expense,,Amazon,,Credit Card Payable,21.18,"12,096.52"
,710 Office Supplies,05/08/2023,Expense,,Apple,,Credit Card Payable,9.99,"12,106.51"
,710 Office Supplies,05/09/2023,Expense,,Amazon,,Credit Card Payable,20.18,"12,126.69"
,710 Office Supplies,05/10/2023,Expense,,Netflix,,Credit Card Payable,21.73,"12,148.42"
,710 Office Supplies,05/11/2023,Expense,,GoTo Connect,,Credit Card Payable,443.52,"12,591.94"
,710 Office Supplies,05/11/2023,Expense,,Amazon,,Credit Card Payable,18.47,"12,610.41"
,710 Office Supplies,05/12/2023,Expense,,USPS,,Credit Card Payable,65.20,"12,675.61"
,710 Office Supplies,05/12/2023,Expense,,Uline,,Credit Card Payable,456.00,"13,131.61"
,710 Office Supplies,05/15/2023,Expense,,Amazon,,Credit Card Payable,41.30,"13,172.91"
,710 Office Supplies,05/16/2023,Expense,,Costco,,Credit Card Payable,58.68,"13,231.59"
,710 Office Supplies,05/16/2023,Expense,,Netflix,,Credit Card Payable,21.73,"13,253.32"
,710 Office Supplies,05/17/2023,Expense,,Transfer Fee,,Cash in BOA 0693,1.00,"13,254.32"
,710 Office Supplies,05/19/2023,Expense,,Amazon,,Credit Card Payable,151.09,"13,405.41"
,710 Office Supplies,05/22/2023,Expense,,Transfer Fee,,Cash in BOA 0693,1.00,"13,406.41"
,710 Office Supplies,05/22/2023,Expense,,Amazon,,Credit Card Payable,25.86,"13,432.27"
,710 Office Supplies,05/22/2023,Expense,,Amazon,,Credit Card Payable,22.81,"13,455.08"
,710 Office Supplies,05/22/2023,Expense,,Amazon,,Credit Card Payable,18.47,"13,473.55"
,710 Office Supplies,05/22/2023,Expense,,Adobe,,Credit Card Payable,10.86,"13,484.41"
,710 Office Supplies,05/22/2023,Expense,,Safeway,,Credit Card Payable,860.40,"14,344.81"
,710 Office Supplies,05/23/2023,Expense,,Clear Checks,,Credit Card Payable,34.98,"14,379.79"
,710 Office Supplies,05/23/2023,Expense,,Clear Checks,,Credit Card Payable,24.99,"14,404.78"
,710 Office Supplies,05/23/2023,Expense,,Amazon,,Credit Card Payable,25.00,"14,429.78"
,710 Office Supplies,05/23/2023,Expense,,Amazon,,Credit Card Payable,31.51,"14,461.29"
,710 Office Supplies,05/23/2023,Expense,,Fred Meyer,,Credit Card Payable,33.80,"14,495.09"
,710 Office Supplies,05/24/2023,Expense,,USPS,,Credit Card Payable,28.75,"14,523.84"
,710 Office Supplies,05/24/2023,Expense,,Uline,,Credit Card Payable,102.41,"14,626.25"
,710 Office Supplies,05/25/2023,Expense,,Fred Meyer,,Credit Card Payable,25.56,"14,651.81"
,710 Office Supplies,05/26/2023,Expense,,Federal Express,,Credit Card Payable,11.41,"14,663.22"
,710 Office Supplies,05/26/2023,Expense,,Clear Checks,,Credit Card Payable,24.99,"14,688.21"
,710 Office Supplies,05/26/2023,Expense,,Amazon,,Credit Card Payable,5.42,"14,693.63"
,710 Office Supplies,05/29/2023,Expense,,Birdeye.com,,Credit Card Payable,271.75,"14,965.38"
,710 Office Supplies,05/29/2023,Expense,,Netflix,,Credit Card Payable,21.73,"14,987.11"
,710 Office Supplies,05/29/2023,Expense,,Spotify,,Credit Card Payable,17.38,"15,004.49"
,710 Office Supplies,05/31/2023,Expense,,Federal Withholding,,Cash in BOA 0716,0.36,"15,004.85"
,710 Office Supplies,05/31/2023,Expense,,Amazon,,Credit Card Payable,4.59,"15,009.44"
,710 Office Supplies,05/31/2023,Expense,,Amazon,,Credit Card Payable,70.61,"15,080.05"
,710 Office Supplies,06/01/2023,Expense,,Transfer Fee,,Cash in BOA 0693,1.00,"15,081.05"
,710 Office Supplies,06/01/2023,Expense,,Amazon,,Credit Card Payable,43.47,"15,124.52"
,710 Office Supplies,06/02/2023,Credit Card Credit,,Amazon,,Credit Card Payable,-25.00,"15,099.52"
,710 Office Supplies,06/02/2023,Expense,,Amazon,,Credit Card Payable,9.77,"15,109.29"
,710 Office Supplies,06/02/2023,Expense,,Amazon,,Credit Card Payable,7.55,"15,116.84"
,710 Office Supplies,06/02/2023,Expense,,Amazon,,Credit Card Payable,49.35,"15,166.19"
,710 Office Supplies,06/05/2023,Expense,,Transfer Fee,,Cash in BOA 0693,1.00,"15,167.19"
,710 Office Supplies,06/05/2023,Expense,,Amazon,,Credit Card Payable,1.43,"15,168.62"
,710 Office Supplies,06/05/2023,Expense,,Amazon,,Credit Card Payable,11.88,"15,180.50"
,710 Office Supplies,06/05/2023,Expense,,Amazon,,Credit Card Payable,32.99,"15,213.49"
,710 Office Supplies,06/05/2023,Expense,,Amazon,,Credit Card Payable,63.82,"15,277.31"
,710 Office Supplies,06/05/2023,Expense,,Amazon,,Credit Card Payable,13.03,"15,290.34"
,710 Office Supplies,06/05/2023,Expense,,Apple,,Credit Card Payable,21.73,"15,312.07"
,710 Office Supplies,06/05/2023,Expense,,Wal-Mart,,Credit Card Payable,29.62,"15,341.69"
,710 Office Supplies,06/05/2023,Expense,,Wal-Mart,,Credit Card Payable,15.20,"15,356.89"
,710 Office Supplies,06/05/2023,Expense,,Wal-Mart,,Credit Card Payable,2.00,"15,358.89"
,710 Office Supplies,06/05/2023,Expense,,DropBox,,Credit Card Payable,13.03,"15,371.92"
,710 Office Supplies,06/06/2023,Expense,,Amazon,,Credit Card Payable,206.52,"15,578.44"
,710 Office Supplies,06/06/2023,Expense,,Amazon,,Credit Card Payable,124.99,"15,703.43"
,710 Office Supplies,06/07/2023,Deposit,,Wealthfront,,Summit Checking 5809,-0.23,"15,703.20"
,710 Office Supplies,06/07/2023,Deposit,,Wealthfront,,Summit Checking 5809,-0.37,"15,702.83"
,710 Office Supplies,06/07/2023,Expense,,Wealthfront,,Summit Checking 5809,0.60,"15,703.43"
,710 Office Supplies,06/07/2023,Expense,,Amazon,,Credit Card Payable,20.64,"15,724.07"
,710 Office Supplies,06/07/2023,Expense,,Apple,,Credit Card Payable,9.99,"15,734.06"
,710 Office Supplies,06/08/2023,Expense,,Amazon,,Credit Card Payable,32.60,"15,766.66"
,710 Office Supplies,06/09/2023,Expense,,Amazon,,Credit Card Payable,18.56,"15,785.22"
,710 Office Supplies,06/09/2023,Expense,,Target,,Credit Card Payable,79.60,"15,864.82"
,710 Office Supplies,06/12/2023,Expense,,GoTo Connect,,Credit Card Payable,331.85,"16,196.67"
,710 Office Supplies,06/12/2023,Expense,,Amazon,,Credit Card Payable,244.79,"16,441.46"
,710 Office Supplies,06/12/2023,Expense,,Amazon,,Credit Card Payable,41.81,"16,483.27"
,710 Office Supplies,06/12/2023,Expense,,Netflix,,Credit Card Payable,21.73,"16,505.00"
,710 Office Supplies,06/15/2023,Expense,,Apple,,Credit Card Payable,7.60,"16,512.60"
,710 Office Supplies,06/16/2023,Expense,,Transfer Fee,,Cash in BOA 0693,1.00,"16,513.60"
,710 Office Supplies,06/16/2023,Expense,,Wal-Mart,,Credit Card Payable,195.65,"16,709.25"
,710 Office Supplies,06/16/2023,Expense,,Wal-Mart,,Credit Card Payable,32.38,"16,741.63"
,710 Office Supplies,06/16/2023,Expense,,Netflix,,Credit Card Payable,21.73,"16,763.36"
,710 Office Supplies,06/16/2023,Expense,,Pottery Barn,,Credit Card Payable,128.27,"16,891.63"
,710 Office Supplies,06/16/2023,Expense,,Pottery Barn,,Credit Card Payable,279.36,"17,170.99"
,710 Office Supplies,06/19/2023,Expense,,Federal Express,,Credit Card Payable,44.50,"17,215.49"
,710 Office Supplies,06/19/2023,Expense,,Amazon,,Credit Card Payable,33.66,"17,249.15"
,710 Office Supplies,06/19/2023,Expense,,Amazon,,Credit Card Payable,17.37,"17,266.52"
,710 Office Supplies,06/19/2023,Expense,,Amazon,,Credit Card Payable,12.22,"17,278.74"
,710 Office Supplies,06/19/2023,Expense,,Pottery Barn,,Credit Card Payable,47.81,"17,326.55"
,710 Office Supplies,06/20/2023,Expense,,Transfer Fee,,Cash in BOA 0693,1.00,"17,327.55"
,710 Office Supplies,06/20/2023,Expense,,Amazon,,Credit Card Payable,78.16,"17,405.71"
,710 Office Supplies,06/21/2023,Expense,,Amazon,,Credit Card Payable,115.08,"17,520.79"
,710 Office Supplies,06/22/2023,Expense,,Amazon,,Credit Card Payable,28.25,"17,549.04"
,710 Office Supplies,06/23/2023,Expense,,Fred Meyer,,Credit Card Payable,46.31,"17,595.35"
,710 Office Supplies,06/26/2023,Expense,,Amazon,,Credit Card Payable,32.25,"17,627.60"
,710 Office Supplies,06/26/2023,Expense,,Amazon,,Credit Card Payable,43.47,"17,671.07"
,710 Office Supplies,06/26/2023,Expense,,Fred Meyer,,Credit Card Payable,16.76,"17,687.83"
,710 Office Supplies,06/28/2023,Expense,,PBHS,,Credit Card Payable,10.00,"17,697.83"
,710 Office Supplies,06/28/2023,Expense,,Wal-Mart,,Credit Card Payable,55.48,"17,753.31"
,710 Office Supplies,06/30/2023,Expense,,Federal Withholding,,Cash in BOA 0716,0.36,"17,753.67"
,710 Office Supplies,06/30/2023,Expense,,Clear Checks,,Credit Card Payable,24.99,"17,778.66"
,710 Office Supplies,06/30/2023,Expense,,Amazon,,Credit Card Payable,127.15,"17,905.81"
,710 Office Supplies,07/03/2023,Expense,,Transfer Fee,,Cash in BOA 0693,1.00,"17,906.81"
,710 Office Supplies,07/03/2023,Expense,,DropBox,,Cash in BOA 0693,13.03,"17,919.84"
,710 Office Supplies,07/04/2023,Expense,,Amazon,,Credit Card Payable,31.79,"17,951.63"
,710 Office Supplies,07/05/2023,Expense,,Transfer Fee,,Cash in BOA 0693,1.00,"17,952.63"
,710 Office Supplies,07/05/2023,Expense,,Netflix,,Credit Card Payable,21.73,"17,974.36"
,710 Office Supplies,07/06/2023,Expense,,Amazon,,Credit Card Payable,106.60,"18,080.96"
,710 Office Supplies,07/07/2023,Expense,,YouTube,,Cash in BOA 0693,24.99,"18,105.95"
,710 Office Supplies,07/07/2023,Expense,,Apple.com,,Cash in BOA 0693,9.99,"18,115.94"
,710 Office Supplies,07/07/2023,Expense,,Amazon,,Credit Card Payable,10.86,"18,126.80"
,710 Office Supplies,07/07/2023,Expense,,Amazon,,Credit Card Payable,87.41,"18,214.21"
,710 Office Supplies,07/10/2023,Expense,,Netflix,,Credit Card Payable,21.73,"18,235.94"
,710 Office Supplies,07/11/2023,Expense,,Birdeye.com,,Credit Card Payable,271.75,"18,507.69"
,710 Office Supplies,07/11/2023,Expense,,GoTo Connect,,Credit Card Payable,331.92,"18,839.61"
,710 Office Supplies,07/11/2023,Expense,,Amazon,,Credit Card Payable,36.61,"18,876.22"
,710 Office Supplies,07/11/2023,Expense,,Wal-Mart,,Credit Card Payable,45.59,"18,921.81"
,710 Office Supplies,07/13/2023,Expense,,Amazon,,Credit Card Payable,304.35,"19,226.16"
,710 Office Supplies,07/13/2023,Expense,,Fred Meyer,,Credit Card Payable,30.42,"19,256.58"
,710 Office Supplies,07/13/2023,Expense,,IKEA,,Credit Card Payable,158.34,"19,414.92"
,710 Office Supplies,07/14/2023,Expense,,Apple.com,,Cash in BOA 0693,7.60,"19,422.52"
,710 Office Supplies,07/14/2023,Credit Card Credit,,Walmart,,Credit Card Payable,-22.27,"19,400.25"
,710 Office Supplies,07/17/2023,Expense,,Transfer Fee,,Cash in BOA 0693,1.00,"19,401.25"
,710 Office Supplies,07/17/2023,Expense,,Netflix,,Cash in BOA 0693,21.73,"19,422.98"
,710 Office Supplies,07/17/2023,Expense,,USPS,,Credit Card Payable,13.20,"19,436.18"
,710 Office Supplies,07/17/2023,Expense,,USPS,,Credit Card Payable,84.14,"19,520.32"
,710 Office Supplies,07/17/2023,Expense,,Clear Checks,,Credit Card Payable,24.99,"19,545.31"
,710 Office Supplies,07/17/2023,Expense,,Amazon,,Credit Card Payable,10.86,"19,556.17"
,710 Office Supplies,07/17/2023,Expense,,Amazon,,Credit Card Payable,8.69,"19,564.86"
,710 Office Supplies,07/17/2023,Expense,,Amazon,,Credit Card Payable,10.86,"19,575.72"
,710 Office Supplies,07/18/2023,Expense,,Clear Checks,,Credit Card Payable,24.99,"19,600.71"
,710 Office Supplies,07/18/2023,Expense,,Amazon,,Credit Card Payable,362.65,"19,963.36"
,710 Office Supplies,07/19/2023,Expense,,Amazon,,Credit Card Payable,384.65,"20,348.01"
,710 Office Supplies,07/20/2023,Expense,,Transfer Fee,,Cash in BOA 0693,1.00,"20,349.01"
,710 Office Supplies,07/20/2023,Expense,,Amazon,,Credit Card Payable,28.24,"20,377.25"
,710 Office Supplies,07/20/2023,Expense,,Amazon,,Credit Card Payable,14.11,"20,391.36"
,710 Office Supplies,07/20/2023,Expense,,Amazon,,Credit Card Payable,109.90,"20,501.26"
,710 Office Supplies,07/20/2023,Expense,,Amazon,,Credit Card Payable,8.65,"20,509.91"
,710 Office Supplies,07/21/2023,Expense,,Amazon,,Credit Card Payable,52.06,"20,561.97"
,710 Office Supplies,07/21/2023,Expense,,Fred Meyer,,Credit Card Payable,40.87,"20,602.84"
,710 Office Supplies,07/21/2023,Expense,,Fred Meyer,,Credit Card Payable,11.91,"20,614.75"
,710 Office Supplies,07/21/2023,Expense,,Fred Meyer,,Credit Card Payable,7.75,"20,622.50"
,710 Office Supplies,07/21/2023,Expense,,Wal-Mart,,Credit Card Payable,41.22,"20,663.72"
,710 Office Supplies,07/21/2023,Expense,,Costco,,Credit Card Payable,71.33,"20,735.05"
,710 Office Supplies,07/24/2023,Expense,,Amazon,,Credit Card Payable,160.70,"20,895.75"
,710 Office Supplies,07/24/2023,Expense,,Amazon,,Credit Card Payable,9.55,"20,905.30"
,710 Office Supplies,07/24/2023,Expense,,Amazon,,Credit Card Payable,186.43,"21,091.73"
,710 Office Supplies,07/24/2023,Expense,,Amazon,,Credit Card Payable,36.90,"21,128.63"
,710 Office Supplies,07/24/2023,Expense,,Amazon,,Credit Card Payable,51.07,"21,179.70"
,710 Office Supplies,07/24/2023,Expense,,Amazon,,Credit Card Payable,60.86,"21,240.56"
,710 Office Supplies,07/24/2023,Expense,,Dollar Tree,,Credit Card Payable,2.72,"21,243.28"
,710 Office Supplies,07/25/2023,Expense,,Amazon,,Credit Card Payable,1.43,"21,244.71"
,710 Office Supplies,07/25/2023,Expense,,LionsRoar,,Credit Card Payable,47.88,"21,292.59"
,710 Office Supplies,07/26/2023,Expense,,Amazon,,Credit Card Payable,130.43,"21,423.02"
,710 Office Supplies,07/26/2023,Expense,,Amazon,,Credit Card Payable,116.29,"21,539.31"
,710 Office Supplies,07/26/2023,Expense,,Amazon,,Credit Card Payable,21.73,"21,561.04"
,710 Office Supplies,07/26/2023,Expense,,Fred Meyer,,Credit Card Payable,16.29,"21,577.33"
,710 Office Supplies,07/26/2023,Expense,,Party City,,Credit Card Payable,21.74,"21,599.07"
,710 Office Supplies,07/28/2023,Expense,,Birdeye.com,,Credit Card Payable,271.75,"21,870.82"
,710 Office Supplies,07/28/2023,Expense,,PBHS,,Credit Card Payable,10.00,"21,880.82"
,710 Office Supplies,07/28/2023,Expense,,Netflix,,Credit Card Payable,21.73,"21,902.55"
,710 Office Supplies,07/31/2023,Expense,,Federal Withholding,,Cash in BOA 0716,0.41,"21,902.96"
,710 Office Supplies,07/31/2023,Expense,,Transfer Fee,,Cash in BOA 0693,1.00,"21,903.96"
,710 Office Supplies,07/31/2023,Expense,,Spotify,,Cash in BOA 0693,17.38,"21,921.34"
,710 Office Supplies,07/31/2023,Expense,,Amazon,,Credit Card Payable,9.55,"21,930.89"
,710 Office Supplies,07/31/2023,Expense,,Amazon,,Credit Card Payable,81.31,"22,012.20"
,710 Office Supplies,07/31/2023,Expense,,Amazon,,Credit Card Payable,114.10,"22,126.30"
,710 Office Supplies,07/31/2023,Expense,,Amazon,,Credit Card Payable,41.30,"22,167.60"
,710 Office Supplies,08/02/2023,Check,2510,Department of Labor & Industries,,Cash in BOA 0693,25.00,"22,192.60"
,710 Office Supplies,08/02/2023,Expense,,Target,,Credit Card Payable,175.80,"22,368.40"
,710 Office Supplies,08/02/2023,Expense,,Target,,Credit Card Payable,18.92,"22,387.32"
,710 Office Supplies,08/03/2023,Expense,,Amazon,,Credit Card Payable,1.45,"22,388.77"
,710 Office Supplies,08/03/2023,Expense,,Fred Meyer,,Credit Card Payable,124.65,"22,513.42"
,710 Office Supplies,08/04/2023,Expense,,Transfer Fee,,Cash in BOA 0693,1.00,"22,514.42"
,710 Office Supplies,08/04/2023,Expense,,Amazon,,Credit Card Payable,19.61,"22,534.03"
,710 Office Supplies,08/07/2023,Expense,,Spotify,,Cash in BOA 0693,9.99,"22,544.02"
,710 Office Supplies,08/07/2023,Credit Card Credit,,Amazon,,Credit Card Payable,-24.99,"22,519.03"
,710 Office Supplies,08/07/2023,Expense,,Amazon,,Credit Card Payable,22.81,"22,541.84"
,710 Office Supplies,08/08/2023,Expense,,Amazon,,Credit Card Payable,38.09,"22,579.93"
,710 Office Supplies,08/08/2023,Expense,,Amazon,,Credit Card Payable,13.03,"22,592.96"
,710 Office Supplies,08/08/2023,Expense,,Amazon,,Credit Card Payable,102.91,"22,695.87"
,710 Office Supplies,08/09/2023,Expense,,Target,,Credit Card Payable,169.18,"22,865.05"
,710 Office Supplies,08/10/2023,Expense,,Amazon,,Credit Card Payable,4.22,"22,869.27"
,710 Office Supplies,08/10/2023,Expense,,Netflix,,Credit Card Payable,21.73,"22,891.00"
,710 Office Supplies,08/10/2023,Expense,,Ostocker,,Credit Card Payable,5.00,"22,896.00"
,710 Office Supplies,08/10/2023,Expense,,Ostocker,,Credit Card Payable,50.00,"22,946.00"
,710 Office Supplies,08/11/2023,Expense,,GoTo Connect,,Credit Card Payable,331.92,"23,277.92"
,710 Office Supplies,08/11/2023,Expense,,Fred Meyer,,Credit Card Payable,16.29,"23,294.21"
,710 Office Supplies,08/11/2023,Expense,,Party City,,Credit Card Payable,37.66,"23,331.87"
,710 Office Supplies,08/14/2023,Expense,,Amazon,,Credit Card Payable,21.48,"23,353.35"
,710 Office Supplies,08/14/2023,Expense,,Amazon,,Credit Card Payable,16.27,"23,369.62"
,710 Office Supplies,08/14/2023,Expense,,Amazon,,Credit Card Payable,31.51,"23,401.13"
,710 Office Supplies,08/14/2023,Expense,,Amazon,,Credit Card Payable,11.95,"23,413.08"
,710 Office Supplies,08/14/2023,Expense,,Intuit,,Credit Card Payable,701.12,"24,114.20"
,710 Office Supplies,08/14/2023,Expense,,Costco,,Credit Card Payable,29.34,"24,143.54"
,710 Office Supplies,08/14/2023,Expense,,Barnes & Noble,,Credit Card Payable,101.88,"24,245.42"
,710 Office Supplies,08/15/2023,Expense,,Transfer Fee,,Cash in BOA 0693,1.00,"24,246.42"
,710 Office Supplies,08/15/2023,Expense,,Microsoft,,Cash in BOA 0693,108.69,"24,355.11"
,710 Office Supplies,08/15/2023,Expense,,Amazon,,Credit Card Payable,41.30,"24,396.41"
,710 Office Supplies,08/15/2023,Expense,,Amazon,,Credit Card Payable,42.38,"24,438.79"
,710 Office Supplies,08/16/2023,Expense,,Netflix,,Cash in BOA 0693,21.73,"24,460.52"
,710 Office Supplies,08/16/2023,Expense,,USPS,,Credit Card Payable,134.30,"24,594.82"
,710 Office Supplies,08/17/2023,Expense,,Amazon,,Credit Card Payable,51.84,"24,646.66"
,710 Office Supplies,08/18/2023,Expense,,Fred Meyer,,Credit Card Payable,25.05,"24,671.71"
,710 Office Supplies,08/21/2023,Expense,,Transfer Fee,,Cash in BOA 0693,1.00,"24,672.71"
,710 Office Supplies,08/21/2023,Expense,,Adobe,,Cash in BOA 0693,10.86,"24,683.57"
,710 Office Supplies,08/21/2023,Expense,,Amazon,,Credit Card Payable,32.99,"24,716.56"
,710 Office Supplies,08/21/2023,Expense,,Amazon,,Credit Card Payable,18.46,"24,735.02"
,710 Office Supplies,08/21/2023,Expense,,Amazon,,Credit Card Payable,22.82,"24,757.84"
,710 Office Supplies,08/21/2023,Expense,,Amazon,,Credit Card Payable,112.91,"24,870.75"
,710 Office Supplies,08/24/2023,Expense,,Transfer Fee,,Cash in BOA 0716,5.00,"24,875.75"
,710 Office Supplies,08/24/2023,Expense,,Party City,,Credit Card Payable,21.74,"24,897.49"
,710 Office Supplies,08/25/2023,Expense,,Transfer Fee,,Cash in BOA 0693,1.00,"24,898.49"
,710 Office Supplies,08/25/2023,Credit Card Credit,,Canva,,Credit Card Payable,-12.99,"24,885.50"
,710 Office Supplies,08/25/2023,Expense,,Amazon,,Credit Card Payable,41.57,"24,927.07"
,710 Office Supplies,08/28/2023,Expense,,Birdeye.com,,Credit Card Payable,271.75,"25,198.82"
,710 Office Supplies,08/28/2023,Expense,,Amazon,,Credit Card Payable,25.86,"25,224.68"
,710 Office Supplies,08/28/2023,Expense,,PBHS,,Credit Card Payable,10.00,"25,234.68"
,710 Office Supplies,08/28/2023,Expense,,Netflix,,Credit Card Payable,21.73,"25,256.41"
,710 Office Supplies,08/28/2023,Expense,,Amazon Free Time,,Credit Card Payable,5.42,"25,261.83"
,710 Office Supplies,08/29/2023,Expense,,Spotify,,Cash in BOA 0693,18.47,"25,280.30"
,710 Office Supplies,08/29/2023,Expense,,Lumens,,Credit Card Payable,28.64,"25,308.94"
,710 Office Supplies,08/30/2023,Expense,,Transfer Fee,,Cash in BOA 0693,1.00,"25,309.94"
,710 Office Supplies,08/31/2023,Expense,,Federal Withholding,,Cash in BOA 0716,0.38,"25,310.32"
,710 Office Supplies,09/01/2023,Expense,,Amazon,,Credit Card Payable,427.18,"25,737.50"
,710 Office Supplies,09/04/2023,Expense,,Amazon,,Credit Card Payable,1.47,"25,738.97"
,710 Office Supplies,09/04/2023,Expense,,GSuite,,Credit Card Payable,58.70,"25,797.67"
,710 Office Supplies,09/04/2023,Expense,,Amazon,,Credit Card Payable,213.53,"26,011.20"
,710 Office Supplies,09/05/2023,Expense,,Transfer Fee,,Cash in BOA 0693,1.00,"26,012.20"
,710 Office Supplies,09/05/2023,Expense,,DropBox,,Cash in BOA 0693,13.03,"26,025.23"
,710 Office Supplies,09/06/2023,Check,2545,Carolina Calle,Reimbursement,Cash in BOA 0693,777.53,"26,802.76"
,710 Office Supplies,09/06/2023,Expense,,Amazon,,Credit Card Payable,9.53,"26,812.29"
,710 Office Supplies,09/06/2023,Expense,,Costco,,Credit Card Payable,89.91,"26,902.20"
,710 Office Supplies,09/07/2023,Expense,,Apple.com,,Cash in BOA 0693,9.99,"26,912.19"
,710 Office Supplies,09/07/2023,Expense,,YouTube,,Cash in BOA 0693,24.99,"26,937.18"
,710 Office Supplies,09/07/2023,Expense,,Party City,,Credit Card Payable,10.74,"26,947.92"
,710 Office Supplies,09/08/2023,Expense,,USPS,,Credit Card Payable,134.30,"27,082.22"
,710 Office Supplies,09/08/2023,Expense,,Amazon,,Credit Card Payable,42.35,"27,124.57"
,710 Office Supplies,09/08/2023,Expense,,Fred Meyer,,Credit Card Payable,91.09,"27,215.66"
,710 Office Supplies,09/11/2023,Expense,,GoTo Connect,,Credit Card Payable,331.92,"27,547.58"
,710 Office Supplies,09/11/2023,Expense,,Amazon,,Credit Card Payable,17.37,"27,564.95"
,710 Office Supplies,09/11/2023,Expense,,Amazon,,Credit Card Payable,12.78,"27,577.73"
,710 Office Supplies,09/11/2023,Expense,,Amazon,,Credit Card Payable,113.74,"27,691.47"
,710 Office Supplies,09/11/2023,Expense,,Amazon,,Credit Card Payable,114.09,"27,805.56"
,710 Office Supplies,09/11/2023,Expense,,Costco,,Credit Card Payable,40.99,"27,846.55"
,710 Office Supplies,09/11/2023,Expense,,Netflix,,Credit Card Payable,21.73,"27,868.28"
,710 Office Supplies,09/13/2023,Expense,,Party City,,Credit Card Payable,21.74,"27,890.02"
,710 Office Supplies,09/13/2023,Expense,,ETSY,,Credit Card Payable,76.09,"27,966.11"
,710 Office Supplies,09/14/2023,Expense,,Transfer Fee,,Cash in BOA 0693,1.00,"27,967.11"
,710 Office Supplies,09/14/2023,Deposit,,bill.com,,Cash in BOA 0693,-0.01,"27,967.10"
,710 Office Supplies,09/14/2023,Expense,,Apple.com,,Cash in BOA 0693,7.60,"27,974.70"
,710 Office Supplies,09/14/2023,Expense,,Fred Meyer,,Credit Card Payable,14.65,"27,989.35"
,710 Office Supplies,09/14/2023,Expense,,UPrinting,,Credit Card Payable,60.90,"28,050.25"
,710 Office Supplies,09/14/2023,Expense,,ETSY,,Credit Card Payable,39.78,"28,090.03"
,710 Office Supplies,09/15/2023,Deposit,,bill.com,,Cash in BOA 0693,-231.33,"27,858.70"
,710 Office Supplies,09/18/2023,Expense,,Transfer Fee,,Cash in BOA 0693,1.00,"27,859.70"
,710 Office Supplies,09/18/2023,Expense,,Netflix,,Cash in BOA 0693,21.73,"27,881.43"
,710 Office Supplies,09/19/2023,Expense,,Amazon,,Credit Card Payable,60.64,"27,942.07"
,710 Office Supplies,09/20/2023,Expense,,Amazon,,Credit Card Payable,44.51,"27,986.58"
,710 Office Supplies,09/20/2023,Expense,,Amazon,,Credit Card Payable,18.46,"28,005.04"
,710 Office Supplies,09/20/2023,Expense,,Amazon,,Credit Card Payable,28.92,"28,033.96"
,710 Office Supplies,09/20/2023,Expense,,Dollar Tree,,Credit Card Payable,16.17,"28,050.13"
,710 Office Supplies,09/20/2023,Expense,,Safeway,,Credit Card Payable,11.35,"28,061.48"
,710 Office Supplies,09/21/2023,Expense,,Adobe,,Cash in BOA 0693,10.86,"28,072.34"
,710 Office Supplies,09/22/2023,Expense,,Dollar Tree,,Credit Card Payable,13.59,"28,085.93"
,710 Office Supplies,09/25/2023,Expense,,Transfer Fee,,Cash in BOA 0693,1.00,"28,086.93"
,710 Office Supplies,09/25/2023,Expense,,Apple.com,,Cash in BOA 0693,7.60,"28,094.53"
,710 Office Supplies,09/26/2023,Expense,,Amazon,,Credit Card Payable,112.93,"28,207.46"
,710 Office Supplies,09/26/2023,Expense,,Amazon,,Credit Card Payable,43.47,"28,250.93"
,710 Office Supplies,09/26/2023,Expense,,Amazon Free Time,,Credit Card Payable,5.42,"28,256.35"
,710 Office Supplies,09/27/2023,Expense,,Apple,,Credit Card Payable,286.31,"28,542.66"
,710 Office Supplies,09/28/2023,Expense,,Birdeye.com,,Credit Card Payable,271.75,"28,814.41"
,710 Office Supplies,09/28/2023,Expense,,PBHS,,Credit Card Payable,10.00,"28,824.41"
,710 Office Supplies,09/29/2023,Expense,,Transfer Fee,,Cash in BOA 0693,1.00,"28,825.41"
,710 Office Supplies,09/29/2023,Expense,,Federal Withholding,,Cash in BOA 0716,0.31,"28,825.72"
,710 Office Supplies,09/29/2023,Expense,,Spotify,,Cash in BOA 0693,18.47,"28,844.19"
,710 Office Supplies,09/30/2023,Journal Entry,BK 1,,,,38.97,"28,883.16"
,710 Office Supplies,10/02/2023,Expense,,DropBox,,Cash in BOA 0693,13.03,"28,896.19"
,710 Office Supplies,10/02/2023,Expense,,Netflix,,Credit Card Payable,21.73,"28,917.92"
,710 Office Supplies,10/03/2023,Expense,,Transfer Fee,,Cash in BOA 0693,1.00,"28,918.92"
,710 Office Supplies,10/03/2023,Expense,,Amazon,,Credit Card Payable,1.46,"28,920.38"
,710 Office Supplies,10/04/2023,Expense,,Party City,,Credit Card Payable,8.58,"28,928.96"
,710 Office Supplies,10/04/2023,Expense,,Clark County Comm Dev Dep,,Credit Card Payable,27.00,"28,955.96"
,710 Office Supplies,10/04/2023,Credit Card Expense,,Late Fee,,Credit Card Payable,49.00,"29,004.96"
,710 Office Supplies,10/05/2023,Expense,,Amazon,,Credit Card Payable,42.37,"29,047.33"
,710 Office Supplies,10/05/2023,Expense,,Fred Meyer,,Credit Card Payable,8.99,"29,056.32"
,710 Office Supplies,10/05/2023,Expense,,Target,,Credit Card Payable,177.09,"29,233.41"
,710 Office Supplies,10/09/2023,Expense,,USPS,,Credit Card Payable,81.50,"29,314.91"
,710 Office Supplies,10/09/2023,Expense,,Amazon,,Credit Card Payable,30.76,"29,345.67"
,710 Office Supplies,10/09/2023,Expense,,Amazon,,Credit Card Payable,9.77,"29,355.44"
,710 Office Supplies,10/09/2023,Credit Card Credit,,Apple.com,,Credit Card Payable,-152.18,"29,203.26"
,710 Office Supplies,10/09/2023,Expense,,Party City,,Credit Card Payable,19.57,"29,222.83"
,710 Office Supplies,10/09/2023,Expense,,Wal-Mart,,Credit Card Payable,82.19,"29,305.02"
,710 Office Supplies,10/09/2023,Expense,,Canva,,Credit Card Payable,14.99,"29,320.01"
,710 Office Supplies,10/09/2023,Expense,,Michaels,,Credit Card Payable,56.06,"29,376.07"
,710 Office Supplies,10/10/2023,Expense,,Apple.com,,Cash in BOA 0693,9.99,"29,386.06"
,710 Office Supplies,10/10/2023,Expense,,Amazon,,Credit Card Payable,252.07,"29,638.13"
,710 Office Supplies,10/10/2023,Expense,,Amazon,,Credit Card Payable,65.83,"29,703.96"
,710 Office Supplies,10/10/2023,Expense,,Netflix,,Credit Card Payable,21.73,"29,725.69"
,710 Office Supplies,10/11/2023,Expense,,GoTo Connect,,Credit Card Payable,333.92,"30,059.61"
,710 Office Supplies,10/12/2023,Expense,,Trader Joe's,,Credit Card Payable,2.99,"30,062.60"
,710 Office Supplies,10/12/2023,Expense,,Target,,Credit Card Payable,37.07,"30,099.67"
,710 Office Supplies,10/13/2023,Expense,,Safeway,,Credit Card Payable,37.99,"30,137.66"
,710 Office Supplies,10/13/2023,Expense,,Clear Checks,,Credit Card Payable,24.99,"30,162.65"
,710 Office Supplies,10/16/2023,Expense,,Transfer Fee,,Cash in BOA 0693,1.00,"30,163.65"
,710 Office Supplies,10/16/2023,Expense,,Apple.com,,Cash in BOA 0693,7.60,"30,171.25"
,710 Office Supplies,10/16/2023,Expense,,Netflix,,Cash in BOA 0693,21.73,"30,192.98"
,710 Office Supplies,10/16/2023,Expense,,Costco,,Credit Card Payable,28.79,"30,221.77"
,710 Office Supplies,10/16/2023,Expense,,Amazon,,Credit Card Payable,131.83,"30,353.60"
,710 Office Supplies,10/17/2023,Expense,,Wal-Mart,,Credit Card Payable,58.17,"30,411.77"
,710 Office Supplies,10/17/2023,Expense,,Target,,Credit Card Payable,49.44,"30,461.21"
,710 Office Supplies,10/18/2023,Expense,,Transfer Fee,,Cash in BOA 0693,1.00,"30,462.21"
,710 Office Supplies,10/18/2023,Expense,,Amazon,,Credit Card Payable,103.25,"30,565.46"
,710 Office Supplies,10/18/2023,Expense,,Safeway,,Credit Card Payable,45.50,"30,610.96"
,710 Office Supplies,10/20/2023,Expense,,USPS,,Credit Card Payable,134.30,"30,745.26"
,710 Office Supplies,10/23/2023,Expense,,Adobe,,Cash in BOA 0693,10.86,"30,756.12"
,710 Office Supplies,10/23/2023,Expense,,Amazon,,Credit Card Payable,71.45,"30,827.57"
,710 Office Supplies,10/23/2023,Expense,,Amazon,,Credit Card Payable,16.27,"30,843.84"
,710 Office Supplies,10/23/2023,Expense,,Amazon,,Credit Card Payable,102.13,"30,945.97"
,710 Office Supplies,10/24/2023,Expense,,Party City,,Credit Card Payable,47.60,"30,993.57"
,710 Office Supplies,10/25/2023,Expense,,Transfer Fee,,Cash in BOA 0693,1.00,"30,994.57"
,710 Office Supplies,10/25/2023,Expense,,Fred Meyer,,Credit Card Payable,43.96,"31,038.53"
,710 Office Supplies,10/25/2023,Expense,,Fred Meyer,,Credit Card Payable,9.49,"31,048.02"
,710 Office Supplies,10/26/2023,Expense,,Amazon Free Time,,Credit Card Payable,5.42,"31,053.44"
,710 Office Supplies,10/27/2023,Expense,,Amazon,,Credit Card Payable,10.86,"31,064.30"
,710 Office Supplies,10/27/2023,Expense,,Costco,,Credit Card Payable,58.13,"31,122.43"
,710 Office Supplies,10/30/2023,Expense,,Transfer Fee,,Cash in BOA 0693,1.00,"31,123.43"
,710 Office Supplies,10/30/2023,Expense,,Spotify,,Cash in BOA 0693,18.47,"31,141.90"
,710 Office Supplies,10/30/2023,Expense,,Birdeye.com,,Credit Card Payable,271.75,"31,413.65"
,710 Office Supplies,10/30/2023,Expense,,Netflix,,Credit Card Payable,21.73,"31,435.38"
,710 Office Supplies,10/30/2023,Expense,,Amazon,,Credit Card Payable,41.10,"31,476.48"
,710 Office Supplies,10/30/2023,Expense,,Amazon,,Credit Card Payable,38.34,"31,514.82"
,710 Office Supplies,10/30/2023,Expense,,PBHS,,Credit Card Payable,10.00,"31,524.82"
,710 Office Supplies,10/31/2023,Expense,,Federal Withholding,,Cash in BOA 0716,0.35,"31,525.17"
,710 Office Supplies,11/01/2023,Expense,,Account Fee,,BOA Secondary Checking 0246,16.00,"31,541.17"
,710 Office Supplies,11/01/2023,Expense,,Wal-Mart,,Credit Card Payable,46.80,"31,587.97"
,710 Office Supplies,11/02/2023,Expense,,Transfer Fee,,Cash in BOA 0693,1.00,"31,588.97"
,710 Office Supplies,11/02/2023,Expense,,DropBox,,Cash in BOA 0693,13.03,"31,602.00"
,710 Office Supplies,11/02/2023,Expense,,GSuite,,Credit Card Payable,58.70,"31,660.70"
,710 Office Supplies,11/03/2023,Expense,,Amazon,,Credit Card Payable,1.48,"31,662.18"
,710 Office Supplies,11/06/2023,Expense,,Fred Meyer,,Credit Card Payable,43.32,"31,705.50"
,710 Office Supplies,11/07/2023,Expense,,Apple,,Cash in BOA 0693,9.99,"31,715.49"
,710 Office Supplies,11/07/2023,Expense,,Fred Meyer,,Credit Card Payable,60.00,"31,775.49"
,710 Office Supplies,11/07/2023,Expense,,Fred Meyer,,Credit Card Payable,23.79,"31,799.28"
,710 Office Supplies,11/08/2023,Expense,,Target,,Credit Card Payable,48.74,"31,848.02"
,710 Office Supplies,11/08/2023,Expense,,Canva,,Credit Card Payable,14.99,"31,863.01"
,710 Office Supplies,11/10/2023,Expense,,Amazon,,Credit Card Payable,73.75,"31,936.76"
,710 Office Supplies,11/10/2023,Expense,,Costco,,Credit Card Payable,34.99,"31,971.75"
,710 Office Supplies,11/10/2023,Expense,,Netflix,,Credit Card Payable,21.73,"31,993.48"
,710 Office Supplies,11/13/2023,Expense,,Transfer Fee,,Cash in BOA 0693,1.00,"31,994.48"
,710 Office Supplies,11/13/2023,Expense,,Amazon,,Credit Card Payable,79.11,"32,073.59"
,710 Office Supplies,11/13/2023,Expense,,Adobe,,Credit Card Payable,21.73,"32,095.32"
,710 Office Supplies,11/13/2023,Expense,,GoTo Connect,,Credit Card Payable,333.92,"32,429.24"
,710 Office Supplies,11/14/2023,Expense,,Apple,,Cash in BOA 0693,7.60,"32,436.84"
,710 Office Supplies,11/15/2023,Expense,,Amazon,,Credit Card Payable,734.80,"33,171.64"
,710 Office Supplies,11/16/2023,Expense,,Netflix,,Cash in BOA 0693,21.73,"33,193.37"
,710 Office Supplies,11/16/2023,Expense,,Amazon,,Credit Card Payable,78.83,"33,272.20"
,710 Office Supplies,11/16/2023,Expense,,Amazon,,Credit Card Payable,24.16,"33,296.36"
,710 Office Supplies,11/17/2023,Expense,,Transfer Fee,,Cash in BOA 0693,1.00,"33,297.36"
,710 Office Supplies,11/17/2023,Expense,,Amazon,,Credit Card Payable,13.69,"33,311.05"
,710 Office Supplies,11/17/2023,Expense,,Dollar Tree,,Credit Card Payable,1.36,"33,312.41"
,710 Office Supplies,11/20/2023,Expense,,Amazon,,Credit Card Payable,217.39,"33,529.80"
,710 Office Supplies,11/20/2023,Expense,,Amazon,,Credit Card Payable,10.82,"33,540.62"
,710 Office Supplies,11/20/2023,Expense,,Amazon,,Credit Card Payable,166.29,"33,706.91"
,710 Office Supplies,11/20/2023,Expense,,Amazon,,Credit Card Payable,45.61,"33,752.52"
,710 Office Supplies,11/20/2023,Expense,,Amazon,,Credit Card Payable,11.40,"33,763.92"
,710 Office Supplies,11/20/2023,Expense,,Michaels,,Credit Card Payable,66.25,"33,830.17"
,710 Office Supplies,11/20/2023,Expense,,Michaels,,Credit Card Payable,15.21,"33,845.38"
,710 Office Supplies,11/20/2023,Credit Card Credit,,Google,,Credit Card Payable,-2.09,"33,843.29"
,710 Office Supplies,11/20/2023,Expense,,Lily Rose,,Credit Card Payable,23.80,"33,867.09"
,710 Office Supplies,11/21/2023,Expense,,Adobe,,Cash in BOA 0693,10.86,"33,877.95"
,710 Office Supplies,11/21/2023,Expense,,Amazon,,Credit Card Payable,40.52,"33,918.47"
,710 Office Supplies,11/24/2023,Credit Card Credit,,Michaels,,Credit Card Payable,-13.26,"33,905.21"
,710 Office Supplies,11/27/2023,Expense,,Transfer Fee,,Cash in BOA 0693,1.00,"33,906.21"
,710 Office Supplies,11/27/2023,Expense,,Amazon,,Credit Card Payable,49.98,"33,956.19"
,710 Office Supplies,11/27/2023,Expense,,Amazon,,Credit Card Payable,35.28,"33,991.47"
,710 Office Supplies,11/27/2023,Expense,,Amazon Free Time,,Credit Card Payable,5.42,"33,996.89"
,710 Office Supplies,11/28/2023,Expense,,Transfer Fee,,Cash in BOA 0693,1.00,"33,997.89"
,710 Office Supplies,11/28/2023,Expense,,Netflix,,Credit Card Payable,24.99,"34,022.88"
,710 Office Supplies,11/28/2023,Expense,,PBHS,,Credit Card Payable,10.00,"34,032.88"
,710 Office Supplies,11/28/2023,Expense,,hobby lobby,,Credit Card Payable,247.26,"34,280.14"
,710 Office Supplies,11/28/2023,Expense,,Birdeye.com,,Credit Card Payable,271.75,"34,551.89"
,710 Office Supplies,11/29/2023,Expense,,Spotify,,Cash in BOA 0693,18.47,"34,570.36"
,710 Office Supplies,11/29/2023,Expense,,Wal-Mart,,Credit Card Payable,25.75,"34,596.11"
,710 Office Supplies,11/29/2023,Expense,,Target,,Credit Card Payable,66.05,"34,662.16"
,710 Office Supplies,11/29/2023,Expense,,Party City,,Credit Card Payable,21.09,"34,683.25"
,710 Office Supplies,11/30/2023,Expense,,Federal Withholding,,Cash in BOA 0716,0.11,"34,683.36"
,710 Office Supplies,11/30/2023,Expense,,Michaels,,Credit Card Payable,41.08,"34,724.44"
,710 Office Supplies,11/30/2023,Expense,,Amazon,,Credit Card Payable,31.51,"34,755.95"
,710 Office Supplies,11/30/2023,Expense,,Amazon,,Credit Card Payable,17.39,"34,773.34"
,710 Office Supplies,11/30/2023,Credit Card Credit,,Amazon,,Credit Card Payable,-82.20,"34,691.14"
,710 Office Supplies,12/01/2023,Expense,,Fred Meyer,,Credit Card Payable,24.88,"34,716.02"
,710 Office Supplies,12/01/2023,Credit Card Credit,,Amazon,,Credit Card Payable,-31.51,"34,684.51"
,710 Office Supplies,12/01/2023,Expense,,Clear Checks,,Credit Card Payable,34.98,"34,719.49"
,710 Office Supplies,12/04/2023,Expense,,Transfer Fee,,Cash in BOA 0693,1.00,"34,720.49"
,710 Office Supplies,12/04/2023,Expense,,DropBox,,Cash in BOA 0693,13.03,"34,733.52"
,710 Office Supplies,12/04/2023,Expense,,Amazon,,Credit Card Payable,186.02,"34,919.54"
,710 Office Supplies,12/04/2023,Expense,,Amazon,,Credit Card Payable,10.86,"34,930.40"
,710 Office Supplies,12/04/2023,Expense,,Amazon,,Credit Card Payable,35.74,"34,966.14"
,710 Office Supplies,12/04/2023,Expense,,Amazon,,Credit Card Payable,40.19,"35,006.33"
,710 Office Supplies,12/04/2023,Expense,,Amazon,,Credit Card Payable,1.49,"35,007.82"
,710 Office Supplies,12/04/2023,Expense,,Late Payment Fee,,Credit Card Payable,49.00,"35,056.82"
,710 Office Supplies,12/04/2023,Expense,,GSuite,,Credit Card Payable,58.70,"35,115.52"
,710 Office Supplies,12/06/2023,Expense,,Wal-Mart,,Credit Card Payable,191.99,"35,307.51"
,710 Office Supplies,12/06/2023,Expense,,Party City,,Credit Card Payable,22.80,"35,330.31"
,710 Office Supplies,12/06/2023,Expense,,Fred Meyer,,Credit Card Payable,38.30,"35,368.61"
,710 Office Supplies,12/06/2023,Credit Card Credit,,Amazon,,Credit Card Payable,-13.69,"35,354.92"
,710 Office Supplies,12/07/2023,Expense,,Apple,,Cash in BOA 0693,9.99,"35,364.91"
,710 Office Supplies,12/07/2023,Expense,,Party City,,Credit Card Payable,26.09,"35,391.00"
,710 Office Supplies,12/08/2023,Expense,,USPS,,Credit Card Payable,134.30,"35,525.30"
,710 Office Supplies,12/08/2023,Expense,,Amazon,,Credit Card Payable,30.42,"35,555.72"
,710 Office Supplies,12/08/2023,Expense,,Canva,,Credit Card Payable,14.99,"35,570.71"
,710 Office Supplies,12/11/2023,Expense,,Amazon,,Credit Card Payable,154.59,"35,725.30"
,710 Office Supplies,12/11/2023,Expense,,Amazon,,Credit Card Payable,79.42,"35,804.72"
,710 Office Supplies,12/11/2023,Expense,,Wal-Mart,,Credit Card Payable,7.53,"35,812.25"
,710 Office Supplies,12/11/2023,Expense,,Netflix,,Credit Card Payable,24.99,"35,837.24"
,710 Office Supplies,12/11/2023,Expense,,Adobe,,Credit Card Payable,21.73,"35,858.97"
,710 Office Supplies,12/11/2023,Expense,,GoTo Connect,,Credit Card Payable,333.92,"36,192.89"
,710 Office Supplies,12/12/2023,Expense,,Amazon,,Credit Card Payable,5.95,"36,198.84"
,710 Office Supplies,12/13/2023,Expense,,Transfer Fee,,Cash in BOA 0693,1.00,"36,199.84"
,710 Office Supplies,12/14/2023,Expense,,Apple,,Cash in BOA 0693,10.86,"36,210.70"
,710 Office Supplies,12/14/2023,Credit Card Credit,,hobby lobby,,Credit Card Payable,-7.85,"36,202.85"
,710 Office Supplies,12/18/2023,Expense,,Transfer Fee,,Cash in BOA 0693,1.00,"36,203.85"
,710 Office Supplies,12/18/2023,Expense,,Netflix,,Cash in BOA 0693,24.99,"36,228.84"
,710 Office Supplies,12/19/2023,Expense,,Amazon,,Credit Card Payable,32.99,"36,261.83"
,710 Office Supplies,12/19/2023,Expense,,Dollar Tree,,Credit Card Payable,4.08,"36,265.91"
,710 Office Supplies,12/19/2023,Expense,,Costco,,Credit Card Payable,86.80,"36,352.71"
,710 Office Supplies,12/20/2023,Expense,,Amazon,,Credit Card Payable,112.68,"36,465.39"
,710 Office Supplies,12/20/2023,Expense,,Amazon,,Credit Card Payable,49.22,"36,514.61"
,710 Office Supplies,12/20/2023,Expense,,Target,,Credit Card Payable,83.05,"36,597.66"
,710 Office Supplies,12/21/2023,Expense,,Adobe,,Cash in BOA 0693,10.86,"36,608.52"
,710 Office Supplies,12/21/2023,Expense,,Amazon,,Credit Card Payable,40.21,"36,648.73"
,710 Office Supplies,12/21/2023,Expense,,Safeway,,Credit Card Payable,97.77,"36,746.50"
,710 Office Supplies,12/21/2023,Expense,,Fred Meyer,,Credit Card Payable,79.66,"36,826.16"
,710 Office Supplies,12/22/2023,Expense,,Target,,Credit Card Payable,3.26,"36,829.42"
,710 Office Supplies,12/22/2023,Expense,,Fred Meyer,,Credit Card Payable,65.23,"36,894.65"
,710 Office Supplies,12/26/2023,Expense,,Transfer Fee,,Cash in BOA 0693,1.00,"36,895.65"
,710 Office Supplies,12/26/2023,Expense,,Fred Meyer,,Credit Card Payable,15.29,"36,910.94"
,710 Office Supplies,12/26/2023,Expense,,Amazon Free Time,,Credit Card Payable,5.42,"36,916.36"
,710 Office Supplies,12/28/2023,Expense,,Transfer Fee,,Cash in BOA 0693,1.00,"36,917.36"
,710 Office Supplies,12/28/2023,Expense,,Netflix,,Credit Card Payable,24.99,"36,942.35"
,710 Office Supplies,12/28/2023,Expense,,Wal-Mart,,Credit Card Payable,26.14,"36,968.49"
,710 Office Supplies,12/28/2023,Expense,,PBHS,,Credit Card Payable,10.00,"36,978.49"
,710 Office Supplies,12/28/2023,Expense,,Party City,,Credit Card Payable,21.74,"37,000.23"
,710 Office Supplies,12/28/2023,Expense,,Birdeye.com,,Credit Card Payable,271.75,"37,271.98"
,710 Office Supplies,12/29/2023,Expense,,Federal Withholding,,Cash in BOA 0716,0.15,"37,272.13"
,710 Office Supplies,12/29/2023,Expense,,Spotify,,Cash in BOA 0693,18.47,"37,290.60"
,710 Office Supplies,12/31/2023,Journal Entry,CPA 03,,,,-3.52,"37,287.08"
Total for 710 Office Supplies,,,,,,,,"$37,287.08",
710.1 Office Supplies - PPT,,,,,,,,,
,710.1 Office Supplies - PPT,06/01/2023,Expense,,Apple,,Cash in BOA 0693,921.77,921.77
,710.1 Office Supplies - PPT,06/26/2023,Expense,,Mark Alper,,Credit Card Payable,690.40,"1,612.17"
,710.1 Office Supplies - PPT,08/10/2023,Check,2517,voided,,Cash in BOA 0693,0.00,"1,612.17"
,710.1 Office Supplies - PPT,08/10/2023,Check,2518,voided,,Cash in BOA 0693,0.00,"1,612.17"
,710.1 Office Supplies - PPT,08/10/2023,Check,2519,voided,,Cash in BOA 0693,0.00,"1,612.17"
,710.1 Office Supplies - PPT,08/10/2023,Check,2523,voided,,Cash in BOA 0693,0.00,"1,612.17"
,710.1 Office Supplies - PPT,09/27/2023,Expense,,Apple,,Credit Card Payable,"1,412.01","3,024.18"
,710.1 Office Supplies - PPT,10/31/2023,Expense,,wayfair,,Cash in BOA 0693,841.27,"3,865.45"
Total for 710.1 Office Supplies - PPT,,,,,,,,"$3,865.45",
Total for 710 Office Supplies with sub-accounts,,,,,,,,"$41,152.53",
719 Practice Consultants,,,,,,,,,
,719 Practice Consultants,01/05/2023,Credit Card Expense,,Jameson Management,,Credit Card Payable,"2,994.00","2,994.00"
,719 Practice Consultants,01/23/2023,Expense,,Zimworks,,Cash in BOA 0693,"1,735.00","4,729.00"
,719 Practice Consultants,01/30/2023,Expense,,Cedr,,Credit Card Payable,149.00,"4,878.00"
,719 Practice Consultants,02/06/2023,Expense,,Jameson Management,,Credit Card Payable,"2,994.00","7,872.00"
,719 Practice Consultants,02/10/2023,Expense,,Zimworks,,Credit Card Payable,123.60,"7,995.60"
,719 Practice Consultants,02/27/2023,Expense,,Zimworks,,Cash in BOA 0693,"1,735.00","9,730.60"
,719 Practice Consultants,03/01/2023,Expense,,Cedr,,Credit Card Payable,149.00,"9,879.60"
,719 Practice Consultants,03/06/2023,Expense,,Jameson Management,,Credit Card Payable,"2,994.00","12,873.60"
,719 Practice Consultants,03/20/2023,Expense,,Zimworks,,Cash in BOA 0693,"1,735.00","14,608.60"
,719 Practice Consultants,03/29/2023,Expense,,Cedr,,Credit Card Payable,149.00,"14,757.60"
,719 Practice Consultants,04/05/2023,Expense,,Jameson Management,,Credit Card Payable,"2,994.00","17,751.60"
,719 Practice Consultants,04/14/2023,Expense,,Zimworks,,Cash in BOA 0693,"1,735.00","19,486.60"
,719 Practice Consultants,04/28/2023,Expense,,Cedr,,Credit Card Payable,149.00,"19,635.60"
,719 Practice Consultants,05/04/2023,Expense,,Jameson Management,,Credit Card Payable,"2,994.00","22,629.60"
,719 Practice Consultants,05/12/2023,Expense,,Zimworks,,Cash in BOA 0693,"1,735.00","24,364.60"
,719 Practice Consultants,05/29/2023,Expense,,Cedr,,Credit Card Payable,149.00,"24,513.60"
,719 Practice Consultants,06/05/2023,Expense,,Jameson Management,,Credit Card Payable,"2,994.00","27,507.60"
,719 Practice Consultants,06/30/2023,Expense,,Cedr,,Cash in BOA 0693,149.00,"27,656.60"
,719 Practice Consultants,07/06/2023,Expense,,Jameson Management,,Credit Card Payable,"2,994.00","30,650.60"
,719 Practice Consultants,08/01/2023,Expense,,Cedr,,Cash in BOA 0693,149.00,"30,799.60"
,719 Practice Consultants,08/07/2023,Expense,,Jameson Management,,Credit Card Payable,"2,994.00","33,793.60"
,719 Practice Consultants,08/30/2023,Expense,,Cedr,,Cash in BOA 0693,149.00,"33,942.60"
,719 Practice Consultants,09/05/2023,Expense,,Jameson Management,,Credit Card Payable,"2,994.00","36,936.60"
,719 Practice Consultants,10/02/2023,Expense,,Cedr,,Cash in BOA 0693,149.00,"37,085.60"
,719 Practice Consultants,10/05/2023,Expense,,Jameson Management,,Credit Card Payable,"2,994.00","40,079.60"
,719 Practice Consultants,10/16/2023,Expense,,Zayo Group,,Credit Card Payable,461.38,"40,540.98"
,719 Practice Consultants,10/31/2023,Expense,,Cedr,,Cash in BOA 0693,149.00,"40,689.98"
,719 Practice Consultants,11/06/2023,Expense,,Jameson Management,,Credit Card Payable,"2,994.00","43,683.98"
,719 Practice Consultants,11/15/2023,Expense,,Zayo Group,,Credit Card Payable,461.38,"44,145.36"
,719 Practice Consultants,11/30/2023,Expense,,Cedr,,Cash in BOA 0693,149.00,"44,294.36"
,719 Practice Consultants,12/04/2023,Expense,,Jameson Management,,Credit Card Payable,"2,994.00","47,288.36"
,719 Practice Consultants,12/15/2023,Expense,,Zayo Group,,Credit Card Payable,461.38,"47,749.74"
,719 Practice Consultants,12/31/2023,Journal Entry,CPA 05,,,,"15,550.00","63,299.74"
Total for 719 Practice Consultants,,,,,,,,"$63,299.74",
707 Legal & Professional Fees,,,,,,,,,
,707 Legal & Professional Fees,01/06/2023,Expense,,Fluence,,Cash in BOA 0693,"4,000.00","4,000.00"
,707 Legal & Professional Fees,01/27/2023,Expense,,Fluence,,Cash in BOA 0693,"3,000.00","7,000.00"
,707 Legal & Professional Fees,02/03/2023,Expense,,Mark Alper,,Credit Card Payable,"1,050.00","8,050.00"
,707 Legal & Professional Fees,02/17/2023,Expense,,Fluence,,Cash in BOA 0693,"3,000.00","11,050.00"
,707 Legal & Professional Fees,03/24/2023,Expense,,Fluence,,Cash in BOA 0693,"1,500.00","12,550.00"
,707 Legal & Professional Fees,05/18/2023,Expense,,Fluence,,Cash in BOA 0693,"2,500.00","15,050.00"
,707 Legal & Professional Fees,07/07/2023,Expense,,Fluence,,BOA Secondary Checking 0246,"2,000.00","17,050.00"
,707 Legal & Professional Fees,07/12/2023,Expense,,Cain Watters Associates,,Credit Card Payable,"5,000.00","22,050.00"
,707 Legal & Professional Fees,07/17/2023,Expense,,Stoel Rives LLP,,Credit Card Payable,"1,318.00","23,368.00"
,707 Legal & Professional Fees,07/27/2023,Expense,,Fluence,,BOA Secondary Checking 0246,"5,365.00","28,733.00"
,707 Legal & Professional Fees,08/01/2023,Expense,,Cain Watters Associates,,Credit Card Payable,"5,000.00","33,733.00"
,707 Legal & Professional Fees,09/04/2023,Expense,,Cain Watters Associates,,Credit Card Payable,"1,125.00","34,858.00"
,707 Legal & Professional Fees,10/03/2023,Expense,,Cain Watters Associates,,Credit Card Payable,"1,125.00","35,983.00"
,707 Legal & Professional Fees,11/02/2023,Expense,,Cain Watters Associates,,Credit Card Payable,"1,125.00","37,108.00"
,707 Legal & Professional Fees,11/27/2023,Expense,,Motschenbacher & Blattner,,BOA Secondary Checking 0246,"1,556.25","38,664.25"
,707 Legal & Professional Fees,12/04/2023,Expense,,Cain Watters Associates,,Credit Card Payable,"1,125.00","39,789.25"
,707 Legal & Professional Fees,12/29/2023,Expense,,Fluence,,BOA Secondary Checking 0246,"2,675.00","42,464.25"
,707 Legal & Professional Fees,12/31/2023,Journal Entry,CPA 05,,,,"-19,550.00","22,914.25"
Total for 707 Legal & Professional Fees,,,,,,,,"$22,914.25",
747 Other General Costs,,,,,,,,,
,747 Other General Costs,01/06/2023,Credit Card Expense,,Banfield,,Credit Card Payable,51.95,51.95
,747 Other General Costs,02/06/2023,Expense,,Banfield,,Credit Card Payable,51.95,103.90
,747 Other General Costs,03/06/2023,Expense,,Banfield,,Credit Card Payable,51.95,155.85
,747 Other General Costs,03/20/2023,Expense,,Petsmart,,Credit Card Payable,170.39,326.24
,747 Other General Costs,04/06/2023,Expense,,Banfield,,Credit Card Payable,51.95,378.19
,747 Other General Costs,05/08/2023,Expense,,Banfield,,Credit Card Payable,51.95,430.14
,747 Other General Costs,05/22/2023,Expense,,Banfield,,Credit Card Payable,216.26,646.40
,747 Other General Costs,06/05/2023,Expense,,Banfield,,Credit Card Payable,103.53,749.93
,747 Other General Costs,06/06/2023,Expense,,Banfield,,Credit Card Payable,51.95,801.88
,747 Other General Costs,07/13/2023,Expense,,Banfield,,Credit Card Payable,51.95,853.83
,747 Other General Costs,07/17/2023,Expense,,Muddy Paws,,Credit Card Payable,36.00,889.83
,747 Other General Costs,08/07/2023,Expense,,Banfield,,Credit Card Payable,51.95,941.78
,747 Other General Costs,09/06/2023,Expense,,Banfield,,Credit Card Payable,51.95,993.73
,747 Other General Costs,10/06/2023,Expense,,Banfield,,Credit Card Payable,56.95,"1,050.68"
,747 Other General Costs,11/06/2023,Expense,,Banfield,,Credit Card Payable,56.95,"1,107.63"
,747 Other General Costs,12/06/2023,Expense,,Banfield,,Credit Card Payable,56.95,"1,164.58"
Total for 747 Other General Costs,,,,,,,,"$1,164.58",
716 Dues & Subscriptions,,,,,,,,,
,716 Dues & Subscriptions,01/06/2023,Credit Card Expense,,Macpractice Inc,,Credit Card Payable,326.95,326.95
,716 Dues & Subscriptions,01/11/2023,Expense,,AAPDORG,,Credit Card Payable,708.75,"1,035.70"
,716 Dues & Subscriptions,01/11/2023,Expense,,AAPDORG,,Credit Card Payable,400.00,"1,435.70"
,716 Dues & Subscriptions,01/12/2023,Check,2423,LSCMC Medical Staff,,Cash in BOA 0693,200.00,"1,635.70"
,716 Dues & Subscriptions,01/13/2023,Expense,,ABPD,,Credit Card Payable,150.00,"1,785.70"
,716 Dues & Subscriptions,01/13/2023,Expense,,ABPD,,Credit Card Payable,150.00,"1,935.70"
,716 Dues & Subscriptions,03/06/2023,Check,2444,LEMC Medical Staff,,Cash in BOA 0693,225.00,"2,160.70"
,716 Dues & Subscriptions,04/26/2023,Check,2470,PHSOR Annual Dues,,Cash in BOA 0693,250.00,"2,410.70"
,716 Dues & Subscriptions,05/25/2023,Expense,,AAPDORG,,Credit Card Payable,275.00,"2,685.70"
,716 Dues & Subscriptions,05/25/2023,Expense,,AAPDORG,,Credit Card Payable,275.00,"2,960.70"
,716 Dues & Subscriptions,07/21/2023,Expense,,Adobe,,Cash in BOA 0693,10.86,"2,971.56"
,716 Dues & Subscriptions,07/25/2023,Expense,,Google,,Cash in BOA 0693,2.16,"2,973.72"
,716 Dues & Subscriptions,07/31/2023,Expense,,Washington State Dental Society,,Credit Card Payable,699.00,"3,672.72"
,716 Dues & Subscriptions,08/02/2023,Expense,,DropBox,,Cash in BOA 0693,13.03,"3,685.75"
,716 Dues & Subscriptions,08/07/2023,Expense,,Google,,Cash in BOA 0693,24.99,"3,710.74"
,716 Dues & Subscriptions,08/14/2023,Expense,,Plex TV,,Cash in BOA 0693,39.99,"3,750.73"
,716 Dues & Subscriptions,08/14/2023,Expense,,Apple,,Cash in BOA 0693,7.60,"3,758.33"
,716 Dues & Subscriptions,08/16/2023,Expense,,Washington State Dental Society,,Credit Card Payable,213.00,"3,971.33"
,716 Dues & Subscriptions,11/13/2023,Expense,,ABPD,,Credit Card Payable,200.00,"4,171.33"
,716 Dues & Subscriptions,11/13/2023,Expense,,ABPD,,Credit Card Payable,200.00,"4,371.33"
,716 Dues & Subscriptions,11/13/2023,Expense,,ABPD,,Credit Card Payable,200.00,"4,571.33"
,716 Dues & Subscriptions,11/13/2023,Expense,,ABPD,,Credit Card Payable,200.00,"4,771.33"
,716 Dues & Subscriptions,11/13/2023,Expense,,American Academy of Pediatric Dent,,Credit Card Payable,690.00,"5,461.33"
,716 Dues & Subscriptions,11/13/2023,Expense,,American Academy of Pediatric Dent,,Credit Card Payable,915.00,"6,376.33"
Total for 716 Dues & Subscriptions,,,,,,,,"$6,376.33",
713 Licenses,,,,,,,,,
,713 Licenses,03/07/2023,Expense,,Oregon Board of Dentistry,,Credit Card Payable,468.50,468.50
,713 Licenses,07/27/2023,Expense,,Wa Secretary of State,,Credit Card Payable,120.00,588.50
,713 Licenses,07/27/2023,Expense,,Wa Department Of Health,,Credit Card Payable,417.50,"1,006.00"
,713 Licenses,07/27/2023,Expense,,Wa Department Of Health,,Credit Card Payable,417.50,"1,423.50"
,713 Licenses,08/04/2023,Expense,,Dea Registration,,Credit Card Payable,888.00,"2,311.50"
Total for 713 Licenses,,,,,,,,"$2,311.50",
Total for 716 Dues & Subscriptions with sub-accounts,,,,,,,,"$8,687.83",
728 Staff Meetings,,,,,,,,,
,728 Staff Meetings,01/13/2023,Expense,,black rock coffee,,Credit Card Payable,39.46,39.46
,728 Staff Meetings,01/16/2023,Expense,,Jersey Mike's,,Credit Card Payable,59.97,99.43
,728 Staff Meetings,01/19/2023,Expense,,MOD PIZZA,,Credit Card Payable,35.03,134.46
,728 Staff Meetings,01/20/2023,Expense,,black rock coffee,,Credit Card Payable,67.45,201.91
,728 Staff Meetings,01/23/2023,Expense,,Dominos,,Credit Card Payable,27.48,229.39
,728 Staff Meetings,01/24/2023,Expense,,Pho House,,Credit Card Payable,36.97,266.36
,728 Staff Meetings,01/25/2023,Expense,,Pho House,,Credit Card Payable,8.97,275.33
,728 Staff Meetings,01/30/2023,Expense,,MOD PIZZA,,Credit Card Payable,63.57,338.90
,728 Staff Meetings,01/31/2023,Expense,,Pho House,,Credit Card Payable,35.78,374.68
,728 Staff Meetings,01/31/2023,Expense,,Uber Eats,,Credit Card Payable,22.69,397.37
,728 Staff Meetings,02/03/2023,Expense,,Starbucks,,Credit Card Payable,20.96,418.33
,728 Staff Meetings,02/07/2023,Expense,,Pho House,,Credit Card Payable,30.56,448.89
,728 Staff Meetings,02/08/2023,Expense,,black rock coffee,,Credit Card Payable,17.65,466.54
,728 Staff Meetings,02/13/2023,Expense,,Starbucks,,Credit Card Payable,58.37,524.91
,728 Staff Meetings,02/15/2023,Expense,,Pho House,,Credit Card Payable,17.92,542.83
,728 Staff Meetings,02/17/2023,Expense,,Pho House,,Credit Card Payable,17.92,560.75
,728 Staff Meetings,02/20/2023,Expense,,Uber Eats,,Credit Card Payable,61.60,622.35
,728 Staff Meetings,02/22/2023,Expense,,Pho House,,Credit Card Payable,17.92,640.27
,728 Staff Meetings,02/24/2023,Expense,,MOD PIZZA,,Credit Card Payable,30.25,670.52
,728 Staff Meetings,03/01/2023,Expense,,Starbucks,,Credit Card Payable,10.34,680.86
,728 Staff Meetings,03/02/2023,Expense,,Pho House,,Credit Card Payable,8.15,689.01
,728 Staff Meetings,03/02/2023,Expense,,Pho House,,Credit Card Payable,17.92,706.93
,728 Staff Meetings,03/03/2023,Expense,,Starbucks,,Credit Card Payable,49.58,756.51
,728 Staff Meetings,03/06/2023,Expense,,Dominos,,Credit Card Payable,37.44,793.95
,728 Staff Meetings,03/06/2023,Expense,,MOD PIZZA,,Credit Card Payable,33.31,827.26
,728 Staff Meetings,03/09/2023,Expense,,Pho House,,Credit Card Payable,29.29,856.55
,728 Staff Meetings,03/10/2023,Expense,,BlackRock Coffee,,Credit Card Payable,80.10,936.65
,728 Staff Meetings,03/13/2023,Expense,,MOD PIZZA,,Credit Card Payable,37.16,973.81
,728 Staff Meetings,03/13/2023,Expense,,Starbucks,,Credit Card Payable,13.25,987.06
,728 Staff Meetings,03/15/2023,Expense,,Pho House,,Credit Card Payable,40.27,"1,027.33"
,728 Staff Meetings,03/16/2023,Expense,,Starbucks,,Credit Card Payable,13.47,"1,040.80"
,728 Staff Meetings,03/16/2023,Expense,,Starbucks,,Credit Card Payable,45.00,"1,085.80"
,728 Staff Meetings,03/16/2023,Expense,,Doordash,,Credit Card Payable,15.02,"1,100.82"
,728 Staff Meetings,03/20/2023,Expense,,Starbucks,,Credit Card Payable,7.55,"1,108.37"
,728 Staff Meetings,03/21/2023,Expense,,Uber Eats,,Credit Card Payable,67.44,"1,175.81"
,728 Staff Meetings,03/24/2023,Expense,,Starbucks,,Credit Card Payable,11.84,"1,187.65"
,728 Staff Meetings,03/27/2023,Expense,,Muchas Gracias,,Credit Card Payable,91.12,"1,278.77"
,728 Staff Meetings,03/27/2023,Expense,,BlackRock Coffee,,Credit Card Payable,21.48,"1,300.25"
,728 Staff Meetings,03/31/2023,Expense,,Dominos,,Credit Card Payable,36.22,"1,336.47"
,728 Staff Meetings,04/07/2023,Expense,,BlackRock Coffee,,Credit Card Payable,63.26,"1,399.73"
,728 Staff Meetings,04/07/2023,Expense,,BlackRock Coffee,,Credit Card Payable,15.36,"1,415.09"
,728 Staff Meetings,04/10/2023,Expense,,Pho House,,Credit Card Payable,28.04,"1,443.13"
,728 Staff Meetings,04/11/2023,Expense,,Starbucks,,Credit Card Payable,19.29,"1,462.42"
,728 Staff Meetings,04/13/2023,Expense,,Chipotle,,Credit Card Payable,28.38,"1,490.80"
,728 Staff Meetings,04/14/2023,Expense,,Doordash,,Credit Card Payable,15.03,"1,505.83"
,728 Staff Meetings,04/18/2023,Expense,,Pho House,,Credit Card Payable,29.90,"1,535.73"
,728 Staff Meetings,04/19/2023,Expense,,MOD PIZZA,,Credit Card Payable,33.34,"1,569.07"
,728 Staff Meetings,04/19/2023,Expense,,Starbucks,,Credit Card Payable,7.55,"1,576.62"
,728 Staff Meetings,04/20/2023,Expense,,Pho House,,Credit Card Payable,17.92,"1,594.54"
,728 Staff Meetings,04/24/2023,Expense,,Starbucks,,Credit Card Payable,5.38,"1,599.92"
,728 Staff Meetings,04/25/2023,Expense,,Starbucks,,Credit Card Payable,19.02,"1,618.94"
,728 Staff Meetings,04/26/2023,Expense,,Pho House,,Credit Card Payable,17.92,"1,636.86"
,728 Staff Meetings,04/27/2023,Expense,,Bellagios pizza,,Credit Card Payable,81.82,"1,718.68"
,728 Staff Meetings,05/04/2023,Expense,,Pho House,,Credit Card Payable,40.27,"1,758.95"
,728 Staff Meetings,05/08/2023,Expense,,Starbucks,,Credit Card Payable,19.07,"1,778.02"
,728 Staff Meetings,05/09/2023,Expense,,Pho House,,Credit Card Payable,8.15,"1,786.17"
,728 Staff Meetings,05/09/2023,Expense,,Pho House,,Credit Card Payable,26.82,"1,812.99"
,728 Staff Meetings,05/10/2023,Expense,,Pho House,,Credit Card Payable,17.92,"1,830.91"
,728 Staff Meetings,05/11/2023,Expense,,MOD PIZZA,,Credit Card Payable,33.34,"1,864.25"
,728 Staff Meetings,05/11/2023,Expense,,Pho House,,Credit Card Payable,17.92,"1,882.17"
,728 Staff Meetings,05/11/2023,Expense,,BlackRock Coffee,,Credit Card Payable,18.35,"1,900.52"
,728 Staff Meetings,05/15/2023,Expense,,Starbucks,,Credit Card Payable,21.20,"1,921.72"
,728 Staff Meetings,05/18/2023,Expense,,Uber Eats,,Credit Card Payable,56.48,"1,978.20"
,728 Staff Meetings,05/22/2023,Expense,,Starbucks,,Credit Card Payable,67.50,"2,045.70"
,728 Staff Meetings,05/22/2023,Expense,,Baskin,,Credit Card Payable,4.52,"2,050.22"
,728 Staff Meetings,05/24/2023,Expense,,Pho House,,Credit Card Payable,27.41,"2,077.63"
,728 Staff Meetings,05/25/2023,Expense,,Bellagios pizza,,Credit Card Payable,75.90,"2,153.53"
,728 Staff Meetings,05/29/2023,Expense,,Starbucks,,Credit Card Payable,6.69,"2,160.22"
,728 Staff Meetings,05/29/2023,Expense,,Charleys Philly Steaks,,Credit Card Payable,24.55,"2,184.77"
,728 Staff Meetings,05/29/2023,Expense,,GreenBeat,,Credit Card Payable,19.56,"2,204.33"
,728 Staff Meetings,05/29/2023,Expense,,Jamba Juice,,Credit Card Payable,20.38,"2,224.71"
,728 Staff Meetings,05/30/2023,Expense,,Dominos,,Credit Card Payable,22.16,"2,246.87"
,728 Staff Meetings,05/31/2023,Expense,,Pho House,,Credit Card Payable,17.92,"2,264.79"
,728 Staff Meetings,06/01/2023,Expense,,MOD PIZZA,,Credit Card Payable,33.34,"2,298.13"
,728 Staff Meetings,06/02/2023,Expense,,Starbucks,,Credit Card Payable,4.84,"2,302.97"
,728 Staff Meetings,06/08/2023,Expense,,Starbucks,,Credit Card Payable,18.04,"2,321.01"
,728 Staff Meetings,06/09/2023,Expense,,BlackRock Coffee,,Credit Card Payable,60.27,"2,381.28"
,728 Staff Meetings,06/12/2023,Expense,,Pita Pit,,Credit Card Payable,56.19,"2,437.47"
,728 Staff Meetings,06/13/2023,Expense,,Pho House,,Credit Card Payable,17.92,"2,455.39"
,728 Staff Meetings,06/13/2023,Expense,,Pho House,,Credit Card Payable,41.16,"2,496.55"
,728 Staff Meetings,06/15/2023,Expense,,Pho House,,Credit Card Payable,17.92,"2,514.47"
,728 Staff Meetings,06/16/2023,Expense,,Starbucks,,Credit Card Payable,12.45,"2,526.92"
,728 Staff Meetings,06/16/2023,Expense,,Dev's Coffee Bar,,Credit Card Payable,63.50,"2,590.42"
,728 Staff Meetings,06/19/2023,Expense,,MOD PIZZA,,Credit Card Payable,33.34,"2,623.76"
,728 Staff Meetings,06/22/2023,Expense,,Pho House,,Credit Card Payable,56.07,"2,679.83"
,728 Staff Meetings,06/23/2023,Expense,,Uber Eats,,Credit Card Payable,21.47,"2,701.30"
,728 Staff Meetings,06/23/2023,Expense,,BlackRock Coffee,,Credit Card Payable,12.90,"2,714.20"
,728 Staff Meetings,06/23/2023,Expense,,Mr Maple Donuts LLC,,Credit Card Payable,21.49,"2,735.69"
,728 Staff Meetings,06/26/2023,Expense,,BlackRock Coffee,,Credit Card Payable,23.48,"2,759.17"
,728 Staff Meetings,06/28/2023,Expense,,Dominos,,Credit Card Payable,28.74,"2,787.91"
,728 Staff Meetings,06/30/2023,Expense,,Pho House,,Credit Card Payable,17.92,"2,805.83"
,728 Staff Meetings,07/05/2023,Expense,,Uber Eats,,Credit Card Payable,61.50,"2,867.33"
,728 Staff Meetings,07/05/2023,Expense,,Uber Eats,,Credit Card Payable,11.97,"2,879.30"
,728 Staff Meetings,07/10/2023,Expense,,Starbucks,,Credit Card Payable,7.77,"2,887.07"
,728 Staff Meetings,07/10/2023,Expense,,Thai Terrace,,Credit Card Payable,18.31,"2,905.38"
,728 Staff Meetings,07/12/2023,Expense,,Dominos,,Credit Card Payable,28.74,"2,934.12"
,728 Staff Meetings,07/14/2023,Expense,,Pho House,,Credit Card Payable,37.57,"2,971.69"
,728 Staff Meetings,07/14/2023,Expense,,Starbucks,,Credit Card Payable,16.82,"2,988.51"
,728 Staff Meetings,07/17/2023,Expense,,Starbucks,,Credit Card Payable,65.11,"3,053.62"
,728 Staff Meetings,07/17/2023,Expense,,Doordash,,Credit Card Payable,85.60,"3,139.22"
,728 Staff Meetings,07/18/2023,Expense,,Pho House,,Credit Card Payable,40.27,"3,179.49"
,728 Staff Meetings,07/19/2023,Expense,,Dominos,,Credit Card Payable,29.99,"3,209.48"
,728 Staff Meetings,07/21/2023,Expense,,Wendy's,,Credit Card Payable,6.52,"3,216.00"
,728 Staff Meetings,07/21/2023,Expense,,Bellagios pizza,,Credit Card Payable,133.45,"3,349.45"
,728 Staff Meetings,07/24/2023,Expense,,Artly Coffee,,Credit Card Payable,12.02,"3,361.47"
,728 Staff Meetings,07/27/2023,Expense,,Starbucks,,Credit Card Payable,5.16,"3,366.63"
,728 Staff Meetings,07/27/2023,Expense,,subway,,Credit Card Payable,25.41,"3,392.04"
,728 Staff Meetings,07/28/2023,Expense,,Dev's Coffee Bar,,Credit Card Payable,70.72,"3,462.76"
,728 Staff Meetings,08/03/2023,Expense,,Pho House,,Credit Card Payable,38.65,"3,501.41"
,728 Staff Meetings,08/04/2023,Expense,,Uber Eats,,Credit Card Payable,19.38,"3,520.79"
,728 Staff Meetings,08/07/2023,Expense,,Dominos,,Credit Card Payable,24.99,"3,545.78"
,728 Staff Meetings,08/07/2023,Expense,,Starbucks,,Credit Card Payable,36.90,"3,582.68"
,728 Staff Meetings,08/09/2023,Expense,,Pho House,,Credit Card Payable,19.71,"3,602.39"
,728 Staff Meetings,08/11/2023,Expense,,Starbucks,,Credit Card Payable,6.69,"3,609.08"
,728 Staff Meetings,08/11/2023,Expense,,Nekter Juice Bar,,Credit Card Payable,108.50,"3,717.58"
,728 Staff Meetings,08/11/2023,Expense,,Panda Express,,Credit Card Payable,11.90,"3,729.48"
,728 Staff Meetings,08/16/2023,Expense,,Pho House,,Credit Card Payable,28.61,"3,758.09"
,728 Staff Meetings,08/24/2023,Expense,,Pho House,,Credit Card Payable,28.61,"3,786.70"
,728 Staff Meetings,08/24/2023,Expense,,Starbucks,,Credit Card Payable,12.28,"3,798.98"
,728 Staff Meetings,08/28/2023,Expense,,Starbucks,,Credit Card Payable,76.91,"3,875.89"
,728 Staff Meetings,08/29/2023,Expense,,Uber Eats,,Credit Card Payable,16.66,"3,892.55"
,728 Staff Meetings,08/30/2023,Expense,,Thai Terrace,,Credit Card Payable,168.88,"4,061.43"
,728 Staff Meetings,08/30/2023,Expense,,Thai Terrace,,Credit Card Payable,15.13,"4,076.56"
,728 Staff Meetings,09/01/2023,Expense,,Chipotle,,Credit Card Payable,14.67,"4,091.23"
,728 Staff Meetings,09/01/2023,Expense,,Mr Maple Donuts LLC,,Credit Card Payable,21.65,"4,112.88"
,728 Staff Meetings,09/04/2023,Expense,,Coldstone,,Credit Card Payable,31.49,"4,144.37"
,728 Staff Meetings,09/06/2023,Expense,,Coava Coffee,,Credit Card Payable,31.93,"4,176.30"
,728 Staff Meetings,09/08/2023,Expense,,Pho House,,Credit Card Payable,201.14,"4,377.44"
,728 Staff Meetings,09/08/2023,Expense,,Starbucks,,Credit Card Payable,6.79,"4,384.23"
,728 Staff Meetings,09/08/2023,Expense,,Uber Eats,,Credit Card Payable,30.82,"4,415.05"
,728 Staff Meetings,09/11/2023,Expense,,Starbucks,,Credit Card Payable,9.67,"4,424.72"
,728 Staff Meetings,09/12/2023,Expense,,Pho House,,Credit Card Payable,17.92,"4,442.64"
,728 Staff Meetings,09/15/2023,Expense,,Dev's Coffee Bar,,Credit Card Payable,82.22,"4,524.86"
,728 Staff Meetings,09/18/2023,Expense,,Panda Express,,Credit Card Payable,13.53,"4,538.39"
,728 Staff Meetings,09/21/2023,Expense,,Pho House,,Credit Card Payable,40.27,"4,578.66"
,728 Staff Meetings,09/21/2023,Expense,,MOD PIZZA,,Credit Card Payable,17.55,"4,596.21"
,728 Staff Meetings,09/25/2023,Expense,,Starbucks,,Credit Card Payable,17.77,"4,613.98"
,728 Staff Meetings,09/28/2023,Expense,,Starbucks,,Credit Card Payable,9.23,"4,623.21"
,728 Staff Meetings,09/28/2023,Expense,,Panda Express,,Credit Card Payable,11.89,"4,635.10"
,728 Staff Meetings,10/03/2023,Expense,,Uber Eats,,Credit Card Payable,23.71,"4,658.81"
,728 Staff Meetings,10/09/2023,Expense,,Starbucks,,Credit Card Payable,9.77,"4,668.58"
,728 Staff Meetings,10/09/2023,Expense,,Starbucks,,Credit Card Payable,81.31,"4,749.89"
,728 Staff Meetings,10/10/2023,Expense,,Pho House,,Credit Card Payable,28.61,"4,778.50"
,728 Staff Meetings,10/13/2023,Expense,,Starbucks,,Credit Card Payable,7.77,"4,786.27"
,728 Staff Meetings,10/17/2023,Expense,,Pho House,,Credit Card Payable,17.92,"4,804.19"
,728 Staff Meetings,10/18/2023,Expense,,BlackRock Coffee,,Credit Card Payable,12.24,"4,816.43"
,728 Staff Meetings,10/20/2023,Expense,,BlackRock Coffee,,Credit Card Payable,55.90,"4,872.33"
,728 Staff Meetings,10/23/2023,Expense,,Starbucks,,Credit Card Payable,7.77,"4,880.10"
,728 Staff Meetings,10/25/2023,Expense,,BlackRock Coffee,,Credit Card Payable,13.12,"4,893.22"
,728 Staff Meetings,10/26/2023,Expense,,BlackRock Coffee,,Credit Card Payable,6.33,"4,899.55"
,728 Staff Meetings,10/27/2023,Expense,,BlackRock Coffee,,Credit Card Payable,72.00,"4,971.55"
,728 Staff Meetings,11/01/2023,Expense,,Starbucks,,Credit Card Payable,10.00,"4,981.55"
,728 Staff Meetings,11/02/2023,Expense,,Pho House,,Credit Card Payable,36.97,"5,018.52"
,728 Staff Meetings,11/06/2023,Expense,,Five Guys,,Credit Card Payable,43.70,"5,062.22"
,728 Staff Meetings,11/07/2023,Expense,,Pho House,,Credit Card Payable,47.96,"5,110.18"
,728 Staff Meetings,11/08/2023,Expense,,Starbucks,,Credit Card Payable,13.97,"5,124.15"
,728 Staff Meetings,11/09/2023,Expense,,Uber Eats,,Credit Card Payable,24.77,"5,148.92"
,728 Staff Meetings,11/10/2023,Expense,,Pho House,,Credit Card Payable,28.04,"5,176.96"
,728 Staff Meetings,11/13/2023,Expense,,Starbucks,,Credit Card Payable,73.05,"5,250.01"
,728 Staff Meetings,11/13/2023,Expense,,Starbucks,,Credit Card Payable,24.61,"5,274.62"
,728 Staff Meetings,11/14/2023,Expense,,Uber Eats,,Credit Card Payable,24.27,"5,298.89"
,728 Staff Meetings,11/17/2023,Expense,,Uber Eats,,Credit Card Payable,23.67,"5,322.56"
,728 Staff Meetings,11/20/2023,Expense,,Uber Eats,,Credit Card Payable,17.08,"5,339.64"
,728 Staff Meetings,11/20/2023,Expense,,Starbucks,,Credit Card Payable,69.95,"5,409.59"
,728 Staff Meetings,11/22/2023,Expense,,Dominos,,Credit Card Payable,41.27,"5,450.86"
,728 Staff Meetings,11/28/2023,Expense,,Uber Eats,,Credit Card Payable,24.07,"5,474.93"
,728 Staff Meetings,12/07/2023,Expense,,Nothing Bundt Cakes,,Credit Card Payable,31.00,"5,505.93"
,728 Staff Meetings,12/07/2023,Expense,,Starbucks,,Credit Card Payable,12.39,"5,518.32"
,728 Staff Meetings,12/13/2023,Expense,,Chipotle,,Credit Card Payable,28.97,"5,547.29"
,728 Staff Meetings,12/13/2023,Expense,,Uber Eats,,Credit Card Payable,23.67,"5,570.96"
,728 Staff Meetings,12/14/2023,Expense,,Uber Eats,,Credit Card Payable,22.50,"5,593.46"
,728 Staff Meetings,12/18/2023,Expense,,Starbucks,,Credit Card Payable,70.98,"5,664.44"
,728 Staff Meetings,12/28/2023,Expense,,Pho House,,Credit Card Payable,48.80,"5,713.24"
,728 Staff Meetings,12/28/2023,Expense,,Pho House,,Credit Card Payable,7.55,"5,720.79"
Total for 728 Staff Meetings,,,,,,,,"$5,720.79",
706 Malpractice Insurance,,,,,,,,,
,706 Malpractice Insurance,01/25/2023,Expense,,The Hartford,,Cash in BOA 0693,648.60,648.60
,706 Malpractice Insurance,02/27/2023,Expense,,The Hartford,,Cash in BOA 0693,648.60,"1,297.20"
,706 Malpractice Insurance,03/27/2023,Expense,,The Hartford,,Cash in BOA 0693,648.60,"1,945.80"
,706 Malpractice Insurance,04/25/2023,Expense,,The Hartford,,Cash in BOA 0693,648.60,"2,594.40"
,706 Malpractice Insurance,05/02/2023,Expense,,Medical Protect - Office Liability Insurance,,Cash in BOA 0693,230.00,"2,824.40"
,706 Malpractice Insurance,05/02/2023,Expense,,Medical Protect - Office Liability Insurance,,Cash in BOA 0693,574.00,"3,398.40"
,706 Malpractice Insurance,05/25/2023,Expense,,The Hartford,,Cash in BOA 0693,648.60,"4,047.00"
,706 Malpractice Insurance,05/31/2023,Expense,,Medical Protect - Office Liability Insurance,,Cash in BOA 0693,"1,056.00","5,103.00"
,706 Malpractice Insurance,06/26/2023,Expense,,The Hartford,,Cash in BOA 0693,648.60,"5,751.60"
,706 Malpractice Insurance,07/03/2023,Expense,,Medical Protect - Office Liability Insurance,,Cash in BOA 0693,574.00,"6,325.60"
,706 Malpractice Insurance,07/25/2023,Expense,,The Hartford,,Cash in BOA 0693,648.60,"6,974.20"
,706 Malpractice Insurance,08/01/2023,Expense,,Medical Protect - Office Liability Insurance,,Cash in BOA 0693,173.00,"7,147.20"
,706 Malpractice Insurance,09/01/2023,Expense,,Medical Protect - Office Liability Insurance,,Cash in BOA 0693,793.00,"7,940.20"
,706 Malpractice Insurance,09/01/2023,Expense,,Medical Protect - Office Liability Insurance,,Cash in BOA 0693,574.00,"8,514.20"
,706 Malpractice Insurance,10/25/2023,Expense,,The Hartford,,Cash in BOA 0693,657.30,"9,171.50"
,706 Malpractice Insurance,11/02/2023,Expense,,Medical Protect - Office Liability Insurance,,Cash in BOA 0693,575.00,"9,746.50"
,706 Malpractice Insurance,11/02/2023,Expense,,Medical Protect - Office Liability Insurance,,Cash in BOA 0693,172.00,"9,918.50"
,706 Malpractice Insurance,11/27/2023,Expense,,The Hartford,,Cash in BOA 0693,657.30,"10,575.80"
,706 Malpractice Insurance,12/05/2023,Expense,,Medical Protect - Office Liability Insurance,,Cash in BOA 0693,792.00,"11,367.80"
,706 Malpractice Insurance,12/26/2023,Expense,,The Hartford,,Cash in BOA 0693,657.30,"12,025.10"
Total for 706 Malpractice Insurance,,,,,,,,"$12,025.10",
731 Laundry & Uniforms,,,,,,,,,
,731 Laundry & Uniforms,02/08/2023,Expense,,figs,,Credit Card Payable,158.78,158.78
,731 Laundry & Uniforms,05/22/2023,Expense,,Dress Code,,Credit Card Payable,72.20,230.98
,731 Laundry & Uniforms,06/15/2023,Expense,,Dress Code,,Credit Card Payable,231.54,462.52
,731 Laundry & Uniforms,07/05/2023,Expense,,Nike,,Credit Card Payable,966.75,"1,429.27"
,731 Laundry & Uniforms,07/10/2023,Expense,,Nike,,Credit Card Payable,326.00,"1,755.27"
,731 Laundry & Uniforms,07/13/2023,Expense,,Dress Code,,Credit Card Payable,"1,797.85","3,553.12"
,731 Laundry & Uniforms,07/14/2023,Expense,,Nike,,Credit Card Payable,108.67,"3,661.79"
,731 Laundry & Uniforms,07/14/2023,Expense,,figs,,Credit Card Payable,170.00,"3,831.79"
,731 Laundry & Uniforms,08/07/2023,Credit Card Credit,,Nike,,Credit Card Payable,-173.88,"3,657.91"
,731 Laundry & Uniforms,08/11/2023,Credit Card Credit,,figs,,Credit Card Payable,-90.54,"3,567.37"
,731 Laundry & Uniforms,09/19/2023,Expense,,Dress Code,,Credit Card Payable,123.50,"3,690.87"
,731 Laundry & Uniforms,09/21/2023,Expense,,figs,,Credit Card Payable,326.66,"4,017.53"
,731 Laundry & Uniforms,10/04/2023,Expense,,figs,,Credit Card Payable,160.01,"4,177.54"
,731 Laundry & Uniforms,10/17/2023,Expense,,Dress Code,,Credit Card Payable,30.97,"4,208.51"
,731 Laundry & Uniforms,10/18/2023,Credit Card Credit,,Dress Code,,Credit Card Payable,-86.72,"4,121.79"
,731 Laundry & Uniforms,12/01/2023,Expense,,Name Tag Country,,Credit Card Payable,158.15,"4,279.94"
Total for 731 Laundry & Uniforms,,,,,,,,"$4,279.94",
734 Trust Fees,,,,,,,,,
,734 Trust Fees,02/27/2023,Expense,,July Business Services,,Riverview Checking 6958,722.84,722.84
,734 Trust Fees,07/12/2023,Expense,,July Business Services,,Cash in BOA 0693,714.45,"1,437.29"
,734 Trust Fees,08/25/2023,Expense,,July Business Services,,Cash in BOA 0693,705.30,"2,142.59"
,734 Trust Fees,11/27/2023,Expense,,July Business Services,,Cash in BOA 0693,708.30,"2,850.89"
,734 Trust Fees,12/28/2023,Expense,,Pension Plan Specialists,,Cash in BOA 0693,"2,035.00","4,885.89"
Total for 734 Trust Fees,,,,,,,,"$4,885.89",
Total for GENERAL COSTS with sub-accounts,,,,,,,,"$189,133.46",
OCCUPANCY COSTS,,,,,,,,,
640 Telephone,,,,,,,,,
,640 Telephone,01/02/2023,Credit Card Expense,,tmobile,,Credit Card Payable,170.15,170.15
,640 Telephone,01/03/2023,Credit Card Expense,,Comcast,,Credit Card Payable,130.00,300.15
,640 Telephone,01/09/2023,Expense,,Ring Unlimited,,Credit Card Payable,10.85,311.00
,640 Telephone,01/25/2023,Expense,,Zayo Group,,Credit Card Payable,460.93,771.93
,640 Telephone,01/26/2023,Expense,,Sling.com,,Credit Card Payable,15.00,786.93
,640 Telephone,02/02/2023,Expense,,T-Mobile,,Credit Card Payable,170.18,957.11
,640 Telephone,02/03/2023,Expense,,Comcast,,Credit Card Payable,133.00,"1,090.11"
,640 Telephone,02/08/2023,Expense,,Ring Unlimited,,Credit Card Payable,10.86,"1,100.97"
,640 Telephone,02/15/2023,Expense,,Zayo Group,,Credit Card Payable,460.93,"1,561.90"
,640 Telephone,02/27/2023,Expense,,Sling.com,,Credit Card Payable,15.00,"1,576.90"
,640 Telephone,03/02/2023,Expense,,T-Mobile,,Credit Card Payable,169.00,"1,745.90"
,640 Telephone,03/03/2023,Expense,,Comcast,,Credit Card Payable,133.00,"1,878.90"
,640 Telephone,03/08/2023,Expense,,Ring Unlimited,,Credit Card Payable,10.86,"1,889.76"
,640 Telephone,03/15/2023,Expense,,Zayo Group,,Credit Card Payable,460.93,"2,350.69"
,640 Telephone,03/27/2023,Expense,,Sling.com,,Credit Card Payable,15.00,"2,365.69"
,640 Telephone,03/29/2023,Expense,,onhold,,Credit Card Payable,129.00,"2,494.69"
,640 Telephone,04/03/2023,Expense,,Comcast,,Credit Card Payable,133.00,"2,627.69"
,640 Telephone,04/03/2023,Expense,,T-Mobile,,Credit Card Payable,280.02,"2,907.71"
,640 Telephone,04/07/2023,Expense,,Ring Unlimited,,Credit Card Payable,10.86,"2,918.57"
,640 Telephone,04/15/2023,Expense,,Zayo Group,,Credit Card Payable,461.38,"3,379.95"
,640 Telephone,04/26/2023,Expense,,Sling.com,,Credit Card Payable,15.00,"3,394.95"
,640 Telephone,05/01/2023,Expense,,T-Mobile,,Credit Card Payable,279.40,"3,674.35"
,640 Telephone,05/03/2023,Expense,,Comcast,,Credit Card Payable,133.00,"3,807.35"
,640 Telephone,05/08/2023,Expense,,Ring Unlimited,,Credit Card Payable,10.87,"3,818.22"
,640 Telephone,05/15/2023,Expense,,Zayo Group,,Credit Card Payable,461.38,"4,279.60"
,640 Telephone,05/26/2023,Expense,,Sling.com,,Credit Card Payable,15.00,"4,294.60"
,640 Telephone,06/02/2023,Expense,,T-Mobile,,Credit Card Payable,224.20,"4,518.80"
,640 Telephone,06/05/2023,Expense,,Comcast,,Credit Card Payable,133.00,"4,651.80"
,640 Telephone,06/08/2023,Expense,,Ring Unlimited,,Credit Card Payable,10.87,"4,662.67"
,640 Telephone,06/15/2023,Expense,,Zayo Group,,Credit Card Payable,461.38,"5,124.05"
,640 Telephone,07/07/2023,Expense,,T-Mobile,,Credit Card Payable,224.20,"5,348.25"
,640 Telephone,07/07/2023,Expense,,onhold,,Credit Card Payable,129.00,"5,477.25"
,640 Telephone,07/10/2023,Expense,,Sling.com,,Credit Card Payable,15.00,"5,492.25"
,640 Telephone,07/10/2023,Expense,,Ring Unlimited,,Credit Card Payable,10.87,"5,503.12"
,640 Telephone,07/17/2023,Expense,,Zayo Group,,Credit Card Payable,461.38,"5,964.50"
,640 Telephone,07/18/2023,Expense,,Comcast,,Credit Card Payable,276.00,"6,240.50"
,640 Telephone,07/26/2023,Expense,,Sling.com,,Credit Card Payable,15.00,"6,255.50"
,640 Telephone,08/02/2023,Expense,,T-Mobile,,Credit Card Payable,273.00,"6,528.50"
,640 Telephone,08/08/2023,Expense,,Ring Unlimited,,Credit Card Payable,10.87,"6,539.37"
,640 Telephone,08/15/2023,Expense,,Zayo Group,,Credit Card Payable,461.38,"7,000.75"
,640 Telephone,08/28/2023,Expense,,Sling.com,,Credit Card Payable,15.00,"7,015.75"
,640 Telephone,09/04/2023,Expense,,Comcast,,Credit Card Payable,138.00,"7,153.75"
,640 Telephone,09/04/2023,Expense,,T-Mobile,,Credit Card Payable,189.00,"7,342.75"
,640 Telephone,09/08/2023,Expense,,Ring Unlimited,,Credit Card Payable,10.87,"7,353.62"
,640 Telephone,09/15/2023,Expense,,Zayo Group,,Credit Card Payable,461.38,"7,815.00"
,640 Telephone,09/26/2023,Expense,,Sling.com,,Credit Card Payable,15.00,"7,830.00"
,640 Telephone,09/29/2023,Expense,,on hold,,Credit Card Payable,129.00,"7,959.00"
,640 Telephone,10/02/2023,Expense,,T-Mobile,,Credit Card Payable,189.00,"8,148.00"
,640 Telephone,10/03/2023,Expense,,Comcast,,Credit Card Payable,101.66,"8,249.66"
,640 Telephone,10/09/2023,Expense,,Ring Unlimited,,Credit Card Payable,10.87,"8,260.53"
,640 Telephone,10/26/2023,Expense,,Sling.com,,Credit Card Payable,15.00,"8,275.53"
,640 Telephone,11/02/2023,Expense,,T-Mobile,,Credit Card Payable,189.00,"8,464.53"
,640 Telephone,11/03/2023,Expense,,Comcast,,Credit Card Payable,120.00,"8,584.53"
,640 Telephone,11/08/2023,Expense,,Ring Unlimited,,Credit Card Payable,10.87,"8,595.40"
,640 Telephone,12/04/2023,Expense,,T-Mobile,,Credit Card Payable,139.00,"8,734.40"
,640 Telephone,12/04/2023,Expense,,Comcast,,Credit Card Payable,120.00,"8,854.40"
,640 Telephone,12/08/2023,Expense,,Ring Unlimited,,Credit Card Payable,10.87,"8,865.27"
,640 Telephone,12/29/2023,Expense,,on hold,,Credit Card Payable,129.00,"8,994.27"
,640 Telephone,12/31/2023,Journal Entry,CPA 07,,,,"-1,248.08","7,746.19"
Total for 640 Telephone,,,,,,,,"$7,746.19",
637 Rent,,,,,,,,,
,637 Rent,01/03/2023,Expense,,Johnson Properties LLC,,Summit Checking 5809,"4,000.00","4,000.00"
,637 Rent,01/03/2023,Credit Card Expense,,Iron Gate Storage,,Credit Card Payable,112.50,"4,112.50"
,637 Rent,01/05/2023,Expense,,Johnson Properties LLC,,Summit Checking 5809,"8,500.00","12,612.50"
,637 Rent,01/13/2023,Expense,,Pacific Crest Plaza Condo Assoc,,Cash in BOA 0693,"1,895.63","14,508.13"
,637 Rent,02/02/2023,Expense,,Iron Gate Storage,,Credit Card Payable,112.50,"14,620.63"
,637 Rent,02/03/2023,Expense,,Johnson Properties LLC,,Summit Checking 5809,"4,000.00","18,620.63"
,637 Rent,02/06/2023,Expense,,Johnson Properties LLC,,Summit Checking 5809,"8,500.00","27,120.63"
,637 Rent,03/03/2023,Expense,,Johnson Properties LLC,,Summit Checking 5809,"4,000.00","31,120.63"
,637 Rent,03/03/2023,Expense,,Iron Gate Storage,,Credit Card Payable,112.50,"31,233.13"
,637 Rent,03/06/2023,Expense,,Johnson Properties LLC,,Summit Checking 5809,"8,500.00","39,733.13"
,637 Rent,03/17/2023,Expense,,Pacific Crest Plaza Condo Assoc,,Cash in BOA 0693,"1,949.99","41,683.12"
,637 Rent,04/03/2023,Expense,,Pacific Crest Plaza Condo Assoc,,Cash in BOA 0693,"1,954.13","43,637.25"
,637 Rent,04/03/2023,Expense,,Transfer,,Summit Checking 5809,"4,000.00","47,637.25"
,637 Rent,04/03/2023,Expense,,Iron Gate Storage,,Credit Card Payable,112.50,"47,749.75"
,637 Rent,04/05/2023,Expense,,Johnson Properties LLC,,Summit Checking 5809,"8,500.00","56,249.75"
,637 Rent,04/27/2023,Expense,,Pacific Crest Plaza Condo Assoc,,Cash in BOA 0693,"1,895.63","58,145.38"
,637 Rent,05/01/2023,Expense,,Iron Gate Storage,,Credit Card Payable,112.50,"58,257.88"
,637 Rent,05/03/2023,Expense,,Johnson Properties LLC,,Summit Checking 5809,"4,000.00","62,257.88"
,637 Rent,05/05/2023,Expense,,Johnson Properties LLC,,Summit Checking 5809,"8,500.00","70,757.88"
,637 Rent,05/25/2023,Expense,,Pacific Crest Plaza Condo Assoc,,Cash in BOA 0693,"1,895.63","72,653.51"
,637 Rent,06/02/2023,Expense,,Iron Gate Storage,,Credit Card Payable,112.50,"72,766.01"
,637 Rent,06/05/2023,Expense,,Johnson Properties LLC,,Summit Checking 5809,"8,500.00","81,266.01"
,637 Rent,06/05/2023,Expense,,Johnson Properties LLC,,Summit Checking 5809,"4,000.00","85,266.01"
,637 Rent,06/29/2023,Expense,,Pacific Crest Plaza Condo Assoc,,BOA Secondary Checking 0246,"1,952.87","87,218.88"
,637 Rent,07/03/2023,Expense,,Johnson Properties LLC,,Summit Checking 5809,"4,000.00","91,218.88"
,637 Rent,07/03/2023,Expense,,Iron Gate Storage,,Credit Card Payable,112.50,"91,331.38"
,637 Rent,07/05/2023,Expense,,Johnson Properties LLC,,Summit Checking 5809,"8,500.00","99,831.38"
,637 Rent,08/03/2023,Expense,,Johnson Properties LLC,,Summit Checking 5809,"4,000.00","103,831.38"
,637 Rent,08/03/2023,Expense,,Iron Gate Storage,,Credit Card Payable,112.50,"103,943.88"
,637 Rent,08/07/2023,Expense,,Johnson Properties LLC,,Summit Checking 5809,"8,500.00","112,443.88"
,637 Rent,08/24/2023,Expense,,Pacific Crest Plaza Condo Assoc,,BOA Secondary Checking 0246,"1,966.19","114,410.07"
,637 Rent,09/04/2023,Expense,,Iron Gate Storage,,Credit Card Payable,112.50,"114,522.57"
,637 Rent,09/05/2023,Expense,,Johnson Properties LLC,,Summit Checking 5809,"8,500.00","123,022.57"
,637 Rent,09/05/2023,Expense,,Johnson Properties LLC,,Summit Checking 5809,"4,000.00","127,022.57"
,637 Rent,09/28/2023,Expense,,Pacific Crest Plaza Condo Assoc,,BOA Secondary Checking 0246,"1,970.63","128,993.20"
,637 Rent,10/03/2023,Expense,,Johnson Properties LLC,,Summit Checking 5809,"4,000.00","132,993.20"
,637 Rent,10/03/2023,Expense,,Iron Gate Storage,,Credit Card Payable,112.50,"133,105.70"
,637 Rent,10/05/2023,Expense,,Johnson Properties LLC,,Summit Checking 5809,"8,500.00","141,605.70"
,637 Rent,11/02/2023,Expense,,Pacific Crest Plaza Condo Assoc,,BOA Secondary Checking 0246,"2,093.93","143,699.63"
,637 Rent,11/03/2023,Expense,,Johnson Properties LLC,,Summit Checking 5809,"4,000.00","147,699.63"
,637 Rent,11/03/2023,Expense,,Iron Gate Storage,,Credit Card Payable,112.50,"147,812.13"
,637 Rent,11/06/2023,Expense,,Johnson Properties LLC,,Summit Checking 5809,"8,500.00","156,312.13"
,637 Rent,11/29/2023,Expense,,Pacific Crest Plaza Condo Assoc,,BOA Secondary Checking 0246,"2,018.93","158,331.06"
,637 Rent,12/04/2023,Expense,,Johnson Properties LLC,,Summit Checking 5809,"4,000.00","162,331.06"
,637 Rent,12/04/2023,Expense,,Iron Gate Storage,,Credit Card Payable,112.50,"162,443.56"
,637 Rent,12/05/2023,Expense,,Johnson Properties LLC,,Summit Checking 5809,"8,500.00","170,943.56"
,637 Rent,12/15/2023,Expense,,Pacific Crest Plaza Condo Assoc,,BOA Secondary Checking 0246,"1,947.63","172,891.19"
,637 Rent,12/22/2023,Expense,,Pacific Crest Plaza Condo Assoc,,BOA Secondary Checking 0246,"1,895.63","174,786.82"
Total for 637 Rent,,,,,,,,"$174,786.82",
646 Repairs & Maintenance,,,,,,,,,
,646 Repairs & Maintenance,01/16/2023,Expense,,Home Depot,,Credit Card Payable,115.81,115.81
,646 Repairs & Maintenance,01/20/2023,Expense,,Roto-Rooter,,Credit Card Payable,597.30,713.11
,646 Repairs & Maintenance,01/23/2023,Expense,,Reliable mechanical,,Cash in BOA 0693,161.56,874.67
,646 Repairs & Maintenance,01/25/2023,Expense,,Covers & All,,Credit Card Payable,342.80,"1,217.47"
,646 Repairs & Maintenance,02/02/2023,Expense,,Scentair Technologies,,Credit Card Payable,97.29,"1,314.76"
,646 Repairs & Maintenance,02/02/2023,Expense,,Airgas West,,Credit Card Payable,133.23,"1,447.99"
,646 Repairs & Maintenance,02/16/2023,Expense,,Home Depot,,Credit Card Payable,80.01,"1,528.00"
,646 Repairs & Maintenance,03/02/2023,Expense,,Airgas West,,Credit Card Payable,78.78,"1,606.78"
,646 Repairs & Maintenance,03/03/2023,Expense,,Scentair Technologies,,Credit Card Payable,97.29,"1,704.07"
,646 Repairs & Maintenance,03/06/2023,Expense,,Henry Schein,,Cash in BOA 0693,109.42,"1,813.49"
,646 Repairs & Maintenance,03/10/2023,Expense,,Reliable mechanical,,Cash in BOA 0693,161.56,"1,975.05"
,646 Repairs & Maintenance,03/13/2023,Expense,,Home Depot,,Credit Card Payable,393.92,"2,368.97"
,646 Repairs & Maintenance,03/17/2023,Expense,,Reliable mechanical,,Cash in BOA 0693,161.56,"2,530.53"
,646 Repairs & Maintenance,04/03/2023,Expense,,Airgas West,,Credit Card Payable,162.49,"2,693.02"
,646 Repairs & Maintenance,04/04/2023,Expense,,Scentair Technologies,,Credit Card Payable,97.38,"2,790.40"
,646 Repairs & Maintenance,04/25/2023,Expense,,Home Depot,,Credit Card Payable,57.96,"2,848.36"
,646 Repairs & Maintenance,04/27/2023,Expense,,Reliable mechanical,,Cash in BOA 0693,161.56,"3,009.92"
,646 Repairs & Maintenance,04/29/2023,Expense,,Lowe's,,Credit Card Payable,99.74,"3,109.66"
,646 Repairs & Maintenance,05/01/2023,Expense,,Scentair Technologies,,Credit Card Payable,97.38,"3,207.04"
,646 Repairs & Maintenance,05/01/2023,Expense,,Airgas West,,Credit Card Payable,152.94,"3,359.98"
,646 Repairs & Maintenance,05/19/2023,Expense,,Shred NW,,Credit Card Payable,59.79,"3,419.77"
,646 Repairs & Maintenance,05/22/2023,Expense,,Parkrose Hardware,,Credit Card Payable,359.14,"3,778.91"
,646 Repairs & Maintenance,05/22/2023,Expense,,Home Depot,,Credit Card Payable,120.59,"3,899.50"
,646 Repairs & Maintenance,05/22/2023,Expense,,Home Depot,,Credit Card Payable,31.61,"3,931.11"
,646 Repairs & Maintenance,05/24/2023,Expense,,Solar FIlms,,Credit Card Payable,264.35,"4,195.46"
,646 Repairs & Maintenance,05/25/2023,Expense,,Reliable mechanical,,Cash in BOA 0693,161.56,"4,357.02"
,646 Repairs & Maintenance,06/02/2023,Expense,,Scentair Technologies,,Credit Card Payable,97.38,"4,454.40"
,646 Repairs & Maintenance,06/02/2023,Expense,,Airgas West,,Credit Card Payable,156.77,"4,611.17"
,646 Repairs & Maintenance,06/14/2023,Expense,,COV Fire Inspection,,Credit Card Payable,229.00,"4,840.17"
,646 Repairs & Maintenance,06/16/2023,Expense,,Home Depot,,Credit Card Payable,200.01,"5,040.18"
,646 Repairs & Maintenance,06/26/2023,Expense,,Lowe's,,Credit Card Payable,46.63,"5,086.81"
,646 Repairs & Maintenance,06/26/2023,Expense,,Home Depot,,Credit Card Payable,660.18,"5,746.99"
,646 Repairs & Maintenance,06/29/2023,Expense,,adcoa,,BOA Secondary Checking 0246,326.00,"6,072.99"
,646 Repairs & Maintenance,06/30/2023,Expense,,Reliable mechanical,,BOA Secondary Checking 0246,161.56,"6,234.55"
,646 Repairs & Maintenance,06/30/2023,Expense,,Shred NW,,Credit Card Payable,59.79,"6,294.34"
,646 Repairs & Maintenance,07/06/2023,Expense,,Maintenance Man,,Credit Card Payable,951.13,"7,245.47"
,646 Repairs & Maintenance,07/07/2023,Expense,,Home Depot,,Credit Card Payable,1.82,"7,247.29"
,646 Repairs & Maintenance,07/14/2023,Expense,,Lowe's,,Credit Card Payable,"1,030.13","8,277.42"
,646 Repairs & Maintenance,07/14/2023,Expense,,XTreme Junk Removal,,Credit Card Payable,65.00,"8,342.42"
,646 Repairs & Maintenance,07/27/2023,Expense,,Fire Extinguisher Service Center,,BOA Secondary Checking 0246,158.41,"8,500.83"
,646 Repairs & Maintenance,07/27/2023,Expense,,Reliable mechanical,,BOA Secondary Checking 0246,161.56,"8,662.39"
,646 Repairs & Maintenance,08/08/2023,Expense,,Wa Dept of Ecology,,BOA Secondary Checking 0246,65.00,"8,727.39"
,646 Repairs & Maintenance,08/08/2023,Expense,,Elite Dental Alliance,,Credit Card Payable,1.00,"8,728.39"
,646 Repairs & Maintenance,08/17/2023,Expense,,Shred NW,,BOA Secondary Checking 0246,59.79,"8,788.18"
,646 Repairs & Maintenance,08/18/2023,Expense,,Reliable mechanical,,BOA Secondary Checking 0246,161.56,"8,949.74"
,646 Repairs & Maintenance,08/18/2023,Expense,,Small Tech LLC,,Credit Card Payable,429.32,"9,379.06"
,646 Repairs & Maintenance,08/18/2023,Expense,,Small Tech LLC,,Credit Card Payable,49.83,"9,428.89"
,646 Repairs & Maintenance,08/25/2023,Expense,,Home Depot,,Credit Card Payable,27.14,"9,456.03"
,646 Repairs & Maintenance,08/29/2023,Expense,,Scentair Technologies,,Credit Card Payable,97.38,"9,553.41"
,646 Repairs & Maintenance,08/29/2023,Expense,,Scentair Technologies,,Credit Card Payable,97.38,"9,650.79"
,646 Repairs & Maintenance,09/04/2023,Expense,,Scentair Technologies,,Credit Card Payable,97.38,"9,748.17"
,646 Repairs & Maintenance,09/07/2023,Expense,,Shred NW,,BOA Secondary Checking 0246,59.79,"9,807.96"
,646 Repairs & Maintenance,09/14/2023,Expense,,Home Depot,,Credit Card Payable,118.48,"9,926.44"
,646 Repairs & Maintenance,09/28/2023,Expense,,Reliable mechanical,,BOA Secondary Checking 0246,161.56,"10,088.00"
,646 Repairs & Maintenance,10/03/2023,Expense,,Scentair Technologies,,Credit Card Payable,97.38,"10,185.38"
,646 Repairs & Maintenance,10/05/2023,Expense,,Shred NW,,BOA Secondary Checking 0246,59.79,"10,245.17"
,646 Repairs & Maintenance,10/13/2023,Expense,,Small Tech LLC,,Credit Card Payable,182.08,"10,427.25"
,646 Repairs & Maintenance,11/02/2023,Expense,,Reliable mechanical,,BOA Secondary Checking 0246,161.56,"10,588.81"
,646 Repairs & Maintenance,11/02/2023,Expense,,Shred NW,,BOA Secondary Checking 0246,59.79,"10,648.60"
,646 Repairs & Maintenance,11/02/2023,Expense,,Scentair Technologies,,Credit Card Payable,97.38,"10,745.98"
,646 Repairs & Maintenance,11/21/2023,Expense,,Maintenance Man,,Credit Card Payable,825.25,"11,571.23"
,646 Repairs & Maintenance,11/29/2023,Expense,,Reliable mechanical,,BOA Secondary Checking 0246,161.56,"11,732.79"
,646 Repairs & Maintenance,11/29/2023,Expense,,Shred NW,,BOA Secondary Checking 0246,59.79,"11,792.58"
,646 Repairs & Maintenance,11/30/2023,Expense,,Home Depot,,Credit Card Payable,29.29,"11,821.87"
,646 Repairs & Maintenance,12/04/2023,Expense,,Scentair Technologies,,Credit Card Payable,97.38,"11,919.25"
,646 Repairs & Maintenance,12/22/2023,Expense,,Reliable mechanical,,BOA Secondary Checking 0246,161.56,"12,080.81"
,646 Repairs & Maintenance,12/28/2023,Expense,,Shred NW,,BOA Secondary Checking 0246,59.79,"12,140.60"
Total for 646 Repairs & Maintenance,,,,,,,,"$12,140.60",
658 Janitorial Services & Supplies,,,,,,,,,
,658 Janitorial Services & Supplies,02/01/2023,Expense,,Debra Jensen,,Cash in BOA 0693,700.00,700.00
,658 Janitorial Services & Supplies,03/01/2023,Expense,,Debra Jensen,,Cash in BOA 0693,700.00,"1,400.00"
,658 Janitorial Services & Supplies,03/01/2023,Check,2433,Debra Jensen,,Cash in BOA 0693,700.00,"2,100.00"
,658 Janitorial Services & Supplies,03/31/2023,Expense,,Debra Jensen,,Cash in BOA 0693,700.00,"2,800.00"
,658 Janitorial Services & Supplies,05/01/2023,Expense,,Debra Jensen,,Cash in BOA 0693,700.00,"3,500.00"
,658 Janitorial Services & Supplies,06/01/2023,Deposit,,Debra Jensen,,Cash in BOA 0693,-700.00,"2,800.00"
,658 Janitorial Services & Supplies,06/01/2023,Expense,,Debra Jensen,,Cash in BOA 0693,700.00,"3,500.00"
,658 Janitorial Services & Supplies,06/30/2023,Expense,,Debra Jensen,,Cash in BOA 0693,700.00,"4,200.00"
,658 Janitorial Services & Supplies,08/01/2023,Expense,,Debra Jensen,,Cash in BOA 0693,700.00,"4,900.00"
,658 Janitorial Services & Supplies,09/01/2023,Expense,,Debra Jensen,,BOA Secondary Checking 0246,700.00,"5,600.00"
,658 Janitorial Services & Supplies,09/29/2023,Expense,,Debra Jensen,,BOA Secondary Checking 0246,700.00,"6,300.00"
,658 Janitorial Services & Supplies,11/01/2023,Expense,,Debra Jensen,,BOA Secondary Checking 0246,700.00,"7,000.00"
,658 Janitorial Services & Supplies,12/01/2023,Expense,,Debra Jensen,,BOA Secondary Checking 0246,700.00,"7,700.00"
,658 Janitorial Services & Supplies,12/29/2023,Expense,,Debra Jensen,,BOA Secondary Checking 0246,700.00,"8,400.00"
Total for 658 Janitorial Services & Supplies,,,,,,,,"$8,400.00",
Total for 646 Repairs & Maintenance with sub-accounts,,,,,,,,"$20,540.60",
643 Utilities,,,,,,,,,
,643 Utilities,01/25/2023,Expense,,Clark Public utilities,,Credit Card Payable,222.72,222.72
,643 Utilities,01/25/2023,Expense,,Clark Public utilities,,Credit Card Payable,227.04,449.76
,643 Utilities,02/23/2023,Expense,,Clark Public utilities,,Credit Card Payable,223.62,673.38
,643 Utilities,02/23/2023,Expense,,Clark Public utilities,,Credit Card Payable,217.98,891.36
,643 Utilities,03/23/2023,Expense,,Clark Public utilities,,Credit Card Payable,196.03,"1,087.39"
,643 Utilities,03/23/2023,Expense,,Clark Public utilities,,Credit Card Payable,194.15,"1,281.54"
,643 Utilities,04/24/2023,Expense,,Clark Public utilities,,Credit Card Payable,225.41,"1,506.95"
,643 Utilities,04/24/2023,Expense,,Clark Public utilities,,Credit Card Payable,220.02,"1,726.97"
,643 Utilities,05/23/2023,Expense,,Clark Public utilities,,Credit Card Payable,195.54,"1,922.51"
,643 Utilities,05/23/2023,Expense,,Clark Public utilities,,Credit Card Payable,197.66,"2,120.17"
,643 Utilities,06/23/2023,Expense,,Clark Public utilities,,Credit Card Payable,212.84,"2,333.01"
,643 Utilities,06/23/2023,Expense,,Clark Public utilities,,Credit Card Payable,211.29,"2,544.30"
,643 Utilities,08/04/2023,Expense,,Clark Public utilities,,Credit Card Payable,218.55,"2,762.85"
,643 Utilities,08/04/2023,Expense,,Clark Public utilities,,Credit Card Payable,215.29,"2,978.14"
,643 Utilities,08/23/2023,Expense,,Clark Public utilities,,Credit Card Payable,230.63,"3,208.77"
,643 Utilities,08/23/2023,Expense,,Clark Public utilities,,Credit Card Payable,231.21,"3,439.98"
,643 Utilities,09/26/2023,Expense,,Clark Public utilities,,Credit Card Payable,257.48,"3,697.46"
,643 Utilities,09/26/2023,Expense,,Clark Public utilities,,Credit Card Payable,241.16,"3,938.62"
,643 Utilities,10/24/2023,Expense,,Clark Public utilities,,Credit Card Payable,195.05,"4,133.67"
,643 Utilities,10/24/2023,Expense,,Clark Public utilities,,Credit Card Payable,196.11,"4,329.78"
,643 Utilities,11/24/2023,Expense,,Clark Public utilities,,Credit Card Payable,214.31,"4,544.09"
,643 Utilities,11/24/2023,Expense,,Clark Public utilities,,Credit Card Payable,211.37,"4,755.46"
,643 Utilities,12/26/2023,Expense,,Clark Public utilities,,Credit Card Payable,199.45,"4,954.91"
,643 Utilities,12/26/2023,Expense,,Clark Public utilities,,Credit Card Payable,201.41,"5,156.32"
Total for 643 Utilities,,,,,,,,"$5,156.32",
670 Real Property Tax,,,,,,,,,
,670 Real Property Tax,05/02/2023,Expense,,Washington State Department of Revenue,,Cash in BOA 0693,"9,331.46","9,331.46"
,670 Real Property Tax,11/02/2023,Expense,,Washington State Department of Revenue,,Summit Checking 5809,"9,331.06","18,662.52"
Total for 670 Real Property Tax,,,,,,,,"$18,662.52",
Total for OCCUPANCY COSTS with sub-accounts,,,,,,,,"$226,892.45",
DIRECT COSTS,,,,,,,,,
676 Dental Supplies,,,,,,,,,
,676 Dental Supplies,01/02/2023,Credit Card Expense,,Airgas West,,Credit Card Payable,232.45,232.45
,676 Dental Supplies,01/04/2023,Credit Card Expense,,Scentair Technologies,,Credit Card Payable,97.29,329.74
,676 Dental Supplies,01/09/2023,Expense,,Ortho Select LLC,,Credit Card Payable,"1,056.00","1,385.74"
,676 Dental Supplies,01/09/2023,Expense,,Henry Schein,,Credit Card Payable,81.44,"1,467.18"
,676 Dental Supplies,01/12/2023,Expense,,Henry Schein,,Credit Card Payable,271.38,"1,738.56"
,676 Dental Supplies,01/13/2023,Expense,,adcoa,,Cash in BOA 0693,81.00,"1,819.56"
,676 Dental Supplies,01/18/2023,Expense,,Henry Schein,,Credit Card Payable,"4,110.45","5,930.01"
,676 Dental Supplies,01/23/2023,Expense,,Allen Dental,,Cash in BOA 0693,199.42,"6,129.43"
,676 Dental Supplies,01/23/2023,Expense,,Patterson,,Cash in BOA 0693,162.63,"6,292.06"
,676 Dental Supplies,01/30/2023,Expense,,Henry Schein,,Credit Card Payable,"2,950.94","9,243.00"
,676 Dental Supplies,01/31/2023,Expense,,Henry Schein,,Credit Card Payable,424.14,"9,667.14"
,676 Dental Supplies,01/31/2023,Expense,,Bisco,,Credit Card Payable,167.24,"9,834.38"
,676 Dental Supplies,02/03/2023,Expense,,adcoa,,Cash in BOA 0693,58.40,"9,892.78"
,676 Dental Supplies,02/03/2023,Expense,,NuSmile,,Credit Card Payable,54.00,"9,946.78"
,676 Dental Supplies,02/07/2023,Expense,,Henry Schein,,Credit Card Payable,129.22,"10,076.00"
,676 Dental Supplies,02/07/2023,Expense,,Henry Schein,,Credit Card Payable,"2,094.91","12,170.91"
,676 Dental Supplies,02/07/2023,Expense,,Henry Schein,,Credit Card Payable,92.58,"12,263.49"
,676 Dental Supplies,02/10/2023,Expense,,Henry Schein,,Credit Card Payable,969.44,"13,232.93"
,676 Dental Supplies,02/10/2023,Expense,,Ortho Select LLC,,Credit Card Payable,88.00,"13,320.93"
,676 Dental Supplies,02/10/2023,Expense,,Ortho Select LLC,,Credit Card Payable,102.00,"13,422.93"
,676 Dental Supplies,02/15/2023,Expense,,Henry Schein,,Credit Card Payable,33.11,"13,456.04"
,676 Dental Supplies,02/16/2023,Expense,,Tess Oral Health,,Cash in BOA 0693,"1,327.47","14,783.51"
,676 Dental Supplies,02/22/2023,Expense,,Henry Schein,,Credit Card Payable,656.79,"15,440.30"
,676 Dental Supplies,02/22/2023,Expense,,Henry Schein,,Credit Card Payable,318.30,"15,758.60"
,676 Dental Supplies,02/23/2023,Expense,,Elevate Oral Care,,Credit Card Payable,362.84,"16,121.44"
,676 Dental Supplies,02/28/2023,Expense,,Henry Schein,,Credit Card Payable,184.79,"16,306.23"
,676 Dental Supplies,03/01/2023,Expense,,Henry Schein,,Credit Card Payable,71.00,"16,377.23"
,676 Dental Supplies,03/03/2023,Expense,,MediDental,,Credit Card Payable,611.54,"16,988.77"
,676 Dental Supplies,03/06/2023,Expense,,"Discus Dental, LLC",,Credit Card Payable,347.95,"17,336.72"
,676 Dental Supplies,03/07/2023,Expense,,Health First Corp,,Credit Card Payable,199.99,"17,536.71"
,676 Dental Supplies,03/09/2023,Expense,,Henry Schein,,Credit Card Payable,12.84,"17,549.55"
,676 Dental Supplies,03/09/2023,Expense,,Henry Schein,,Credit Card Payable,"2,269.32","19,818.87"
,676 Dental Supplies,03/09/2023,Expense,,NuSmile,,Credit Card Payable,207.00,"20,025.87"
,676 Dental Supplies,03/10/2023,Expense,,adcoa,,Cash in BOA 0693,648.85,"20,674.72"
,676 Dental Supplies,03/10/2023,Expense,,Allen Dental,,Cash in BOA 0693,430.64,"21,105.36"
,676 Dental Supplies,03/17/2023,Expense,,adcoa,,Cash in BOA 0693,35.81,"21,141.17"
,676 Dental Supplies,03/20/2023,Expense,,Henry Schein,,Credit Card Payable,"2,413.05","23,554.22"
,676 Dental Supplies,03/24/2023,Expense,,HF Acquisition,,Cash in BOA 0693,408.15,"23,962.37"
,676 Dental Supplies,03/27/2023,Expense,,Tru Tain,,Credit Card Payable,77.84,"24,040.21"
,676 Dental Supplies,03/28/2023,Expense,,Health First Corp,,Credit Card Payable,408.15,"24,448.36"
,676 Dental Supplies,04/03/2023,Expense,,adcoa,,Cash in BOA 0693,51.00,"24,499.36"
,676 Dental Supplies,04/03/2023,Expense,,Elevate Oral Care,,Credit Card Payable,418.81,"24,918.17"
,676 Dental Supplies,04/03/2023,Expense,,Henry Schein,,Credit Card Payable,12.85,"24,931.02"
,676 Dental Supplies,04/04/2023,Expense,,Henry Schein,,Credit Card Payable,"2,617.67","27,548.69"
,676 Dental Supplies,04/07/2023,Expense,,Pacific NW Specialty,,Credit Card Payable,52.50,"27,601.19"
,676 Dental Supplies,04/13/2023,Expense,,Ortho Select LLC,,Credit Card Payable,44.00,"27,645.19"
,676 Dental Supplies,04/13/2023,Expense,,Ortho Select LLC,,Credit Card Payable,78.00,"27,723.19"
,676 Dental Supplies,04/13/2023,Expense,,Henry Schein,,Credit Card Payable,"1,653.43","29,376.62"
,676 Dental Supplies,04/18/2023,Expense,,Henry Schein,,Credit Card Payable,50.44,"29,427.06"
,676 Dental Supplies,04/18/2023,Expense,,Henry Schein,,Credit Card Payable,"1,664.15","31,091.21"
,676 Dental Supplies,04/20/2023,Expense,,Henry Schein,,Credit Card Payable,144.52,"31,235.73"
,676 Dental Supplies,04/25/2023,Expense,,Denovo,,Credit Card Payable,758.05,"31,993.78"
,676 Dental Supplies,04/27/2023,Expense,,Patterson,,Cash in BOA 0693,161.81,"32,155.59"
,676 Dental Supplies,04/27/2023,Expense,,adcoa,,Cash in BOA 0693,86.81,"32,242.40"
,676 Dental Supplies,04/27/2023,Expense,,American Orthodontics,,Cash in BOA 0693,62.94,"32,305.34"
,676 Dental Supplies,05/01/2023,Expense,,Bisco,,Credit Card Payable,167.40,"32,472.74"
,676 Dental Supplies,05/01/2023,Expense,,Henry Schein,,Credit Card Payable,"1,988.06","34,460.80"
,676 Dental Supplies,05/08/2023,Expense,,Ortho Select LLC,,Credit Card Payable,122.00,"34,582.80"
,676 Dental Supplies,05/08/2023,Expense,,Ortho Select LLC,,Credit Card Payable,190.00,"34,772.80"
,676 Dental Supplies,05/18/2023,Expense,,adcoa,,Cash in BOA 0693,157.47,"34,930.27"
,676 Dental Supplies,05/18/2023,Expense,,Henry Schein,,Credit Card Payable,54.39,"34,984.66"
,676 Dental Supplies,05/18/2023,Expense,,Henry Schein,,Credit Card Payable,"2,048.56","37,033.22"
,676 Dental Supplies,05/25/2023,Expense,,adcoa,,Cash in BOA 0693,51.00,"37,084.22"
,676 Dental Supplies,05/25/2023,Expense,,Tess Oral Health,,Cash in BOA 0693,692.94,"37,777.16"
,676 Dental Supplies,05/29/2023,Expense,,Henry Schein,,Credit Card Payable,80.20,"37,857.36"
,676 Dental Supplies,06/01/2023,Expense,,Henry Schein,,Credit Card Payable,"1,712.57","39,569.93"
,676 Dental Supplies,06/09/2023,Expense,,adcoa,,Cash in BOA 0693,35.81,"39,605.74"
,676 Dental Supplies,06/14/2023,Expense,,Henry Schein,,Credit Card Payable,"2,845.24","42,450.98"
,676 Dental Supplies,06/15/2023,Expense,,Patterson,,BOA Secondary Checking 0246,325.38,"42,776.36"
,676 Dental Supplies,06/15/2023,Expense,,Henry Schein,,Credit Card Payable,40.10,"42,816.46"
,676 Dental Supplies,06/23/2023,Expense,,Henry Schein,,Credit Card Payable,"1,790.79","44,607.25"
,676 Dental Supplies,07/03/2023,Expense,,"Discus Dental, LLC",,Credit Card Payable,651.99,"45,259.24"
,676 Dental Supplies,07/07/2023,Expense,,adcoa,,BOA Secondary Checking 0246,35.81,"45,295.05"
,676 Dental Supplies,07/10/2023,Expense,,Bisco,,Credit Card Payable,167.40,"45,462.45"
,676 Dental Supplies,07/11/2023,Expense,,Denovo,,Credit Card Payable,100.23,"45,562.68"
,676 Dental Supplies,07/12/2023,Deposit,,Dentegra,,Cash in BOA 0693,-337.00,"45,225.68"
,676 Dental Supplies,07/12/2023,Expense,,Henry Schein,,Credit Card Payable,40.10,"45,265.78"
,676 Dental Supplies,07/19/2023,Expense,,Ultradent,,Credit Card Payable,95.59,"45,361.37"
,676 Dental Supplies,07/20/2023,Expense,,Henry Schein,,Credit Card Payable,"3,758.47","49,119.84"
,676 Dental Supplies,07/20/2023,Expense,,Designs for Vision,,Credit Card Payable,39.95,"49,159.79"
,676 Dental Supplies,07/21/2023,Expense,,Henry Schein,,BOA Secondary Checking 0246,"4,243.38","53,403.17"
,676 Dental Supplies,07/21/2023,Expense,,Henry Schein,,Credit Card Payable,55.66,"53,458.83"
,676 Dental Supplies,07/26/2023,Deposit,,Dentegra,,Cash in BOA 0693,-32.00,"53,426.83"
,676 Dental Supplies,07/27/2023,Expense,,Tess Oral Health,,BOA Secondary Checking 0246,144.24,"53,571.07"
,676 Dental Supplies,07/27/2023,Expense,,Patterson,,BOA Secondary Checking 0246,163.67,"53,734.74"
,676 Dental Supplies,08/01/2023,Expense,,Henry Schein,,Credit Card Payable,"1,971.66","55,706.40"
,676 Dental Supplies,08/02/2023,Deposit,,Dentegra,,Cash in BOA 0693,-150.00,"55,556.40"
,676 Dental Supplies,08/04/2023,Expense,,OrthoSelect,,BOA Secondary Checking 0246,107.00,"55,663.40"
,676 Dental Supplies,08/04/2023,Expense,,OrthoSelect,,BOA Secondary Checking 0246,175.00,"55,838.40"
,676 Dental Supplies,08/04/2023,Expense,,Henry Schein,,Credit Card Payable,20.76,"55,859.16"
,676 Dental Supplies,08/04/2023,Expense,,Health First Corp,,Credit Card Payable,599.83,"56,458.99"
,676 Dental Supplies,08/07/2023,Expense,,Pacific NW Specialty,,Credit Card Payable,146.00,"56,604.99"
,676 Dental Supplies,08/10/2023,Expense,,Tess Oral Health,,BOA Secondary Checking 0246,902.23,"57,507.22"
,676 Dental Supplies,08/11/2023,Expense,,Henry Schein,,BOA Secondary Checking 0246,332.26,"57,839.48"
,676 Dental Supplies,08/11/2023,Expense,,adcoa,,BOA Secondary Checking 0246,81.00,"57,920.48"
,676 Dental Supplies,08/16/2023,Expense,,Henry Schein,,Credit Card Payable,"3,187.24","61,107.72"
,676 Dental Supplies,08/18/2023,Expense,,Patterson,,BOA Secondary Checking 0246,161.96,"61,269.68"
,676 Dental Supplies,08/18/2023,Expense,,adcoa,,BOA Secondary Checking 0246,35.81,"61,305.49"
,676 Dental Supplies,08/18/2023,Expense,,Allen Dental,,BOA Secondary Checking 0246,187.51,"61,493.00"
,676 Dental Supplies,08/22/2023,Expense,,SML,,Credit Card Payable,183.55,"61,676.55"
,676 Dental Supplies,08/22/2023,Expense,,NuSmile,,Credit Card Payable,670.60,"62,347.15"
,676 Dental Supplies,08/23/2023,Expense,,Henry Schein,,Credit Card Payable,952.18,"63,299.33"
,676 Dental Supplies,08/24/2023,Expense,,Denovo,,Credit Card Payable,179.83,"63,479.16"
,676 Dental Supplies,08/30/2023,Check,2544,Light USA,Laser Tips,Cash in BOA 0693,749.34,"64,228.50"
,676 Dental Supplies,09/01/2023,Expense,,Ortho Select LLC,,Credit Card Payable,198.55,"64,427.05"
,676 Dental Supplies,09/01/2023,Expense,,Ortho Select LLC,,Credit Card Payable,166.00,"64,593.05"
,676 Dental Supplies,09/08/2023,Expense,,Brilite,,Credit Card Payable,123.20,"64,716.25"
,676 Dental Supplies,09/12/2023,Expense,,NuSmile,,Credit Card Payable,137.50,"64,853.75"
,676 Dental Supplies,09/13/2023,Expense,,Henry Schein,,Credit Card Payable,54.39,"64,908.14"
,676 Dental Supplies,09/13/2023,Expense,,Henry Schein,,Credit Card Payable,"2,098.09","67,006.23"
,676 Dental Supplies,09/13/2023,Expense,,Henry Schein,,Credit Card Payable,244.99,"67,251.22"
,676 Dental Supplies,09/22/2023,Expense,,OrthoSelect,,BOA Secondary Checking 0246,302.00,"67,553.22"
,676 Dental Supplies,09/25/2023,Expense,,Wholesale Filters,,Credit Card Payable,360.00,"67,913.22"
,676 Dental Supplies,09/26/2023,Expense,,Henry Schein,,Credit Card Payable,37.86,"67,951.08"
,676 Dental Supplies,09/26/2023,Expense,,Henry Schein,,Credit Card Payable,"2,115.78","70,066.86"
,676 Dental Supplies,09/27/2023,Expense,,NuSmile,,Credit Card Payable,225.00,"70,291.86"
,676 Dental Supplies,09/28/2023,Expense,,Tess Oral Health,,BOA Secondary Checking 0246,392.23,"70,684.09"
,676 Dental Supplies,09/28/2023,Expense,,Allen Dental,,BOA Secondary Checking 0246,20.87,"70,704.96"
,676 Dental Supplies,09/28/2023,Expense,,Patterson,,BOA Secondary Checking 0246,161.96,"70,866.92"
,676 Dental Supplies,09/28/2023,Expense,,adcoa,,BOA Secondary Checking 0246,322.00,"71,188.92"
,676 Dental Supplies,09/28/2023,Expense,,Benco Dental,,BOA Secondary Checking 0246,56.33,"71,245.25"
,676 Dental Supplies,10/04/2023,Deposit,,Dentegra,,Cash in BOA 0693,-85.96,"71,159.29"
,676 Dental Supplies,10/06/2023,Expense,,Henry Schein,,Credit Card Payable,574.17,"71,733.46"
,676 Dental Supplies,10/09/2023,Expense,,Bisco,,Credit Card Payable,167.40,"71,900.86"
,676 Dental Supplies,10/10/2023,Expense,,Henry Schein,,Credit Card Payable,31.14,"71,932.00"
,676 Dental Supplies,10/17/2023,Expense,,Health First Corp,,Credit Card Payable,399.84,"72,331.84"
,676 Dental Supplies,10/18/2023,Expense,,Health First Corp,,Credit Card Payable,199.99,"72,531.83"
,676 Dental Supplies,10/20/2023,Expense,,adcoa,,BOA Secondary Checking 0246,35.81,"72,567.64"
,676 Dental Supplies,10/20/2023,Expense,,Benco Dental,,BOA Secondary Checking 0246,"1,041.95","73,609.59"
,676 Dental Supplies,10/23/2023,Expense,,DC Dental,,Credit Card Payable,695.20,"74,304.79"
,676 Dental Supplies,10/26/2023,Expense,,Henry Schein,,Credit Card Payable,"2,696.18","77,000.97"
,676 Dental Supplies,11/02/2023,Expense,,adcoa,,BOA Secondary Checking 0246,35.81,"77,036.78"
,676 Dental Supplies,11/02/2023,Expense,,Benco Dental,,BOA Secondary Checking 0246,24.28,"77,061.06"
,676 Dental Supplies,11/02/2023,Expense,,Patterson,,BOA Secondary Checking 0246,161.96,"77,223.02"
,676 Dental Supplies,11/02/2023,Expense,,NuSmile,,Credit Card Payable,527.30,"77,750.32"
,676 Dental Supplies,11/06/2023,Expense,,Denovo,,Credit Card Payable,355.25,"78,105.57"
,676 Dental Supplies,11/08/2023,Deposit,,Dentegra,,Cash in BOA 0693,-88.00,"78,017.57"
,676 Dental Supplies,11/08/2023,Expense,,DC Dental,,Credit Card Payable,498.78,"78,516.35"
,676 Dental Supplies,11/10/2023,Expense,,DC Dental,,Credit Card Payable,40.85,"78,557.20"
,676 Dental Supplies,11/13/2023,Expense,,DC Dental,,Credit Card Payable,59.73,"78,616.93"
,676 Dental Supplies,11/16/2023,Expense,,Henry Schein,,Credit Card Payable,119.55,"78,736.48"
,676 Dental Supplies,11/16/2023,Expense,,Henry Schein,,Credit Card Payable,371.48,"79,107.96"
,676 Dental Supplies,11/16/2023,Expense,,Frontier Dental,,Credit Card Payable,288.06,"79,396.02"
,676 Dental Supplies,11/16/2023,Expense,,Ultradent,,Credit Card Payable,192.82,"79,588.84"
,676 Dental Supplies,11/16/2023,Expense,,Lewis River Dental,,Credit Card Payable,154.58,"79,743.42"
,676 Dental Supplies,11/16/2023,Expense,,Gateway Dental,,Credit Card Payable,161.22,"79,904.64"
,676 Dental Supplies,11/16/2023,Expense,,MVP Dental Supply,,Credit Card Payable,33.36,"79,938.00"
,676 Dental Supplies,11/17/2023,Expense,,First Dental Supply,,Credit Card Payable,239.70,"80,177.70"
,676 Dental Supplies,11/17/2023,Expense,,PA Dental,,Credit Card Payable,229.99,"80,407.69"
,676 Dental Supplies,11/20/2023,Expense,,"Discus Dental, LLC",,Credit Card Payable,567.18,"80,974.87"
,676 Dental Supplies,11/20/2023,Expense,,adcoa,,Credit Card Payable,110.80,"81,085.67"
,676 Dental Supplies,11/22/2023,Expense,,Procter & Gamble,,BOA Secondary Checking 0246,178.44,"81,264.11"
,676 Dental Supplies,11/24/2023,Expense,,Henry Schein,,Credit Card Payable,452.34,"81,716.45"
,676 Dental Supplies,11/24/2023,Expense,,DC Dental,,Credit Card Payable,707.19,"82,423.64"
,676 Dental Supplies,11/29/2023,Expense,,Tess Oral Health,,BOA Secondary Checking 0246,902.23,"83,325.87"
,676 Dental Supplies,11/30/2023,Expense,,NuSmile,,Credit Card Payable,606.30,"83,932.17"
,676 Dental Supplies,12/01/2023,Expense,,Trirock Dental,,Credit Card Payable,86.94,"84,019.11"
,676 Dental Supplies,12/04/2023,Expense,,Henry Schein,,Credit Card Payable,750.77,"84,769.88"
,676 Dental Supplies,12/07/2023,Expense,,Henry Schein,,Credit Card Payable,412.00,"85,181.88"
,676 Dental Supplies,12/07/2023,Expense,,Henry Schein,,Credit Card Payable,211.83,"85,393.71"
,676 Dental Supplies,12/13/2023,Expense,,Henry Schein,,Credit Card Payable,124.10,"85,517.81"
,676 Dental Supplies,12/14/2023,Expense,,Patterson,,BOA Secondary Checking 0246,161.96,"85,679.77"
,676 Dental Supplies,12/14/2023,Expense,,Denovo,,Credit Card Payable,171.14,"85,850.91"
,676 Dental Supplies,12/14/2023,Expense,,NuSmile,,Credit Card Payable,"1,020.50","86,871.41"
,676 Dental Supplies,12/18/2023,Expense,,Ortho Select LLC,,Credit Card Payable,39.00,"86,910.41"
,676 Dental Supplies,12/18/2023,Expense,,Ortho Select LLC,,Credit Card Payable,121.00,"87,031.41"
,676 Dental Supplies,12/18/2023,Expense,,Ortho Select LLC,,Credit Card Payable,102.00,"87,133.41"
,676 Dental Supplies,12/18/2023,Expense,,adcoa,,Credit Card Payable,69.82,"87,203.23"
,676 Dental Supplies,12/21/2023,Expense,,Henry Schein,,Credit Card Payable,"1,086.94","88,290.17"
,676 Dental Supplies,12/22/2023,Expense,,Patterson,,BOA Secondary Checking 0246,163.42,"88,453.59"
,676 Dental Supplies,12/26/2023,Expense,,Pacific NW Specialty,,Credit Card Payable,143.00,"88,596.59"
,676 Dental Supplies,12/28/2023,Expense,,Henry Schein,,Credit Card Payable,"2,665.89","91,262.48"
Total for 676 Dental Supplies,,,,,,,,"$91,262.48",
679 Lab Fees & X-Ray,,,,,,,,,
,679 Lab Fees & X-Ray,02/10/2023,Expense,,Excel Orthodontics,,Credit Card Payable,174.75,174.75
,679 Lab Fees & X-Ray,03/13/2023,Expense,,Excel Orthodontics,,Credit Card Payable,238.00,412.75
,679 Lab Fees & X-Ray,03/30/2023,Expense,,SML,,Credit Card Payable,103.75,516.50
,679 Lab Fees & X-Ray,04/13/2023,Expense,,Excel Orthodontics,,Credit Card Payable,170.25,686.75
,679 Lab Fees & X-Ray,05/08/2023,Expense,,Excel Orthodontics,,Credit Card Payable,499.75,"1,186.50"
,679 Lab Fees & X-Ray,06/23/2023,Expense,,Excel Orthodontics,,Credit Card Payable,317.50,"1,504.00"
,679 Lab Fees & X-Ray,07/21/2023,Expense,,Excel Orthodontics,,Credit Card Payable,159.00,"1,663.00"
,679 Lab Fees & X-Ray,08/11/2023,Expense,,Excel Orthodontics,,Credit Card Payable,187.00,"1,850.00"
,679 Lab Fees & X-Ray,09/22/2023,Expense,,Excel Orthodontics,,Credit Card Payable,505.50,"2,355.50"
,679 Lab Fees & X-Ray,10/13/2023,Expense,,Excel Orthodontics,,Credit Card Payable,360.00,"2,715.50"
,679 Lab Fees & X-Ray,11/02/2023,Expense,,Allen Dental,,BOA Secondary Checking 0246,146.75,"2,862.25"
,679 Lab Fees & X-Ray,11/09/2023,Expense,,Allen Dental,,BOA Secondary Checking 0246,241.86,"3,104.11"
,679 Lab Fees & X-Ray,11/20/2023,Expense,,Excel Orthodontics,,Credit Card Payable,363.00,"3,467.11"
,679 Lab Fees & X-Ray,12/18/2023,Expense,,Excel Orthodontics,,Credit Card Payable,401.00,"3,868.11"
Total for 679 Lab Fees & X-Ray,,,,,,,,"$3,868.11",
Total for DIRECT COSTS with sub-accounts,,,,,,,,"$95,130.59",
BILLING COSTS,,,,,,,,,
691 Credit Card Fees,,,,,,,,,
,691 Credit Card Fees,01/05/2023,Expense,,Merchant Fees,,Riverview Checking 6958,140.37,140.37
,691 Credit Card Fees,01/05/2023,Expense,,Merchant Solutions Billing,,Summit Checking 5809,383.31,523.68
,691 Credit Card Fees,02/03/2023,Expense,,Merchant Fees,,Riverview Checking 6958,118.88,642.56
,691 Credit Card Fees,02/03/2023,Expense,,Merchant Solutions Billing,,Summit Checking 5809,326.73,969.29
,691 Credit Card Fees,02/24/2023,Expense,,Merchant Fees,,Riverview Checking 6958,780.00,"1,749.29"
,691 Credit Card Fees,03/06/2023,Expense,,Merchant Fees,,Riverview Checking 6958,114.37,"1,863.66"
,691 Credit Card Fees,03/06/2023,Expense,,Merchant Solutions Billing,,Summit Checking 5809,221.72,"2,085.38"
,691 Credit Card Fees,04/03/2023,Expense,,Merchant Fees,,Riverview Checking 6958,159.77,"2,245.15"
,691 Credit Card Fees,04/03/2023,Expense,,Merchant Solutions Billing,,Summit Checking 5809,293.99,"2,539.14"
,691 Credit Card Fees,05/04/2023,Expense,,Merchant Fees,,Riverview Checking 6958,68.79,"2,607.93"
,691 Credit Card Fees,05/04/2023,Expense,,Merchant Solutions Billing,,Summit Checking 5809,267.22,"2,875.15"
,691 Credit Card Fees,06/05/2023,Expense,,Merchant Solutions Billing,,Summit Checking 5809,462.84,"3,337.99"
,691 Credit Card Fees,06/13/2023,Expense,,Merchant Solutions Billing,,Summit Checking 5809,49.62,"3,387.61"
,691 Credit Card Fees,07/06/2023,Expense,,Merchant Solutions Billing,,Summit Checking 5809,470.82,"3,858.43"
,691 Credit Card Fees,07/13/2023,Expense,,Merchant Solutions Billing,,Summit Checking 5809,49.62,"3,908.05"
,691 Credit Card Fees,08/03/2023,Expense,,Merchant Solutions Billing,,Summit Checking 5809,530.10,"4,438.15"
,691 Credit Card Fees,08/10/2023,Expense,,Merchant Solutions Billing,,Summit Checking 5809,49.62,"4,487.77"
,691 Credit Card Fees,09/05/2023,Expense,,Merchant Solutions Billing,,Summit Checking 5809,564.33,"5,052.10"
,691 Credit Card Fees,10/03/2023,Expense,,Merchant Solutions Billing,,Summit Checking 5809,416.47,"5,468.57"
,691 Credit Card Fees,11/02/2023,Expense,,Merchant Solutions Billing,,Summit Checking 5809,428.62,"5,897.19"
,691 Credit Card Fees,12/04/2023,Expense,,Merchant Solutions Billing,,Summit Checking 5809,330.64,"6,227.83"
Total for 691 Credit Card Fees,,,,,,,,"$6,227.83",
688 Data Processing,,,,,,,,,
,688 Data Processing,03/17/2023,Expense,,Macpractice Inc,,Credit Card Payable,326.95,326.95
,688 Data Processing,04/13/2023,Expense,,Macpractice Inc,,Credit Card Payable,326.95,653.90
,688 Data Processing,04/15/2023,Expense,,Macpractice Inc,,Credit Card Payable,326.95,980.85
,688 Data Processing,05/15/2023,Expense,,Macpractice Inc,,Credit Card Payable,326.96,"1,307.81"
,688 Data Processing,05/29/2023,Expense,,Macpractice Inc,,Credit Card Payable,200.00,"1,507.81"
,688 Data Processing,06/12/2023,Expense,,Macpractice Inc,,Credit Card Payable,326.96,"1,834.77"
,688 Data Processing,07/20/2023,Expense,,Macpractice Inc,,Credit Card Payable,326.96,"2,161.73"
,688 Data Processing,09/01/2023,Expense,,Macpractice Inc,,Credit Card Payable,326.96,"2,488.69"
,688 Data Processing,09/04/2023,Expense,,Macpractice Inc,,Credit Card Payable,"4,824.99","7,313.68"
,688 Data Processing,09/21/2023,Expense,,Macpractice Inc,,Credit Card Payable,326.96,"7,640.64"
,688 Data Processing,10/30/2023,Expense,,Macpractice Inc,,Credit Card Payable,326.96,"7,967.60"
,688 Data Processing,11/27/2023,Expense,,Macpractice Inc,,Credit Card Payable,326.96,"8,294.56"
,688 Data Processing,12/18/2023,Expense,,Macpractice Inc,,Credit Card Payable,326.96,"8,621.52"
Total for 688 Data Processing,,,,,,,,"$8,621.52",
Total for BILLING COSTS with sub-accounts,,,,,,,,"$14,849.35",
ASSOCIATES' EXPENSES,,,,,,,,,
850 Associates' Salaries,,,,,,,,,
,850 Associates' Salaries,12/31/2023,Journal Entry,CPA 01,,,,"41,481.90","41,481.90"
Total for 850 Associates' Salaries,,,,,,,,"$41,481.90",
862 Associates' Payroll Taxes,,,,,,,,,
,862 Associates' Payroll Taxes,12/31/2023,Journal Entry,CPA 01,,,,"3,521.39","3,521.39"
Total for 862 Associates' Payroll Taxes,,,,,,,,"$3,521.39",
Total for ASSOCIATES' EXPENSES with sub-accounts,,,,,,,,"$45,003.29",
309 Summit Bank - Building Loan,,,,,,,,,
,Beginning Balance,,,,,,,,0.00
Total for 309 Summit Bank - Building Loan,,,,,,,,$0.00,
467 Capital Contributed,,,,,,,,,
,Beginning Balance,,,,,,,,0.00
Total for 467 Capital Contributed,,,,,,,,$0.00,
231 Leasehold Improvements,,,,,,,,,
,Beginning Balance,,,,,,,,"559,005.52"
Total for 231 Leasehold Improvements,,,,,,,,$0.00,
106 Riverview Checking 5390,,,,,,,,,
,Beginning Balance,,,,,,,,0.00
Total for 106 Riverview Checking 5390,,,,,,,,$0.00,
304 EIDL Loan Payable,,,,,,,,,
,Beginning Balance,,,,,,,,0.00
Total for 304 EIDL Loan Payable,,,,,,,,$0.00,
"318 Contract Payable, current",,,,,,,,,
,Beginning Balance,,,,,,,,0.00
"Total for 318 Contract Payable, current",,,,,,,,$0.00,
282 Deposits,,,,,,,,,
,Beginning Balance,,,,,,,,"12,999.58"
Total for 282 Deposits,,,,,,,,$0.00,
308 Equipment Payable,,,,,,,,,
,Beginning Balance,,,,,,,,0.00
Total for 308 Equipment Payable,,,,,,,,$0.00,
136 Due from Johnson Properties,,,,,,,,,
,Beginning Balance,,,,,,,,0.00
Total for 136 Due from Johnson Properties,,,,,,,,$0.00,
209 Equipment & Furniture,,,,,,,,,
,Beginning Balance,,,,,,,,"525,732.74"
Total for 209 Equipment & Furniture,,,,,,,,$0.00,
302 River View Note Payable #6020,,,,,,,,,
,Beginning Balance,,,,,,,,0.00
Total for 302 River View Note Payable #6020,,,,,,,,$0.00,
Opening Balance Equity,,,,,,,,,
,Beginning Balance,,,,,,,,0.00
Total for Opening Balance Equity,,,,,,,,$0.00,
192 Prepaid Taxes,,,,,,,,,
,Beginning Balance,,,,,,,,0.00
Total for 192 Prepaid Taxes,,,,,,,,$0.00,
305 Line of Credit,,,,,,,,,
,Beginning Balance,,,,,,,,0.00
Total for 305 Line of Credit,,,,,,,,$0.00,
312 PPP Loan,,,,,,,,,
,Beginning Balance,,,,,,,,0.00
Total for 312 PPP Loan,,,,,,,,$0.00,
320 Payroll Taxes Payable,,,,,,,,,
,Beginning Balance,,,,,,,,0.00
Total for 320 Payroll Taxes Payable,,,,,,,,$0.00,
Credit Card,,,,,,,,,
,Beginning Balance,,,,,,,,0.00
Total for Credit Card,,,,,,,,$0.00,
Prashant BOA card (deleted),,,,,,,,,
,Beginning Balance,,,,,,,,0.00
Total for Prashant BOA card (deleted),,,,,,,,$0.00,
Tamie BOA card (deleted),,,,,,,,,
,Beginning Balance,,,,,,,,0.00
Total for Tamie BOA card (deleted),,,,,,,,$0.00,
Credit Card Master (deleted),,,,,,,,,
,Beginning Balance,,,,,,,,0.00
Total for Credit Card Master (deleted),,,,,,,,$0.00,
Total for Credit Card with sub-accounts,,,,,,,,$0.00,
135 Due from Employees,,,,,,,,,
,Beginning Balance,,,,,,,,0.00
Total for 135 Due from Employees,,,,,,,,$0.00,
193 Prepaid Payroll,,,,,,,,,
,Beginning Balance,,,,,,,,0.00
Total for 193 Prepaid Payroll,,,,,,,,$0.00,
301 Note Payable,,,,,,,,,
,Beginning Balance,,,,,,,,0.00
Total for 301 Note Payable,,,,,,,,$0.00,
211 Automobiles,,,,,,,,,
,Beginning Balance,,,,,,,,0.00
Total for 211 Automobiles,,,,,,,,$0.00,
428 Due to Employees,,,,,,,,,
,Beginning Balance,,,,,,,,0.00
Total for 428 Due to Employees,,,,,,,,$0.00,
283 Cap Cost Reduction,,,,,,,,,
,Beginning Balance,,,,,,,,0.00
Total for 283 Cap Cost Reduction,,,,,,,,$0.00,
321 Garnishment Payable,,,,,,,,,
,Beginning Balance,,,,,,,,0.00
Total for 321 Garnishment Payable,,,,,,,,$0.00,
204 Assets Not Yet In Service,,,,,,,,,
,Beginning Balance,,,,,,,,"1,000.00"
Total for 204 Assets Not Yet In Service,,,,,,,,$0.00,
Uncategorized Asset,,,,,,,,,
,Beginning Balance,,,,,,,,0.00
Total for Uncategorized Asset,,,,,,,,$0.00,
,,,,,,,,,
,,,,,,,,,
,,,,,,,,,
"Accrual Basis Thursday, April 17, 2025 10:19 PM GMTZ",,,,,,,,,
